v3.0 hex words addressed
0000: 02000513 05a00593 00b52023 00052603 00b00593 00b500a3 00154683 01c00067
0008: ff014183 003401b3 0001c183 ff114203 00440233 00024203 004181b3 ff214203
0010: 00440233 00024203 004181b3 ff314203 00440233 00024203 004181b3 40000213
0018: 00320233 00024203 ffc12403 00420233 00420233 00410233 09400193 fe312823
0020: 09000193 fe312623 fec22203 00020067 00008067 ff410113 00100513 00112423
0028: 22400093 000080e7 ff010113 00112623 00012023 00100793 06500693 00012703
0030: 00f70733 00e12023 00178793 fef12823 fed12623 fe812e23 fe912c23 30000413
0038: ff014183 00340233 00100193 00320023 fec14183 003401b3 00018023 00024183
0040: ff114483 00940233 00100493 00920023 fed14483 009404b3 00048023 00024483
0048: 009181b3 ff214483 00940233 00100493 00920023 fee14483 009404b3 00048023
0050: 00024483 009181b3 ff314483 00940233 00100493 00920023 fef14483 009404b3
0058: 00048023 00024483 009181b3 40000213 00320233 00024203 ff812483 ffc12403
0060: 00420233 00420233 00410233 1a400193 fe312823 0bc00193 fe312623 fec22203
0068: 00020067 00012503 fffff7b7 c4678793 00f50533 fea12823 fe812e23 40800413
0070: ff014183 003401b3 0001c183 ff114203 00440233 00024203 004181b3 ff214203
0078: 00440233 00024203 004181b3 ff314203 00440233 00024203 004181b3 40000213
0080: 00320233 00024503 ffc12403 01400093 000080e7 00c12083 00000513 01010113
0088: 00008067 22400213 00020067 ff410113 00048537 60050513 00112423 0a800093
0090: 000080e7 22400093 000080e7 00000000 00000000 00000000 00000000 00000000
0098: 00000000 00000000 00000000 00000000 00000000 00000000 00000000 00000000
00a0: 00000000 00000000 00000000 00000000 00000000 00000000 00000000 00000000
00a8: 00000000 00000000 00000000 00000000 00000000 00000000 00000000 00000000
00b0: 00000000 00000000 00000000 00000000 00000000 00000000 00000000 00000000
00b8: 00000000 00000000 00000000 00000000 00000000 00000000 00000000 00000000
00c0: 00000000 00000000 00000000 00000000 00000000 00000000 00000000 00000000
00c8: 00000000 00000000 00000000 00000000 00000000 00000000 00000000 00000000
00d0: 00000000 00000000 00000000 00000000 00000000 00000000 00000000 00000000
00d8: 00000000 00000000 00000000 00000000 00000000 00000000 00000000 00000000
00e0: 00000000 00000000 00000000 00000000 00000000 00000000 00000000 00000000
00e8: 00000000 00000000 00000000 00000000 00000000 00000000 00000000 00000000
00f0: 00000000 00000000 00000000 00000000 00000000 00000000 00000000 00000000
00f8: 00000000 00000000 00000000 00000000 00000000 00000000 00000000 00000000
0100: 00000001 00000000 01010100 01010101 01010101 01010101 01010101 01010101
0108: 01010101 01010101 01010101 01010101 01010101 01010101 01010101 01010101
0110: 01010101 01010101 01010101 01010101 01010101 01010101 01010101 01010101
0118: 01010101 01010101 01010101 01010101 01010101 01010101 01010101 01010101
0120: 01010101 01010101 01010101 01010101 01010101 01010101 01010101 01010101
0128: 01010101 01010101 01010101 01010101 01010101 01010101 01010101 01010101
0130: 01010101 01010101 01010101 01010101 01010101 01010101 01010101 01010101
0138: 01010101 01010101 01010101 01010101 01010101 01010101 01010101 01010101
0140: 01010101 01010101 00000100 01000101 01010100 01000000 01010100 00000000
0148: 00000000 00000000 00000000 00000000 00000000 00000000 00000000 00000000
0150: 00000000 00000000 00000000 00000000 00000000 00000000 00000000 00000000
0158: 00000000 00000000 00000000 00000000 00000000 00000000 00000000 00000000
0160: 00000000 00000000 00000000 00000000 00000000 00000000 00000000 00000000
0168: 00000000 00000000 00000000 00000000 00000000 00000000 00000000 00000000
0170: 00000000 00000000 00000000 00000000 00000000 00000000 00000000 00000000
0178: 00000000 00000000 00000000 00000000 00000000 00000000 00000000 00000000
0180: 00000000 00000000 00000000 00000000 00000000 00000000 00000000 00000000
0188: 00000000 00000000 00000000 00000000 00000000 00000000 00000000 00000000
0190: 00000000 00000000 00000000 00000000 00000000 00000000 00000000 00000000
0198: 00000000 00000000 00000000 00000000 00000000 00000000 00000000 00000000
01a0: 00000000 00000000 00000000 00000000 00000000 00000000 00000000 00000000
01a8: 00000000 00000000 00000000 00000000 00000000 00000000 00000000 00000000
01b0: 00000000 00000000 00000000 00000000 00000000 00000000 00000000 00000000
01b8: 00000000 00000000 00000000 00000000 00000000 00000000 00000000 00000000
01c0: 01000100 01000100 01000100 01000100 01000100 01000100 01000100 01000100
01c8: 01000100 01000100 01000100 01000100 01000100 01000100 01000100 01000100
01d0: 01000100 01000100 01000100 01000100 01000100 01000100 01000100 01000100
01d8: 01000100 01000100 01000100 01000100 01000100 01000100 01000100 01000100
01e0: 01000100 01000100 01000100 01000100 01000100 01000100 01000100 01000100
01e8: 01000100 01000100 01000100 01000100 01000100 01000100 01000100 01000100
01f0: 01000100 01000100 01000100 01000100 01000100 01000100 01000100 01000100
01f8: 01000100 01000100 01000100 01000100 01000100 01000100 01000100 01000100
0200: 02020000 02020000 02020000 02020000 02020000 02020000 02020000 02020000
0208: 02020000 02020000 02020000 02020000 02020000 02020000 02020000 02020000
0210: 02020000 02020000 02020000 02020000 02020000 02020000 02020000 02020000
0218: 02020000 02020000 02020000 02020000 02020000 02020000 02020000 02020000
0220: 02020000 02020000 02020000 02020000 02020000 02020000 02020000 02020000
0228: 02020000 02020000 02020000 02020000 02020000 02020000 02020000 02020000
0230: 02020000 02020000 02020000 02020000 02020000 02020000 02020000 02020000
0238: 02020000 02020000 02020000 02020000 02020000 02020000 02020000 02020000
0240: 03020100 03020100 03020100 03020100 03020100 03020100 03020100 03020100
0248: 03020100 03020100 03020100 03020100 03020100 03020100 03020100 03020100
0250: 03020100 03020100 03020100 03020100 03020100 03020100 03020100 03020100
0258: 03020100 03020100 03020100 03020100 03020100 03020100 03020100 03020100
0260: 03020100 03020100 03020100 03020100 03020100 03020100 03020100 03020100
0268: 03020100 03020100 03020100 03020100 03020100 03020100 03020100 03020100
0270: 03020100 03020100 03020100 03020100 03020100 03020100 03020100 03020100
0278: 03020100 03020100 03020100 03020100 03020100 03020100 03020100 03020100
0280: 00000000 04040404 00000000 04040404 00000000 04040404 00000000 04040404
0288: 00000000 04040404 00000000 04040404 00000000 04040404 00000000 04040404
0290: 00000000 04040404 00000000 04040404 00000000 04040404 00000000 04040404
0298: 00000000 04040404 00000000 04040404 00000000 04040404 00000000 04040404
02a0: 00000000 04040404 00000000 04040404 00000000 04040404 00000000 04040404
02a8: 00000000 04040404 00000000 04040404 00000000 04040404 00000000 04040404
02b0: 00000000 04040404 00000000 04040404 00000000 04040404 00000000 04040404
02b8: 00000000 04040404 00000000 04040404 00000000 04040404 00000000 04040404
02c0: 01000100 05040504 01000100 05040504 01000100 05040504 01000100 05040504
02c8: 01000100 05040504 01000100 05040504 01000100 05040504 01000100 05040504
02d0: 01000100 05040504 01000100 05040504 01000100 05040504 01000100 05040504
02d8: 01000100 05040504 01000100 05040504 01000100 05040504 01000100 05040504
02e0: 01000100 05040504 01000100 05040504 01000100 05040504 01000100 05040504
02e8: 01000100 05040504 01000100 05040504 01000100 05040504 01000100 05040504
02f0: 01000100 05040504 01000100 05040504 01000100 05040504 01000100 05040504
02f8: 01000100 05040504 01000100 05040504 01000100 05040504 01000100 05040504
0300: 02020000 06060404 02020000 06060404 02020000 06060404 02020000 06060404
0308: 02020000 06060404 02020000 06060404 02020000 06060404 02020000 06060404
0310: 02020000 06060404 02020000 06060404 02020000 06060404 02020000 06060404
0318: 02020000 06060404 02020000 06060404 02020000 06060404 02020000 06060404
0320: 02020000 06060404 02020000 06060404 02020000 06060404 02020000 06060404
0328: 02020000 06060404 02020000 06060404 02020000 06060404 02020000 06060404
0330: 02020000 06060404 02020000 06060404 02020000 06060404 02020000 06060404
0338: 02020000 06060404 02020000 06060404 02020000 06060404 02020000 06060404
0340: 03020100 07060504 03020100 07060504 03020100 07060504 03020100 07060504
0348: 03020100 07060504 03020100 07060504 03020100 07060504 03020100 07060504
0350: 03020100 07060504 03020100 07060504 03020100 07060504 03020100 07060504
0358: 03020100 07060504 03020100 07060504 03020100 07060504 03020100 07060504
0360: 03020100 07060504 03020100 07060504 03020100 07060504 03020100 07060504
0368: 03020100 07060504 03020100 07060504 03020100 07060504 03020100 07060504
0370: 03020100 07060504 03020100 07060504 03020100 07060504 03020100 07060504
0378: 03020100 07060504 03020100 07060504 03020100 07060504 03020100 07060504
0380: 00000000 00000000 08080808 08080808 00000000 00000000 08080808 08080808
0388: 00000000 00000000 08080808 08080808 00000000 00000000 08080808 08080808
0390: 00000000 00000000 08080808 08080808 00000000 00000000 08080808 08080808
0398: 00000000 00000000 08080808 08080808 00000000 00000000 08080808 08080808
03a0: 00000000 00000000 08080808 08080808 00000000 00000000 08080808 08080808
03a8: 00000000 00000000 08080808 08080808 00000000 00000000 08080808 08080808
03b0: 00000000 00000000 08080808 08080808 00000000 00000000 08080808 08080808
03b8: 00000000 00000000 08080808 08080808 00000000 00000000 08080808 08080808
03c0: 01000100 01000100 09080908 09080908 01000100 01000100 09080908 09080908
03c8: 01000100 01000100 09080908 09080908 01000100 01000100 09080908 09080908
03d0: 01000100 01000100 09080908 09080908 01000100 01000100 09080908 09080908
03d8: 01000100 01000100 09080908 09080908 01000100 01000100 09080908 09080908
03e0: 01000100 01000100 09080908 09080908 01000100 01000100 09080908 09080908
03e8: 01000100 01000100 09080908 09080908 01000100 01000100 09080908 09080908
03f0: 01000100 01000100 09080908 09080908 01000100 01000100 09080908 09080908
03f8: 01000100 01000100 09080908 09080908 01000100 01000100 09080908 09080908
0400: 02020000 02020000 0a0a0808 0a0a0808 02020000 02020000 0a0a0808 0a0a0808
0408: 02020000 02020000 0a0a0808 0a0a0808 02020000 02020000 0a0a0808 0a0a0808
0410: 02020000 02020000 0a0a0808 0a0a0808 02020000 02020000 0a0a0808 0a0a0808
0418: 02020000 02020000 0a0a0808 0a0a0808 02020000 02020000 0a0a0808 0a0a0808
0420: 02020000 02020000 0a0a0808 0a0a0808 02020000 02020000 0a0a0808 0a0a0808
0428: 02020000 02020000 0a0a0808 0a0a0808 02020000 02020000 0a0a0808 0a0a0808
0430: 02020000 02020000 0a0a0808 0a0a0808 02020000 02020000 0a0a0808 0a0a0808
0438: 02020000 02020000 0a0a0808 0a0a0808 02020000 02020000 0a0a0808 0a0a0808
0440: 03020100 03020100 0b0a0908 0b0a0908 03020100 03020100 0b0a0908 0b0a0908
0448: 03020100 03020100 0b0a0908 0b0a0908 03020100 03020100 0b0a0908 0b0a0908
0450: 03020100 03020100 0b0a0908 0b0a0908 03020100 03020100 0b0a0908 0b0a0908
0458: 03020100 03020100 0b0a0908 0b0a0908 03020100 03020100 0b0a0908 0b0a0908
0460: 03020100 03020100 0b0a0908 0b0a0908 03020100 03020100 0b0a0908 0b0a0908
0468: 03020100 03020100 0b0a0908 0b0a0908 03020100 03020100 0b0a0908 0b0a0908
0470: 03020100 03020100 0b0a0908 0b0a0908 03020100 03020100 0b0a0908 0b0a0908
0478: 03020100 03020100 0b0a0908 0b0a0908 03020100 03020100 0b0a0908 0b0a0908
0480: 00000000 04040404 08080808 0c0c0c0c 00000000 04040404 08080808 0c0c0c0c
0488: 00000000 04040404 08080808 0c0c0c0c 00000000 04040404 08080808 0c0c0c0c
0490: 00000000 04040404 08080808 0c0c0c0c 00000000 04040404 08080808 0c0c0c0c
0498: 00000000 04040404 08080808 0c0c0c0c 00000000 04040404 08080808 0c0c0c0c
04a0: 00000000 04040404 08080808 0c0c0c0c 00000000 04040404 08080808 0c0c0c0c
04a8: 00000000 04040404 08080808 0c0c0c0c 00000000 04040404 08080808 0c0c0c0c
04b0: 00000000 04040404 08080808 0c0c0c0c 00000000 04040404 08080808 0c0c0c0c
04b8: 00000000 04040404 08080808 0c0c0c0c 00000000 04040404 08080808 0c0c0c0c
04c0: 01000100 05040504 09080908 0d0c0d0c 01000100 05040504 09080908 0d0c0d0c
04c8: 01000100 05040504 09080908 0d0c0d0c 01000100 05040504 09080908 0d0c0d0c
04d0: 01000100 05040504 09080908 0d0c0d0c 01000100 05040504 09080908 0d0c0d0c
04d8: 01000100 05040504 09080908 0d0c0d0c 01000100 05040504 09080908 0d0c0d0c
04e0: 01000100 05040504 09080908 0d0c0d0c 01000100 05040504 09080908 0d0c0d0c
04e8: 01000100 05040504 09080908 0d0c0d0c 01000100 05040504 09080908 0d0c0d0c
04f0: 01000100 05040504 09080908 0d0c0d0c 01000100 05040504 09080908 0d0c0d0c
04f8: 01000100 05040504 09080908 0d0c0d0c 01000100 05040504 09080908 0d0c0d0c
0500: 02020000 06060404 0a0a0808 0e0e0c0c 02020000 06060404 0a0a0808 0e0e0c0c
0508: 02020000 06060404 0a0a0808 0e0e0c0c 02020000 06060404 0a0a0808 0e0e0c0c
0510: 02020000 06060404 0a0a0808 0e0e0c0c 02020000 06060404 0a0a0808 0e0e0c0c
0518: 02020000 06060404 0a0a0808 0e0e0c0c 02020000 06060404 0a0a0808 0e0e0c0c
0520: 02020000 06060404 0a0a0808 0e0e0c0c 02020000 06060404 0a0a0808 0e0e0c0c
0528: 02020000 06060404 0a0a0808 0e0e0c0c 02020000 06060404 0a0a0808 0e0e0c0c
0530: 02020000 06060404 0a0a0808 0e0e0c0c 02020000 06060404 0a0a0808 0e0e0c0c
0538: 02020000 06060404 0a0a0808 0e0e0c0c 02020000 06060404 0a0a0808 0e0e0c0c
0540: 03020100 07060504 0b0a0908 0f0e0d0c 03020100 07060504 0b0a0908 0f0e0d0c
0548: 03020100 07060504 0b0a0908 0f0e0d0c 03020100 07060504 0b0a0908 0f0e0d0c
0550: 03020100 07060504 0b0a0908 0f0e0d0c 03020100 07060504 0b0a0908 0f0e0d0c
0558: 03020100 07060504 0b0a0908 0f0e0d0c 03020100 07060504 0b0a0908 0f0e0d0c
0560: 03020100 07060504 0b0a0908 0f0e0d0c 03020100 07060504 0b0a0908 0f0e0d0c
0568: 03020100 07060504 0b0a0908 0f0e0d0c 03020100 07060504 0b0a0908 0f0e0d0c
0570: 03020100 07060504 0b0a0908 0f0e0d0c 03020100 07060504 0b0a0908 0f0e0d0c
0578: 03020100 07060504 0b0a0908 0f0e0d0c 03020100 07060504 0b0a0908 0f0e0d0c
0580: 00000000 00000000 00000000 00000000 10101010 10101010 10101010 10101010
0588: 00000000 00000000 00000000 00000000 10101010 10101010 10101010 10101010
0590: 00000000 00000000 00000000 00000000 10101010 10101010 10101010 10101010
0598: 00000000 00000000 00000000 00000000 10101010 10101010 10101010 10101010
05a0: 00000000 00000000 00000000 00000000 10101010 10101010 10101010 10101010
05a8: 00000000 00000000 00000000 00000000 10101010 10101010 10101010 10101010
05b0: 00000000 00000000 00000000 00000000 10101010 10101010 10101010 10101010
05b8: 00000000 00000000 00000000 00000000 10101010 10101010 10101010 10101010
05c0: 01000100 01000100 01000100 01000100 11101110 11101110 11101110 11101110
05c8: 01000100 01000100 01000100 01000100 11101110 11101110 11101110 11101110
05d0: 01000100 01000100 01000100 01000100 11101110 11101110 11101110 11101110
05d8: 01000100 01000100 01000100 01000100 11101110 11101110 11101110 11101110
05e0: 01000100 01000100 01000100 01000100 11101110 11101110 11101110 11101110
05e8: 01000100 01000100 01000100 01000100 11101110 11101110 11101110 11101110
05f0: 01000100 01000100 01000100 01000100 11101110 11101110 11101110 11101110
05f8: 01000100 01000100 01000100 01000100 11101110 11101110 11101110 11101110
0600: 02020000 02020000 02020000 02020000 12121010 12121010 12121010 12121010
0608: 02020000 02020000 02020000 02020000 12121010 12121010 12121010 12121010
0610: 02020000 02020000 02020000 02020000 12121010 12121010 12121010 12121010
0618: 02020000 02020000 02020000 02020000 12121010 12121010 12121010 12121010
0620: 02020000 02020000 02020000 02020000 12121010 12121010 12121010 12121010
0628: 02020000 02020000 02020000 02020000 12121010 12121010 12121010 12121010
0630: 02020000 02020000 02020000 02020000 12121010 12121010 12121010 12121010
0638: 02020000 02020000 02020000 02020000 12121010 12121010 12121010 12121010
0640: 03020100 03020100 03020100 03020100 13121110 13121110 13121110 13121110
0648: 03020100 03020100 03020100 03020100 13121110 13121110 13121110 13121110
0650: 03020100 03020100 03020100 03020100 13121110 13121110 13121110 13121110
0658: 03020100 03020100 03020100 03020100 13121110 13121110 13121110 13121110
0660: 03020100 03020100 03020100 03020100 13121110 13121110 13121110 13121110
0668: 03020100 03020100 03020100 03020100 13121110 13121110 13121110 13121110
0670: 03020100 03020100 03020100 03020100 13121110 13121110 13121110 13121110
0678: 03020100 03020100 03020100 03020100 13121110 13121110 13121110 13121110
0680: 00000000 04040404 00000000 04040404 10101010 14141414 10101010 14141414
0688: 00000000 04040404 00000000 04040404 10101010 14141414 10101010 14141414
0690: 00000000 04040404 00000000 04040404 10101010 14141414 10101010 14141414
0698: 00000000 04040404 00000000 04040404 10101010 14141414 10101010 14141414
06a0: 00000000 04040404 00000000 04040404 10101010 14141414 10101010 14141414
06a8: 00000000 04040404 00000000 04040404 10101010 14141414 10101010 14141414
06b0: 00000000 04040404 00000000 04040404 10101010 14141414 10101010 14141414
06b8: 00000000 04040404 00000000 04040404 10101010 14141414 10101010 14141414
06c0: 01000100 05040504 01000100 05040504 11101110 15141514 11101110 15141514
06c8: 01000100 05040504 01000100 05040504 11101110 15141514 11101110 15141514
06d0: 01000100 05040504 01000100 05040504 11101110 15141514 11101110 15141514
06d8: 01000100 05040504 01000100 05040504 11101110 15141514 11101110 15141514
06e0: 01000100 05040504 01000100 05040504 11101110 15141514 11101110 15141514
06e8: 01000100 05040504 01000100 05040504 11101110 15141514 11101110 15141514
06f0: 01000100 05040504 01000100 05040504 11101110 15141514 11101110 15141514
06f8: 01000100 05040504 01000100 05040504 11101110 15141514 11101110 15141514
0700: 02020000 06060404 02020000 06060404 12121010 16161414 12121010 16161414
0708: 02020000 06060404 02020000 06060404 12121010 16161414 12121010 16161414
0710: 02020000 06060404 02020000 06060404 12121010 16161414 12121010 16161414
0718: 02020000 06060404 02020000 06060404 12121010 16161414 12121010 16161414
0720: 02020000 06060404 02020000 06060404 12121010 16161414 12121010 16161414
0728: 02020000 06060404 02020000 06060404 12121010 16161414 12121010 16161414
0730: 02020000 06060404 02020000 06060404 12121010 16161414 12121010 16161414
0738: 02020000 06060404 02020000 06060404 12121010 16161414 12121010 16161414
0740: 03020100 07060504 03020100 07060504 13121110 17161514 13121110 17161514
0748: 03020100 07060504 03020100 07060504 13121110 17161514 13121110 17161514
0750: 03020100 07060504 03020100 07060504 13121110 17161514 13121110 17161514
0758: 03020100 07060504 03020100 07060504 13121110 17161514 13121110 17161514
0760: 03020100 07060504 03020100 07060504 13121110 17161514 13121110 17161514
0768: 03020100 07060504 03020100 07060504 13121110 17161514 13121110 17161514
0770: 03020100 07060504 03020100 07060504 13121110 17161514 13121110 17161514
0778: 03020100 07060504 03020100 07060504 13121110 17161514 13121110 17161514
0780: 00000000 00000000 08080808 08080808 10101010 10101010 18181818 18181818
0788: 00000000 00000000 08080808 08080808 10101010 10101010 18181818 18181818
0790: 00000000 00000000 08080808 08080808 10101010 10101010 18181818 18181818
0798: 00000000 00000000 08080808 08080808 10101010 10101010 18181818 18181818
07a0: 00000000 00000000 08080808 08080808 10101010 10101010 18181818 18181818
07a8: 00000000 00000000 08080808 08080808 10101010 10101010 18181818 18181818
07b0: 00000000 00000000 08080808 08080808 10101010 10101010 18181818 18181818
07b8: 00000000 00000000 08080808 08080808 10101010 10101010 18181818 18181818
07c0: 01000100 01000100 09080908 09080908 11101110 11101110 19181918 19181918
07c8: 01000100 01000100 09080908 09080908 11101110 11101110 19181918 19181918
07d0: 01000100 01000100 09080908 09080908 11101110 11101110 19181918 19181918
07d8: 01000100 01000100 09080908 09080908 11101110 11101110 19181918 19181918
07e0: 01000100 01000100 09080908 09080908 11101110 11101110 19181918 19181918
07e8: 01000100 01000100 09080908 09080908 11101110 11101110 19181918 19181918
07f0: 01000100 01000100 09080908 09080908 11101110 11101110 19181918 19181918
07f8: 01000100 01000100 09080908 09080908 11101110 11101110 19181918 19181918
0800: 02020000 02020000 0a0a0808 0a0a0808 12121010 12121010 1a1a1818 1a1a1818
0808: 02020000 02020000 0a0a0808 0a0a0808 12121010 12121010 1a1a1818 1a1a1818
0810: 02020000 02020000 0a0a0808 0a0a0808 12121010 12121010 1a1a1818 1a1a1818
0818: 02020000 02020000 0a0a0808 0a0a0808 12121010 12121010 1a1a1818 1a1a1818
0820: 02020000 02020000 0a0a0808 0a0a0808 12121010 12121010 1a1a1818 1a1a1818
0828: 02020000 02020000 0a0a0808 0a0a0808 12121010 12121010 1a1a1818 1a1a1818
0830: 02020000 02020000 0a0a0808 0a0a0808 12121010 12121010 1a1a1818 1a1a1818
0838: 02020000 02020000 0a0a0808 0a0a0808 12121010 12121010 1a1a1818 1a1a1818
0840: 03020100 03020100 0b0a0908 0b0a0908 13121110 13121110 1b1a1918 1b1a1918
0848: 03020100 03020100 0b0a0908 0b0a0908 13121110 13121110 1b1a1918 1b1a1918
0850: 03020100 03020100 0b0a0908 0b0a0908 13121110 13121110 1b1a1918 1b1a1918
0858: 03020100 03020100 0b0a0908 0b0a0908 13121110 13121110 1b1a1918 1b1a1918
0860: 03020100 03020100 0b0a0908 0b0a0908 13121110 13121110 1b1a1918 1b1a1918
0868: 03020100 03020100 0b0a0908 0b0a0908 13121110 13121110 1b1a1918 1b1a1918
0870: 03020100 03020100 0b0a0908 0b0a0908 13121110 13121110 1b1a1918 1b1a1918
0878: 03020100 03020100 0b0a0908 0b0a0908 13121110 13121110 1b1a1918 1b1a1918
0880: 00000000 04040404 08080808 0c0c0c0c 10101010 14141414 18181818 1c1c1c1c
0888: 00000000 04040404 08080808 0c0c0c0c 10101010 14141414 18181818 1c1c1c1c
0890: 00000000 04040404 08080808 0c0c0c0c 10101010 14141414 18181818 1c1c1c1c
0898: 00000000 04040404 08080808 0c0c0c0c 10101010 14141414 18181818 1c1c1c1c
08a0: 00000000 04040404 08080808 0c0c0c0c 10101010 14141414 18181818 1c1c1c1c
08a8: 00000000 04040404 08080808 0c0c0c0c 10101010 14141414 18181818 1c1c1c1c
08b0: 00000000 04040404 08080808 0c0c0c0c 10101010 14141414 18181818 1c1c1c1c
08b8: 00000000 04040404 08080808 0c0c0c0c 10101010 14141414 18181818 1c1c1c1c
08c0: 01000100 05040504 09080908 0d0c0d0c 11101110 15141514 19181918 1d1c1d1c
08c8: 01000100 05040504 09080908 0d0c0d0c 11101110 15141514 19181918 1d1c1d1c
08d0: 01000100 05040504 09080908 0d0c0d0c 11101110 15141514 19181918 1d1c1d1c
08d8: 01000100 05040504 09080908 0d0c0d0c 11101110 15141514 19181918 1d1c1d1c
08e0: 01000100 05040504 09080908 0d0c0d0c 11101110 15141514 19181918 1d1c1d1c
08e8: 01000100 05040504 09080908 0d0c0d0c 11101110 15141514 19181918 1d1c1d1c
08f0: 01000100 05040504 09080908 0d0c0d0c 11101110 15141514 19181918 1d1c1d1c
08f8: 01000100 05040504 09080908 0d0c0d0c 11101110 15141514 19181918 1d1c1d1c
0900: 02020000 06060404 0a0a0808 0e0e0c0c 12121010 16161414 1a1a1818 1e1e1c1c
0908: 02020000 06060404 0a0a0808 0e0e0c0c 12121010 16161414 1a1a1818 1e1e1c1c
0910: 02020000 06060404 0a0a0808 0e0e0c0c 12121010 16161414 1a1a1818 1e1e1c1c
0918: 02020000 06060404 0a0a0808 0e0e0c0c 12121010 16161414 1a1a1818 1e1e1c1c
0920: 02020000 06060404 0a0a0808 0e0e0c0c 12121010 16161414 1a1a1818 1e1e1c1c
0928: 02020000 06060404 0a0a0808 0e0e0c0c 12121010 16161414 1a1a1818 1e1e1c1c
0930: 02020000 06060404 0a0a0808 0e0e0c0c 12121010 16161414 1a1a1818 1e1e1c1c
0938: 02020000 06060404 0a0a0808 0e0e0c0c 12121010 16161414 1a1a1818 1e1e1c1c
0940: 03020100 07060504 0b0a0908 0f0e0d0c 13121110 17161514 1b1a1918 1f1e1d1c
0948: 03020100 07060504 0b0a0908 0f0e0d0c 13121110 17161514 1b1a1918 1f1e1d1c
0950: 03020100 07060504 0b0a0908 0f0e0d0c 13121110 17161514 1b1a1918 1f1e1d1c
0958: 03020100 07060504 0b0a0908 0f0e0d0c 13121110 17161514 1b1a1918 1f1e1d1c
0960: 03020100 07060504 0b0a0908 0f0e0d0c 13121110 17161514 1b1a1918 1f1e1d1c
0968: 03020100 07060504 0b0a0908 0f0e0d0c 13121110 17161514 1b1a1918 1f1e1d1c
0970: 03020100 07060504 0b0a0908 0f0e0d0c 13121110 17161514 1b1a1918 1f1e1d1c
0978: 03020100 07060504 0b0a0908 0f0e0d0c 13121110 17161514 1b1a1918 1f1e1d1c
0980: 00000000 00000000 00000000 00000000 00000000 00000000 00000000 00000000
0988: 20202020 20202020 20202020 20202020 20202020 20202020 20202020 20202020
0990: 00000000 00000000 00000000 00000000 00000000 00000000 00000000 00000000
0998: 20202020 20202020 20202020 20202020 20202020 20202020 20202020 20202020
09a0: 00000000 00000000 00000000 00000000 00000000 00000000 00000000 00000000
09a8: 20202020 20202020 20202020 20202020 20202020 20202020 20202020 20202020
09b0: 00000000 00000000 00000000 00000000 00000000 00000000 00000000 00000000
09b8: 20202020 20202020 20202020 20202020 20202020 20202020 20202020 20202020
09c0: 01000100 01000100 01000100 01000100 01000100 01000100 01000100 01000100
09c8: 21202120 21202120 21202120 21202120 21202120 21202120 21202120 21202120
09d0: 01000100 01000100 01000100 01000100 01000100 01000100 01000100 01000100
09d8: 21202120 21202120 21202120 21202120 21202120 21202120 21202120 21202120
09e0: 01000100 01000100 01000100 01000100 01000100 01000100 01000100 01000100
09e8: 21202120 21202120 21202120 21202120 21202120 21202120 21202120 21202120
09f0: 01000100 01000100 01000100 01000100 01000100 01000100 01000100 01000100
09f8: 21202120 21202120 21202120 21202120 21202120 21202120 21202120 21202120
0a00: 02020000 02020000 02020000 02020000 02020000 02020000 02020000 02020000
0a08: 22222020 22222020 22222020 22222020 22222020 22222020 22222020 22222020
0a10: 02020000 02020000 02020000 02020000 02020000 02020000 02020000 02020000
0a18: 22222020 22222020 22222020 22222020 22222020 22222020 22222020 22222020
0a20: 02020000 02020000 02020000 02020000 02020000 02020000 02020000 02020000
0a28: 22222020 22222020 22222020 22222020 22222020 22222020 22222020 22222020
0a30: 02020000 02020000 02020000 02020000 02020000 02020000 02020000 02020000
0a38: 22222020 22222020 22222020 22222020 22222020 22222020 22222020 22222020
0a40: 03020100 03020100 03020100 03020100 03020100 03020100 03020100 03020100
0a48: 23222120 23222120 23222120 23222120 23222120 23222120 23222120 23222120
0a50: 03020100 03020100 03020100 03020100 03020100 03020100 03020100 03020100
0a58: 23222120 23222120 23222120 23222120 23222120 23222120 23222120 23222120
0a60: 03020100 03020100 03020100 03020100 03020100 03020100 03020100 03020100
0a68: 23222120 23222120 23222120 23222120 23222120 23222120 23222120 23222120
0a70: 03020100 03020100 03020100 03020100 03020100 03020100 03020100 03020100
0a78: 23222120 23222120 23222120 23222120 23222120 23222120 23222120 23222120
0a80: 00000000 04040404 00000000 04040404 00000000 04040404 00000000 04040404
0a88: 20202020 24242424 20202020 24242424 20202020 24242424 20202020 24242424
0a90: 00000000 04040404 00000000 04040404 00000000 04040404 00000000 04040404
0a98: 20202020 24242424 20202020 24242424 20202020 24242424 20202020 24242424
0aa0: 00000000 04040404 00000000 04040404 00000000 04040404 00000000 04040404
0aa8: 20202020 24242424 20202020 24242424 20202020 24242424 20202020 24242424
0ab0: 00000000 04040404 00000000 04040404 00000000 04040404 00000000 04040404
0ab8: 20202020 24242424 20202020 24242424 20202020 24242424 20202020 24242424
0ac0: 01000100 05040504 01000100 05040504 01000100 05040504 01000100 05040504
0ac8: 21202120 25242524 21202120 25242524 21202120 25242524 21202120 25242524
0ad0: 01000100 05040504 01000100 05040504 01000100 05040504 01000100 05040504
0ad8: 21202120 25242524 21202120 25242524 21202120 25242524 21202120 25242524
0ae0: 01000100 05040504 01000100 05040504 01000100 05040504 01000100 05040504
0ae8: 21202120 25242524 21202120 25242524 21202120 25242524 21202120 25242524
0af0: 01000100 05040504 01000100 05040504 01000100 05040504 01000100 05040504
0af8: 21202120 25242524 21202120 25242524 21202120 25242524 21202120 25242524
0b00: 02020000 06060404 02020000 06060404 02020000 06060404 02020000 06060404
0b08: 22222020 26262424 22222020 26262424 22222020 26262424 22222020 26262424
0b10: 02020000 06060404 02020000 06060404 02020000 06060404 02020000 06060404
0b18: 22222020 26262424 22222020 26262424 22222020 26262424 22222020 26262424
0b20: 02020000 06060404 02020000 06060404 02020000 06060404 02020000 06060404
0b28: 22222020 26262424 22222020 26262424 22222020 26262424 22222020 26262424
0b30: 02020000 06060404 02020000 06060404 02020000 06060404 02020000 06060404
0b38: 22222020 26262424 22222020 26262424 22222020 26262424 22222020 26262424
0b40: 03020100 07060504 03020100 07060504 03020100 07060504 03020100 07060504
0b48: 23222120 27262524 23222120 27262524 23222120 27262524 23222120 27262524
0b50: 03020100 07060504 03020100 07060504 03020100 07060504 03020100 07060504
0b58: 23222120 27262524 23222120 27262524 23222120 27262524 23222120 27262524
0b60: 03020100 07060504 03020100 07060504 03020100 07060504 03020100 07060504
0b68: 23222120 27262524 23222120 27262524 23222120 27262524 23222120 27262524
0b70: 03020100 07060504 03020100 07060504 03020100 07060504 03020100 07060504
0b78: 23222120 27262524 23222120 27262524 23222120 27262524 23222120 27262524
0b80: 00000000 00000000 08080808 08080808 00000000 00000000 08080808 08080808
0b88: 20202020 20202020 28282828 28282828 20202020 20202020 28282828 28282828
0b90: 00000000 00000000 08080808 08080808 00000000 00000000 08080808 08080808
0b98: 20202020 20202020 28282828 28282828 20202020 20202020 28282828 28282828
0ba0: 00000000 00000000 08080808 08080808 00000000 00000000 08080808 08080808
0ba8: 20202020 20202020 28282828 28282828 20202020 20202020 28282828 28282828
0bb0: 00000000 00000000 08080808 08080808 00000000 00000000 08080808 08080808
0bb8: 20202020 20202020 28282828 28282828 20202020 20202020 28282828 28282828
0bc0: 01000100 01000100 09080908 09080908 01000100 01000100 09080908 09080908
0bc8: 21202120 21202120 29282928 29282928 21202120 21202120 29282928 29282928
0bd0: 01000100 01000100 09080908 09080908 01000100 01000100 09080908 09080908
0bd8: 21202120 21202120 29282928 29282928 21202120 21202120 29282928 29282928
0be0: 01000100 01000100 09080908 09080908 01000100 01000100 09080908 09080908
0be8: 21202120 21202120 29282928 29282928 21202120 21202120 29282928 29282928
0bf0: 01000100 01000100 09080908 09080908 01000100 01000100 09080908 09080908
0bf8: 21202120 21202120 29282928 29282928 21202120 21202120 29282928 29282928
0c00: 02020000 02020000 0a0a0808 0a0a0808 02020000 02020000 0a0a0808 0a0a0808
0c08: 22222020 22222020 2a2a2828 2a2a2828 22222020 22222020 2a2a2828 2a2a2828
0c10: 02020000 02020000 0a0a0808 0a0a0808 02020000 02020000 0a0a0808 0a0a0808
0c18: 22222020 22222020 2a2a2828 2a2a2828 22222020 22222020 2a2a2828 2a2a2828
0c20: 02020000 02020000 0a0a0808 0a0a0808 02020000 02020000 0a0a0808 0a0a0808
0c28: 22222020 22222020 2a2a2828 2a2a2828 22222020 22222020 2a2a2828 2a2a2828
0c30: 02020000 02020000 0a0a0808 0a0a0808 02020000 02020000 0a0a0808 0a0a0808
0c38: 22222020 22222020 2a2a2828 2a2a2828 22222020 22222020 2a2a2828 2a2a2828
0c40: 03020100 03020100 0b0a0908 0b0a0908 03020100 03020100 0b0a0908 0b0a0908
0c48: 23222120 23222120 2b2a2928 2b2a2928 23222120 23222120 2b2a2928 2b2a2928
0c50: 03020100 03020100 0b0a0908 0b0a0908 03020100 03020100 0b0a0908 0b0a0908
0c58: 23222120 23222120 2b2a2928 2b2a2928 23222120 23222120 2b2a2928 2b2a2928
0c60: 03020100 03020100 0b0a0908 0b0a0908 03020100 03020100 0b0a0908 0b0a0908
0c68: 23222120 23222120 2b2a2928 2b2a2928 23222120 23222120 2b2a2928 2b2a2928
0c70: 03020100 03020100 0b0a0908 0b0a0908 03020100 03020100 0b0a0908 0b0a0908
0c78: 23222120 23222120 2b2a2928 2b2a2928 23222120 23222120 2b2a2928 2b2a2928
0c80: 00000000 04040404 08080808 0c0c0c0c 00000000 04040404 08080808 0c0c0c0c
0c88: 20202020 24242424 28282828 2c2c2c2c 20202020 24242424 28282828 2c2c2c2c
0c90: 00000000 04040404 08080808 0c0c0c0c 00000000 04040404 08080808 0c0c0c0c
0c98: 20202020 24242424 28282828 2c2c2c2c 20202020 24242424 28282828 2c2c2c2c
0ca0: 00000000 04040404 08080808 0c0c0c0c 00000000 04040404 08080808 0c0c0c0c
0ca8: 20202020 24242424 28282828 2c2c2c2c 20202020 24242424 28282828 2c2c2c2c
0cb0: 00000000 04040404 08080808 0c0c0c0c 00000000 04040404 08080808 0c0c0c0c
0cb8: 20202020 24242424 28282828 2c2c2c2c 20202020 24242424 28282828 2c2c2c2c
0cc0: 01000100 05040504 09080908 0d0c0d0c 01000100 05040504 09080908 0d0c0d0c
0cc8: 21202120 25242524 29282928 2d2c2d2c 21202120 25242524 29282928 2d2c2d2c
0cd0: 01000100 05040504 09080908 0d0c0d0c 01000100 05040504 09080908 0d0c0d0c
0cd8: 21202120 25242524 29282928 2d2c2d2c 21202120 25242524 29282928 2d2c2d2c
0ce0: 01000100 05040504 09080908 0d0c0d0c 01000100 05040504 09080908 0d0c0d0c
0ce8: 21202120 25242524 29282928 2d2c2d2c 21202120 25242524 29282928 2d2c2d2c
0cf0: 01000100 05040504 09080908 0d0c0d0c 01000100 05040504 09080908 0d0c0d0c
0cf8: 21202120 25242524 29282928 2d2c2d2c 21202120 25242524 29282928 2d2c2d2c
0d00: 02020000 06060404 0a0a0808 0e0e0c0c 02020000 06060404 0a0a0808 0e0e0c0c
0d08: 22222020 26262424 2a2a2828 2e2e2c2c 22222020 26262424 2a2a2828 2e2e2c2c
0d10: 02020000 06060404 0a0a0808 0e0e0c0c 02020000 06060404 0a0a0808 0e0e0c0c
0d18: 22222020 26262424 2a2a2828 2e2e2c2c 22222020 26262424 2a2a2828 2e2e2c2c
0d20: 02020000 06060404 0a0a0808 0e0e0c0c 02020000 06060404 0a0a0808 0e0e0c0c
0d28: 22222020 26262424 2a2a2828 2e2e2c2c 22222020 26262424 2a2a2828 2e2e2c2c
0d30: 02020000 06060404 0a0a0808 0e0e0c0c 02020000 06060404 0a0a0808 0e0e0c0c
0d38: 22222020 26262424 2a2a2828 2e2e2c2c 22222020 26262424 2a2a2828 2e2e2c2c
0d40: 03020100 07060504 0b0a0908 0f0e0d0c 03020100 07060504 0b0a0908 0f0e0d0c
0d48: 23222120 27262524 2b2a2928 2f2e2d2c 23222120 27262524 2b2a2928 2f2e2d2c
0d50: 03020100 07060504 0b0a0908 0f0e0d0c 03020100 07060504 0b0a0908 0f0e0d0c
0d58: 23222120 27262524 2b2a2928 2f2e2d2c 23222120 27262524 2b2a2928 2f2e2d2c
0d60: 03020100 07060504 0b0a0908 0f0e0d0c 03020100 07060504 0b0a0908 0f0e0d0c
0d68: 23222120 27262524 2b2a2928 2f2e2d2c 23222120 27262524 2b2a2928 2f2e2d2c
0d70: 03020100 07060504 0b0a0908 0f0e0d0c 03020100 07060504 0b0a0908 0f0e0d0c
0d78: 23222120 27262524 2b2a2928 2f2e2d2c 23222120 27262524 2b2a2928 2f2e2d2c
0d80: 00000000 00000000 00000000 00000000 10101010 10101010 10101010 10101010
0d88: 20202020 20202020 20202020 20202020 30303030 30303030 30303030 30303030
0d90: 00000000 00000000 00000000 00000000 10101010 10101010 10101010 10101010
0d98: 20202020 20202020 20202020 20202020 30303030 30303030 30303030 30303030
0da0: 00000000 00000000 00000000 00000000 10101010 10101010 10101010 10101010
0da8: 20202020 20202020 20202020 20202020 30303030 30303030 30303030 30303030
0db0: 00000000 00000000 00000000 00000000 10101010 10101010 10101010 10101010
0db8: 20202020 20202020 20202020 20202020 30303030 30303030 30303030 30303030
0dc0: 01000100 01000100 01000100 01000100 11101110 11101110 11101110 11101110
0dc8: 21202120 21202120 21202120 21202120 31303130 31303130 31303130 31303130
0dd0: 01000100 01000100 01000100 01000100 11101110 11101110 11101110 11101110
0dd8: 21202120 21202120 21202120 21202120 31303130 31303130 31303130 31303130
0de0: 01000100 01000100 01000100 01000100 11101110 11101110 11101110 11101110
0de8: 21202120 21202120 21202120 21202120 31303130 31303130 31303130 31303130
0df0: 01000100 01000100 01000100 01000100 11101110 11101110 11101110 11101110
0df8: 21202120 21202120 21202120 21202120 31303130 31303130 31303130 31303130
0e00: 02020000 02020000 02020000 02020000 12121010 12121010 12121010 12121010
0e08: 22222020 22222020 22222020 22222020 32323030 32323030 32323030 32323030
0e10: 02020000 02020000 02020000 02020000 12121010 12121010 12121010 12121010
0e18: 22222020 22222020 22222020 22222020 32323030 32323030 32323030 32323030
0e20: 02020000 02020000 02020000 02020000 12121010 12121010 12121010 12121010
0e28: 22222020 22222020 22222020 22222020 32323030 32323030 32323030 32323030
0e30: 02020000 02020000 02020000 02020000 12121010 12121010 12121010 12121010
0e38: 22222020 22222020 22222020 22222020 32323030 32323030 32323030 32323030
0e40: 03020100 03020100 03020100 03020100 13121110 13121110 13121110 13121110
0e48: 23222120 23222120 23222120 23222120 33323130 33323130 33323130 33323130
0e50: 03020100 03020100 03020100 03020100 13121110 13121110 13121110 13121110
0e58: 23222120 23222120 23222120 23222120 33323130 33323130 33323130 33323130
0e60: 03020100 03020100 03020100 03020100 13121110 13121110 13121110 13121110
0e68: 23222120 23222120 23222120 23222120 33323130 33323130 33323130 33323130
0e70: 03020100 03020100 03020100 03020100 13121110 13121110 13121110 13121110
0e78: 23222120 23222120 23222120 23222120 33323130 33323130 33323130 33323130
0e80: 00000000 04040404 00000000 04040404 10101010 14141414 10101010 14141414
0e88: 20202020 24242424 20202020 24242424 30303030 34343434 30303030 34343434
0e90: 00000000 04040404 00000000 04040404 10101010 14141414 10101010 14141414
0e98: 20202020 24242424 20202020 24242424 30303030 34343434 30303030 34343434
0ea0: 00000000 04040404 00000000 04040404 10101010 14141414 10101010 14141414
0ea8: 20202020 24242424 20202020 24242424 30303030 34343434 30303030 34343434
0eb0: 00000000 04040404 00000000 04040404 10101010 14141414 10101010 14141414
0eb8: 20202020 24242424 20202020 24242424 30303030 34343434 30303030 34343434
0ec0: 01000100 05040504 01000100 05040504 11101110 15141514 11101110 15141514
0ec8: 21202120 25242524 21202120 25242524 31303130 35343534 31303130 35343534
0ed0: 01000100 05040504 01000100 05040504 11101110 15141514 11101110 15141514
0ed8: 21202120 25242524 21202120 25242524 31303130 35343534 31303130 35343534
0ee0: 01000100 05040504 01000100 05040504 11101110 15141514 11101110 15141514
0ee8: 21202120 25242524 21202120 25242524 31303130 35343534 31303130 35343534
0ef0: 01000100 05040504 01000100 05040504 11101110 15141514 11101110 15141514
0ef8: 21202120 25242524 21202120 25242524 31303130 35343534 31303130 35343534
0f00: 02020000 06060404 02020000 06060404 12121010 16161414 12121010 16161414
0f08: 22222020 26262424 22222020 26262424 32323030 36363434 32323030 36363434
0f10: 02020000 06060404 02020000 06060404 12121010 16161414 12121010 16161414
0f18: 22222020 26262424 22222020 26262424 32323030 36363434 32323030 36363434
0f20: 02020000 06060404 02020000 06060404 12121010 16161414 12121010 16161414
0f28: 22222020 26262424 22222020 26262424 32323030 36363434 32323030 36363434
0f30: 02020000 06060404 02020000 06060404 12121010 16161414 12121010 16161414
0f38: 22222020 26262424 22222020 26262424 32323030 36363434 32323030 36363434
0f40: 03020100 07060504 03020100 07060504 13121110 17161514 13121110 17161514
0f48: 23222120 27262524 23222120 27262524 33323130 37363534 33323130 37363534
0f50: 03020100 07060504 03020100 07060504 13121110 17161514 13121110 17161514
0f58: 23222120 27262524 23222120 27262524 33323130 37363534 33323130 37363534
0f60: 03020100 07060504 03020100 07060504 13121110 17161514 13121110 17161514
0f68: 23222120 27262524 23222120 27262524 33323130 37363534 33323130 37363534
0f70: 03020100 07060504 03020100 07060504 13121110 17161514 13121110 17161514
0f78: 23222120 27262524 23222120 27262524 33323130 37363534 33323130 37363534
0f80: 00000000 00000000 08080808 08080808 10101010 10101010 18181818 18181818
0f88: 20202020 20202020 28282828 28282828 30303030 30303030 38383838 38383838
0f90: 00000000 00000000 08080808 08080808 10101010 10101010 18181818 18181818
0f98: 20202020 20202020 28282828 28282828 30303030 30303030 38383838 38383838
0fa0: 00000000 00000000 08080808 08080808 10101010 10101010 18181818 18181818
0fa8: 20202020 20202020 28282828 28282828 30303030 30303030 38383838 38383838
0fb0: 00000000 00000000 08080808 08080808 10101010 10101010 18181818 18181818
0fb8: 20202020 20202020 28282828 28282828 30303030 30303030 38383838 38383838
0fc0: 01000100 01000100 09080908 09080908 11101110 11101110 19181918 19181918
0fc8: 21202120 21202120 29282928 29282928 31303130 31303130 39383938 39383938
0fd0: 01000100 01000100 09080908 09080908 11101110 11101110 19181918 19181918
0fd8: 21202120 21202120 29282928 29282928 31303130 31303130 39383938 39383938
0fe0: 01000100 01000100 09080908 09080908 11101110 11101110 19181918 19181918
0fe8: 21202120 21202120 29282928 29282928 31303130 31303130 39383938 39383938
0ff0: 01000100 01000100 09080908 09080908 11101110 11101110 19181918 19181918
0ff8: 21202120 21202120 29282928 29282928 31303130 31303130 39383938 39383938
1000: 02020000 02020000 0a0a0808 0a0a0808 12121010 12121010 1a1a1818 1a1a1818
1008: 22222020 22222020 2a2a2828 2a2a2828 32323030 32323030 3a3a3838 3a3a3838
1010: 02020000 02020000 0a0a0808 0a0a0808 12121010 12121010 1a1a1818 1a1a1818
1018: 22222020 22222020 2a2a2828 2a2a2828 32323030 32323030 3a3a3838 3a3a3838
1020: 02020000 02020000 0a0a0808 0a0a0808 12121010 12121010 1a1a1818 1a1a1818
1028: 22222020 22222020 2a2a2828 2a2a2828 32323030 32323030 3a3a3838 3a3a3838
1030: 02020000 02020000 0a0a0808 0a0a0808 12121010 12121010 1a1a1818 1a1a1818
1038: 22222020 22222020 2a2a2828 2a2a2828 32323030 32323030 3a3a3838 3a3a3838
1040: 03020100 03020100 0b0a0908 0b0a0908 13121110 13121110 1b1a1918 1b1a1918
1048: 23222120 23222120 2b2a2928 2b2a2928 33323130 33323130 3b3a3938 3b3a3938
1050: 03020100 03020100 0b0a0908 0b0a0908 13121110 13121110 1b1a1918 1b1a1918
1058: 23222120 23222120 2b2a2928 2b2a2928 33323130 33323130 3b3a3938 3b3a3938
1060: 03020100 03020100 0b0a0908 0b0a0908 13121110 13121110 1b1a1918 1b1a1918
1068: 23222120 23222120 2b2a2928 2b2a2928 33323130 33323130 3b3a3938 3b3a3938
1070: 03020100 03020100 0b0a0908 0b0a0908 13121110 13121110 1b1a1918 1b1a1918
1078: 23222120 23222120 2b2a2928 2b2a2928 33323130 33323130 3b3a3938 3b3a3938
1080: 00000000 04040404 08080808 0c0c0c0c 10101010 14141414 18181818 1c1c1c1c
1088: 20202020 24242424 28282828 2c2c2c2c 30303030 34343434 38383838 3c3c3c3c
1090: 00000000 04040404 08080808 0c0c0c0c 10101010 14141414 18181818 1c1c1c1c
1098: 20202020 24242424 28282828 2c2c2c2c 30303030 34343434 38383838 3c3c3c3c
10a0: 00000000 04040404 08080808 0c0c0c0c 10101010 14141414 18181818 1c1c1c1c
10a8: 20202020 24242424 28282828 2c2c2c2c 30303030 34343434 38383838 3c3c3c3c
10b0: 00000000 04040404 08080808 0c0c0c0c 10101010 14141414 18181818 1c1c1c1c
10b8: 20202020 24242424 28282828 2c2c2c2c 30303030 34343434 38383838 3c3c3c3c
10c0: 01000100 05040504 09080908 0d0c0d0c 11101110 15141514 19181918 1d1c1d1c
10c8: 21202120 25242524 29282928 2d2c2d2c 31303130 35343534 39383938 3d3c3d3c
10d0: 01000100 05040504 09080908 0d0c0d0c 11101110 15141514 19181918 1d1c1d1c
10d8: 21202120 25242524 29282928 2d2c2d2c 31303130 35343534 39383938 3d3c3d3c
10e0: 01000100 05040504 09080908 0d0c0d0c 11101110 15141514 19181918 1d1c1d1c
10e8: 21202120 25242524 29282928 2d2c2d2c 31303130 35343534 39383938 3d3c3d3c
10f0: 01000100 05040504 09080908 0d0c0d0c 11101110 15141514 19181918 1d1c1d1c
10f8: 21202120 25242524 29282928 2d2c2d2c 31303130 35343534 39383938 3d3c3d3c
1100: 02020000 06060404 0a0a0808 0e0e0c0c 12121010 16161414 1a1a1818 1e1e1c1c
1108: 22222020 26262424 2a2a2828 2e2e2c2c 32323030 36363434 3a3a3838 3e3e3c3c
1110: 02020000 06060404 0a0a0808 0e0e0c0c 12121010 16161414 1a1a1818 1e1e1c1c
1118: 22222020 26262424 2a2a2828 2e2e2c2c 32323030 36363434 3a3a3838 3e3e3c3c
1120: 02020000 06060404 0a0a0808 0e0e0c0c 12121010 16161414 1a1a1818 1e1e1c1c
1128: 22222020 26262424 2a2a2828 2e2e2c2c 32323030 36363434 3a3a3838 3e3e3c3c
1130: 02020000 06060404 0a0a0808 0e0e0c0c 12121010 16161414 1a1a1818 1e1e1c1c
1138: 22222020 26262424 2a2a2828 2e2e2c2c 32323030 36363434 3a3a3838 3e3e3c3c
1140: 03020100 07060504 0b0a0908 0f0e0d0c 13121110 17161514 1b1a1918 1f1e1d1c
1148: 23222120 27262524 2b2a2928 2f2e2d2c 33323130 37363534 3b3a3938 3f3e3d3c
1150: 03020100 07060504 0b0a0908 0f0e0d0c 13121110 17161514 1b1a1918 1f1e1d1c
1158: 23222120 27262524 2b2a2928 2f2e2d2c 33323130 37363534 3b3a3938 3f3e3d3c
1160: 03020100 07060504 0b0a0908 0f0e0d0c 13121110 17161514 1b1a1918 1f1e1d1c
1168: 23222120 27262524 2b2a2928 2f2e2d2c 33323130 37363534 3b3a3938 3f3e3d3c
1170: 03020100 07060504 0b0a0908 0f0e0d0c 13121110 17161514 1b1a1918 1f1e1d1c
1178: 23222120 27262524 2b2a2928 2f2e2d2c 33323130 37363534 3b3a3938 3f3e3d3c
1180: 00000000 00000000 00000000 00000000 00000000 00000000 00000000 00000000
1188: 00000000 00000000 00000000 00000000 00000000 00000000 00000000 00000000
1190: 40404040 40404040 40404040 40404040 40404040 40404040 40404040 40404040
1198: 40404040 40404040 40404040 40404040 40404040 40404040 40404040 40404040
11a0: 00000000 00000000 00000000 00000000 00000000 00000000 00000000 00000000
11a8: 00000000 00000000 00000000 00000000 00000000 00000000 00000000 00000000
11b0: 40404040 40404040 40404040 40404040 40404040 40404040 40404040 40404040
11b8: 40404040 40404040 40404040 40404040 40404040 40404040 40404040 40404040
11c0: 01000100 01000100 01000100 01000100 01000100 01000100 01000100 01000100
11c8: 01000100 01000100 01000100 01000100 01000100 01000100 01000100 01000100
11d0: 41404140 41404140 41404140 41404140 41404140 41404140 41404140 41404140
11d8: 41404140 41404140 41404140 41404140 41404140 41404140 41404140 41404140
11e0: 01000100 01000100 01000100 01000100 01000100 01000100 01000100 01000100
11e8: 01000100 01000100 01000100 01000100 01000100 01000100 01000100 01000100
11f0: 41404140 41404140 41404140 41404140 41404140 41404140 41404140 41404140
11f8: 41404140 41404140 41404140 41404140 41404140 41404140 41404140 41404140
1200: 02020000 02020000 02020000 02020000 02020000 02020000 02020000 02020000
1208: 02020000 02020000 02020000 02020000 02020000 02020000 02020000 02020000
1210: 42424040 42424040 42424040 42424040 42424040 42424040 42424040 42424040
1218: 42424040 42424040 42424040 42424040 42424040 42424040 42424040 42424040
1220: 02020000 02020000 02020000 02020000 02020000 02020000 02020000 02020000
1228: 02020000 02020000 02020000 02020000 02020000 02020000 02020000 02020000
1230: 42424040 42424040 42424040 42424040 42424040 42424040 42424040 42424040
1238: 42424040 42424040 42424040 42424040 42424040 42424040 42424040 42424040
1240: 03020100 03020100 03020100 03020100 03020100 03020100 03020100 03020100
1248: 03020100 03020100 03020100 03020100 03020100 03020100 03020100 03020100
1250: 43424140 43424140 43424140 43424140 43424140 43424140 43424140 43424140
1258: 43424140 43424140 43424140 43424140 43424140 43424140 43424140 43424140
1260: 03020100 03020100 03020100 03020100 03020100 03020100 03020100 03020100
1268: 03020100 03020100 03020100 03020100 03020100 03020100 03020100 03020100
1270: 43424140 43424140 43424140 43424140 43424140 43424140 43424140 43424140
1278: 43424140 43424140 43424140 43424140 43424140 43424140 43424140 43424140
1280: 00000000 04040404 00000000 04040404 00000000 04040404 00000000 04040404
1288: 00000000 04040404 00000000 04040404 00000000 04040404 00000000 04040404
1290: 40404040 44444444 40404040 44444444 40404040 44444444 40404040 44444444
1298: 40404040 44444444 40404040 44444444 40404040 44444444 40404040 44444444
12a0: 00000000 04040404 00000000 04040404 00000000 04040404 00000000 04040404
12a8: 00000000 04040404 00000000 04040404 00000000 04040404 00000000 04040404
12b0: 40404040 44444444 40404040 44444444 40404040 44444444 40404040 44444444
12b8: 40404040 44444444 40404040 44444444 40404040 44444444 40404040 44444444
12c0: 01000100 05040504 01000100 05040504 01000100 05040504 01000100 05040504
12c8: 01000100 05040504 01000100 05040504 01000100 05040504 01000100 05040504
12d0: 41404140 45444544 41404140 45444544 41404140 45444544 41404140 45444544
12d8: 41404140 45444544 41404140 45444544 41404140 45444544 41404140 45444544
12e0: 01000100 05040504 01000100 05040504 01000100 05040504 01000100 05040504
12e8: 01000100 05040504 01000100 05040504 01000100 05040504 01000100 05040504
12f0: 41404140 45444544 41404140 45444544 41404140 45444544 41404140 45444544
12f8: 41404140 45444544 41404140 45444544 41404140 45444544 41404140 45444544
1300: 02020000 06060404 02020000 06060404 02020000 06060404 02020000 06060404
1308: 02020000 06060404 02020000 06060404 02020000 06060404 02020000 06060404
1310: 42424040 46464444 42424040 46464444 42424040 46464444 42424040 46464444
1318: 42424040 46464444 42424040 46464444 42424040 46464444 42424040 46464444
1320: 02020000 06060404 02020000 06060404 02020000 06060404 02020000 06060404
1328: 02020000 06060404 02020000 06060404 02020000 06060404 02020000 06060404
1330: 42424040 46464444 42424040 46464444 42424040 46464444 42424040 46464444
1338: 42424040 46464444 42424040 46464444 42424040 46464444 42424040 46464444
1340: 03020100 07060504 03020100 07060504 03020100 07060504 03020100 07060504
1348: 03020100 07060504 03020100 07060504 03020100 07060504 03020100 07060504
1350: 43424140 47464544 43424140 47464544 43424140 47464544 43424140 47464544
1358: 43424140 47464544 43424140 47464544 43424140 47464544 43424140 47464544
1360: 03020100 07060504 03020100 07060504 03020100 07060504 03020100 07060504
1368: 03020100 07060504 03020100 07060504 03020100 07060504 03020100 07060504
1370: 43424140 47464544 43424140 47464544 43424140 47464544 43424140 47464544
1378: 43424140 47464544 43424140 47464544 43424140 47464544 43424140 47464544
1380: 00000000 00000000 08080808 08080808 00000000 00000000 08080808 08080808
1388: 00000000 00000000 08080808 08080808 00000000 00000000 08080808 08080808
1390: 40404040 40404040 48484848 48484848 40404040 40404040 48484848 48484848
1398: 40404040 40404040 48484848 48484848 40404040 40404040 48484848 48484848
13a0: 00000000 00000000 08080808 08080808 00000000 00000000 08080808 08080808
13a8: 00000000 00000000 08080808 08080808 00000000 00000000 08080808 08080808
13b0: 40404040 40404040 48484848 48484848 40404040 40404040 48484848 48484848
13b8: 40404040 40404040 48484848 48484848 40404040 40404040 48484848 48484848
13c0: 01000100 01000100 09080908 09080908 01000100 01000100 09080908 09080908
13c8: 01000100 01000100 09080908 09080908 01000100 01000100 09080908 09080908
13d0: 41404140 41404140 49484948 49484948 41404140 41404140 49484948 49484948
13d8: 41404140 41404140 49484948 49484948 41404140 41404140 49484948 49484948
13e0: 01000100 01000100 09080908 09080908 01000100 01000100 09080908 09080908
13e8: 01000100 01000100 09080908 09080908 01000100 01000100 09080908 09080908
13f0: 41404140 41404140 49484948 49484948 41404140 41404140 49484948 49484948
13f8: 41404140 41404140 49484948 49484948 41404140 41404140 49484948 49484948
1400: 02020000 02020000 0a0a0808 0a0a0808 02020000 02020000 0a0a0808 0a0a0808
1408: 02020000 02020000 0a0a0808 0a0a0808 02020000 02020000 0a0a0808 0a0a0808
1410: 42424040 42424040 4a4a4848 4a4a4848 42424040 42424040 4a4a4848 4a4a4848
1418: 42424040 42424040 4a4a4848 4a4a4848 42424040 42424040 4a4a4848 4a4a4848
1420: 02020000 02020000 0a0a0808 0a0a0808 02020000 02020000 0a0a0808 0a0a0808
1428: 02020000 02020000 0a0a0808 0a0a0808 02020000 02020000 0a0a0808 0a0a0808
1430: 42424040 42424040 4a4a4848 4a4a4848 42424040 42424040 4a4a4848 4a4a4848
1438: 42424040 42424040 4a4a4848 4a4a4848 42424040 42424040 4a4a4848 4a4a4848
1440: 03020100 03020100 0b0a0908 0b0a0908 03020100 03020100 0b0a0908 0b0a0908
1448: 03020100 03020100 0b0a0908 0b0a0908 03020100 03020100 0b0a0908 0b0a0908
1450: 43424140 43424140 4b4a4948 4b4a4948 43424140 43424140 4b4a4948 4b4a4948
1458: 43424140 43424140 4b4a4948 4b4a4948 43424140 43424140 4b4a4948 4b4a4948
1460: 03020100 03020100 0b0a0908 0b0a0908 03020100 03020100 0b0a0908 0b0a0908
1468: 03020100 03020100 0b0a0908 0b0a0908 03020100 03020100 0b0a0908 0b0a0908
1470: 43424140 43424140 4b4a4948 4b4a4948 43424140 43424140 4b4a4948 4b4a4948
1478: 43424140 43424140 4b4a4948 4b4a4948 43424140 43424140 4b4a4948 4b4a4948
1480: 00000000 04040404 08080808 0c0c0c0c 00000000 04040404 08080808 0c0c0c0c
1488: 00000000 04040404 08080808 0c0c0c0c 00000000 04040404 08080808 0c0c0c0c
1490: 40404040 44444444 48484848 4c4c4c4c 40404040 44444444 48484848 4c4c4c4c
1498: 40404040 44444444 48484848 4c4c4c4c 40404040 44444444 48484848 4c4c4c4c
14a0: 00000000 04040404 08080808 0c0c0c0c 00000000 04040404 08080808 0c0c0c0c
14a8: 00000000 04040404 08080808 0c0c0c0c 00000000 04040404 08080808 0c0c0c0c
14b0: 40404040 44444444 48484848 4c4c4c4c 40404040 44444444 48484848 4c4c4c4c
14b8: 40404040 44444444 48484848 4c4c4c4c 40404040 44444444 48484848 4c4c4c4c
14c0: 01000100 05040504 09080908 0d0c0d0c 01000100 05040504 09080908 0d0c0d0c
14c8: 01000100 05040504 09080908 0d0c0d0c 01000100 05040504 09080908 0d0c0d0c
14d0: 41404140 45444544 49484948 4d4c4d4c 41404140 45444544 49484948 4d4c4d4c
14d8: 41404140 45444544 49484948 4d4c4d4c 41404140 45444544 49484948 4d4c4d4c
14e0: 01000100 05040504 09080908 0d0c0d0c 01000100 05040504 09080908 0d0c0d0c
14e8: 01000100 05040504 09080908 0d0c0d0c 01000100 05040504 09080908 0d0c0d0c
14f0: 41404140 45444544 49484948 4d4c4d4c 41404140 45444544 49484948 4d4c4d4c
14f8: 41404140 45444544 49484948 4d4c4d4c 41404140 45444544 49484948 4d4c4d4c
1500: 02020000 06060404 0a0a0808 0e0e0c0c 02020000 06060404 0a0a0808 0e0e0c0c
1508: 02020000 06060404 0a0a0808 0e0e0c0c 02020000 06060404 0a0a0808 0e0e0c0c
1510: 42424040 46464444 4a4a4848 4e4e4c4c 42424040 46464444 4a4a4848 4e4e4c4c
1518: 42424040 46464444 4a4a4848 4e4e4c4c 42424040 46464444 4a4a4848 4e4e4c4c
1520: 02020000 06060404 0a0a0808 0e0e0c0c 02020000 06060404 0a0a0808 0e0e0c0c
1528: 02020000 06060404 0a0a0808 0e0e0c0c 02020000 06060404 0a0a0808 0e0e0c0c
1530: 42424040 46464444 4a4a4848 4e4e4c4c 42424040 46464444 4a4a4848 4e4e4c4c
1538: 42424040 46464444 4a4a4848 4e4e4c4c 42424040 46464444 4a4a4848 4e4e4c4c
1540: 03020100 07060504 0b0a0908 0f0e0d0c 03020100 07060504 0b0a0908 0f0e0d0c
1548: 03020100 07060504 0b0a0908 0f0e0d0c 03020100 07060504 0b0a0908 0f0e0d0c
1550: 43424140 47464544 4b4a4948 4f4e4d4c 43424140 47464544 4b4a4948 4f4e4d4c
1558: 43424140 47464544 4b4a4948 4f4e4d4c 43424140 47464544 4b4a4948 4f4e4d4c
1560: 03020100 07060504 0b0a0908 0f0e0d0c 03020100 07060504 0b0a0908 0f0e0d0c
1568: 03020100 07060504 0b0a0908 0f0e0d0c 03020100 07060504 0b0a0908 0f0e0d0c
1570: 43424140 47464544 4b4a4948 4f4e4d4c 43424140 47464544 4b4a4948 4f4e4d4c
1578: 43424140 47464544 4b4a4948 4f4e4d4c 43424140 47464544 4b4a4948 4f4e4d4c
1580: 00000000 00000000 00000000 00000000 10101010 10101010 10101010 10101010
1588: 00000000 00000000 00000000 00000000 10101010 10101010 10101010 10101010
1590: 40404040 40404040 40404040 40404040 50505050 50505050 50505050 50505050
1598: 40404040 40404040 40404040 40404040 50505050 50505050 50505050 50505050
15a0: 00000000 00000000 00000000 00000000 10101010 10101010 10101010 10101010
15a8: 00000000 00000000 00000000 00000000 10101010 10101010 10101010 10101010
15b0: 40404040 40404040 40404040 40404040 50505050 50505050 50505050 50505050
15b8: 40404040 40404040 40404040 40404040 50505050 50505050 50505050 50505050
15c0: 01000100 01000100 01000100 01000100 11101110 11101110 11101110 11101110
15c8: 01000100 01000100 01000100 01000100 11101110 11101110 11101110 11101110
15d0: 41404140 41404140 41404140 41404140 51505150 51505150 51505150 51505150
15d8: 41404140 41404140 41404140 41404140 51505150 51505150 51505150 51505150
15e0: 01000100 01000100 01000100 01000100 11101110 11101110 11101110 11101110
15e8: 01000100 01000100 01000100 01000100 11101110 11101110 11101110 11101110
15f0: 41404140 41404140 41404140 41404140 51505150 51505150 51505150 51505150
15f8: 41404140 41404140 41404140 41404140 51505150 51505150 51505150 51505150
1600: 02020000 02020000 02020000 02020000 12121010 12121010 12121010 12121010
1608: 02020000 02020000 02020000 02020000 12121010 12121010 12121010 12121010
1610: 42424040 42424040 42424040 42424040 52525050 52525050 52525050 52525050
1618: 42424040 42424040 42424040 42424040 52525050 52525050 52525050 52525050
1620: 02020000 02020000 02020000 02020000 12121010 12121010 12121010 12121010
1628: 02020000 02020000 02020000 02020000 12121010 12121010 12121010 12121010
1630: 42424040 42424040 42424040 42424040 52525050 52525050 52525050 52525050
1638: 42424040 42424040 42424040 42424040 52525050 52525050 52525050 52525050
1640: 03020100 03020100 03020100 03020100 13121110 13121110 13121110 13121110
1648: 03020100 03020100 03020100 03020100 13121110 13121110 13121110 13121110
1650: 43424140 43424140 43424140 43424140 53525150 53525150 53525150 53525150
1658: 43424140 43424140 43424140 43424140 53525150 53525150 53525150 53525150
1660: 03020100 03020100 03020100 03020100 13121110 13121110 13121110 13121110
1668: 03020100 03020100 03020100 03020100 13121110 13121110 13121110 13121110
1670: 43424140 43424140 43424140 43424140 53525150 53525150 53525150 53525150
1678: 43424140 43424140 43424140 43424140 53525150 53525150 53525150 53525150
1680: 00000000 04040404 00000000 04040404 10101010 14141414 10101010 14141414
1688: 00000000 04040404 00000000 04040404 10101010 14141414 10101010 14141414
1690: 40404040 44444444 40404040 44444444 50505050 54545454 50505050 54545454
1698: 40404040 44444444 40404040 44444444 50505050 54545454 50505050 54545454
16a0: 00000000 04040404 00000000 04040404 10101010 14141414 10101010 14141414
16a8: 00000000 04040404 00000000 04040404 10101010 14141414 10101010 14141414
16b0: 40404040 44444444 40404040 44444444 50505050 54545454 50505050 54545454
16b8: 40404040 44444444 40404040 44444444 50505050 54545454 50505050 54545454
16c0: 01000100 05040504 01000100 05040504 11101110 15141514 11101110 15141514
16c8: 01000100 05040504 01000100 05040504 11101110 15141514 11101110 15141514
16d0: 41404140 45444544 41404140 45444544 51505150 55545554 51505150 55545554
16d8: 41404140 45444544 41404140 45444544 51505150 55545554 51505150 55545554
16e0: 01000100 05040504 01000100 05040504 11101110 15141514 11101110 15141514
16e8: 01000100 05040504 01000100 05040504 11101110 15141514 11101110 15141514
16f0: 41404140 45444544 41404140 45444544 51505150 55545554 51505150 55545554
16f8: 41404140 45444544 41404140 45444544 51505150 55545554 51505150 55545554
1700: 02020000 06060404 02020000 06060404 12121010 16161414 12121010 16161414
1708: 02020000 06060404 02020000 06060404 12121010 16161414 12121010 16161414
1710: 42424040 46464444 42424040 46464444 52525050 56565454 52525050 56565454
1718: 42424040 46464444 42424040 46464444 52525050 56565454 52525050 56565454
1720: 02020000 06060404 02020000 06060404 12121010 16161414 12121010 16161414
1728: 02020000 06060404 02020000 06060404 12121010 16161414 12121010 16161414
1730: 42424040 46464444 42424040 46464444 52525050 56565454 52525050 56565454
1738: 42424040 46464444 42424040 46464444 52525050 56565454 52525050 56565454
1740: 03020100 07060504 03020100 07060504 13121110 17161514 13121110 17161514
1748: 03020100 07060504 03020100 07060504 13121110 17161514 13121110 17161514
1750: 43424140 47464544 43424140 47464544 53525150 57565554 53525150 57565554
1758: 43424140 47464544 43424140 47464544 53525150 57565554 53525150 57565554
1760: 03020100 07060504 03020100 07060504 13121110 17161514 13121110 17161514
1768: 03020100 07060504 03020100 07060504 13121110 17161514 13121110 17161514
1770: 43424140 47464544 43424140 47464544 53525150 57565554 53525150 57565554
1778: 43424140 47464544 43424140 47464544 53525150 57565554 53525150 57565554
1780: 00000000 00000000 08080808 08080808 10101010 10101010 18181818 18181818
1788: 00000000 00000000 08080808 08080808 10101010 10101010 18181818 18181818
1790: 40404040 40404040 48484848 48484848 50505050 50505050 58585858 58585858
1798: 40404040 40404040 48484848 48484848 50505050 50505050 58585858 58585858
17a0: 00000000 00000000 08080808 08080808 10101010 10101010 18181818 18181818
17a8: 00000000 00000000 08080808 08080808 10101010 10101010 18181818 18181818
17b0: 40404040 40404040 48484848 48484848 50505050 50505050 58585858 58585858
17b8: 40404040 40404040 48484848 48484848 50505050 50505050 58585858 58585858
17c0: 01000100 01000100 09080908 09080908 11101110 11101110 19181918 19181918
17c8: 01000100 01000100 09080908 09080908 11101110 11101110 19181918 19181918
17d0: 41404140 41404140 49484948 49484948 51505150 51505150 59585958 59585958
17d8: 41404140 41404140 49484948 49484948 51505150 51505150 59585958 59585958
17e0: 01000100 01000100 09080908 09080908 11101110 11101110 19181918 19181918
17e8: 01000100 01000100 09080908 09080908 11101110 11101110 19181918 19181918
17f0: 41404140 41404140 49484948 49484948 51505150 51505150 59585958 59585958
17f8: 41404140 41404140 49484948 49484948 51505150 51505150 59585958 59585958
1800: 02020000 02020000 0a0a0808 0a0a0808 12121010 12121010 1a1a1818 1a1a1818
1808: 02020000 02020000 0a0a0808 0a0a0808 12121010 12121010 1a1a1818 1a1a1818
1810: 42424040 42424040 4a4a4848 4a4a4848 52525050 52525050 5a5a5858 5a5a5858
1818: 42424040 42424040 4a4a4848 4a4a4848 52525050 52525050 5a5a5858 5a5a5858
1820: 02020000 02020000 0a0a0808 0a0a0808 12121010 12121010 1a1a1818 1a1a1818
1828: 02020000 02020000 0a0a0808 0a0a0808 12121010 12121010 1a1a1818 1a1a1818
1830: 42424040 42424040 4a4a4848 4a4a4848 52525050 52525050 5a5a5858 5a5a5858
1838: 42424040 42424040 4a4a4848 4a4a4848 52525050 52525050 5a5a5858 5a5a5858
1840: 03020100 03020100 0b0a0908 0b0a0908 13121110 13121110 1b1a1918 1b1a1918
1848: 03020100 03020100 0b0a0908 0b0a0908 13121110 13121110 1b1a1918 1b1a1918
1850: 43424140 43424140 4b4a4948 4b4a4948 53525150 53525150 5b5a5958 5b5a5958
1858: 43424140 43424140 4b4a4948 4b4a4948 53525150 53525150 5b5a5958 5b5a5958
1860: 03020100 03020100 0b0a0908 0b0a0908 13121110 13121110 1b1a1918 1b1a1918
1868: 03020100 03020100 0b0a0908 0b0a0908 13121110 13121110 1b1a1918 1b1a1918
1870: 43424140 43424140 4b4a4948 4b4a4948 53525150 53525150 5b5a5958 5b5a5958
1878: 43424140 43424140 4b4a4948 4b4a4948 53525150 53525150 5b5a5958 5b5a5958
1880: 00000000 04040404 08080808 0c0c0c0c 10101010 14141414 18181818 1c1c1c1c
1888: 00000000 04040404 08080808 0c0c0c0c 10101010 14141414 18181818 1c1c1c1c
1890: 40404040 44444444 48484848 4c4c4c4c 50505050 54545454 58585858 5c5c5c5c
1898: 40404040 44444444 48484848 4c4c4c4c 50505050 54545454 58585858 5c5c5c5c
18a0: 00000000 04040404 08080808 0c0c0c0c 10101010 14141414 18181818 1c1c1c1c
18a8: 00000000 04040404 08080808 0c0c0c0c 10101010 14141414 18181818 1c1c1c1c
18b0: 40404040 44444444 48484848 4c4c4c4c 50505050 54545454 58585858 5c5c5c5c
18b8: 40404040 44444444 48484848 4c4c4c4c 50505050 54545454 58585858 5c5c5c5c
18c0: 01000100 05040504 09080908 0d0c0d0c 11101110 15141514 19181918 1d1c1d1c
18c8: 01000100 05040504 09080908 0d0c0d0c 11101110 15141514 19181918 1d1c1d1c
18d0: 41404140 45444544 49484948 4d4c4d4c 51505150 55545554 59585958 5d5c5d5c
18d8: 41404140 45444544 49484948 4d4c4d4c 51505150 55545554 59585958 5d5c5d5c
18e0: 01000100 05040504 09080908 0d0c0d0c 11101110 15141514 19181918 1d1c1d1c
18e8: 01000100 05040504 09080908 0d0c0d0c 11101110 15141514 19181918 1d1c1d1c
18f0: 41404140 45444544 49484948 4d4c4d4c 51505150 55545554 59585958 5d5c5d5c
18f8: 41404140 45444544 49484948 4d4c4d4c 51505150 55545554 59585958 5d5c5d5c
1900: 02020000 06060404 0a0a0808 0e0e0c0c 12121010 16161414 1a1a1818 1e1e1c1c
1908: 02020000 06060404 0a0a0808 0e0e0c0c 12121010 16161414 1a1a1818 1e1e1c1c
1910: 42424040 46464444 4a4a4848 4e4e4c4c 52525050 56565454 5a5a5858 5e5e5c5c
1918: 42424040 46464444 4a4a4848 4e4e4c4c 52525050 56565454 5a5a5858 5e5e5c5c
1920: 02020000 06060404 0a0a0808 0e0e0c0c 12121010 16161414 1a1a1818 1e1e1c1c
1928: 02020000 06060404 0a0a0808 0e0e0c0c 12121010 16161414 1a1a1818 1e1e1c1c
1930: 42424040 46464444 4a4a4848 4e4e4c4c 52525050 56565454 5a5a5858 5e5e5c5c
1938: 42424040 46464444 4a4a4848 4e4e4c4c 52525050 56565454 5a5a5858 5e5e5c5c
1940: 03020100 07060504 0b0a0908 0f0e0d0c 13121110 17161514 1b1a1918 1f1e1d1c
1948: 03020100 07060504 0b0a0908 0f0e0d0c 13121110 17161514 1b1a1918 1f1e1d1c
1950: 43424140 47464544 4b4a4948 4f4e4d4c 53525150 57565554 5b5a5958 5f5e5d5c
1958: 43424140 47464544 4b4a4948 4f4e4d4c 53525150 57565554 5b5a5958 5f5e5d5c
1960: 03020100 07060504 0b0a0908 0f0e0d0c 13121110 17161514 1b1a1918 1f1e1d1c
1968: 03020100 07060504 0b0a0908 0f0e0d0c 13121110 17161514 1b1a1918 1f1e1d1c
1970: 43424140 47464544 4b4a4948 4f4e4d4c 53525150 57565554 5b5a5958 5f5e5d5c
1978: 43424140 47464544 4b4a4948 4f4e4d4c 53525150 57565554 5b5a5958 5f5e5d5c
1980: 00000000 00000000 00000000 00000000 00000000 00000000 00000000 00000000
1988: 20202020 20202020 20202020 20202020 20202020 20202020 20202020 20202020
1990: 40404040 40404040 40404040 40404040 40404040 40404040 40404040 40404040
1998: 60606060 60606060 60606060 60606060 60606060 60606060 60606060 60606060
19a0: 00000000 00000000 00000000 00000000 00000000 00000000 00000000 00000000
19a8: 20202020 20202020 20202020 20202020 20202020 20202020 20202020 20202020
19b0: 40404040 40404040 40404040 40404040 40404040 40404040 40404040 40404040
19b8: 60606060 60606060 60606060 60606060 60606060 60606060 60606060 60606060
19c0: 01000100 01000100 01000100 01000100 01000100 01000100 01000100 01000100
19c8: 21202120 21202120 21202120 21202120 21202120 21202120 21202120 21202120
19d0: 41404140 41404140 41404140 41404140 41404140 41404140 41404140 41404140
19d8: 61606160 61606160 61606160 61606160 61606160 61606160 61606160 61606160
19e0: 01000100 01000100 01000100 01000100 01000100 01000100 01000100 01000100
19e8: 21202120 21202120 21202120 21202120 21202120 21202120 21202120 21202120
19f0: 41404140 41404140 41404140 41404140 41404140 41404140 41404140 41404140
19f8: 61606160 61606160 61606160 61606160 61606160 61606160 61606160 61606160
1a00: 02020000 02020000 02020000 02020000 02020000 02020000 02020000 02020000
1a08: 22222020 22222020 22222020 22222020 22222020 22222020 22222020 22222020
1a10: 42424040 42424040 42424040 42424040 42424040 42424040 42424040 42424040
1a18: 62626060 62626060 62626060 62626060 62626060 62626060 62626060 62626060
1a20: 02020000 02020000 02020000 02020000 02020000 02020000 02020000 02020000
1a28: 22222020 22222020 22222020 22222020 22222020 22222020 22222020 22222020
1a30: 42424040 42424040 42424040 42424040 42424040 42424040 42424040 42424040
1a38: 62626060 62626060 62626060 62626060 62626060 62626060 62626060 62626060
1a40: 03020100 03020100 03020100 03020100 03020100 03020100 03020100 03020100
1a48: 23222120 23222120 23222120 23222120 23222120 23222120 23222120 23222120
1a50: 43424140 43424140 43424140 43424140 43424140 43424140 43424140 43424140
1a58: 63626160 63626160 63626160 63626160 63626160 63626160 63626160 63626160
1a60: 03020100 03020100 03020100 03020100 03020100 03020100 03020100 03020100
1a68: 23222120 23222120 23222120 23222120 23222120 23222120 23222120 23222120
1a70: 43424140 43424140 43424140 43424140 43424140 43424140 43424140 43424140
1a78: 63626160 63626160 63626160 63626160 63626160 63626160 63626160 63626160
1a80: 00000000 04040404 00000000 04040404 00000000 04040404 00000000 04040404
1a88: 20202020 24242424 20202020 24242424 20202020 24242424 20202020 24242424
1a90: 40404040 44444444 40404040 44444444 40404040 44444444 40404040 44444444
1a98: 60606060 64646464 60606060 64646464 60606060 64646464 60606060 64646464
1aa0: 00000000 04040404 00000000 04040404 00000000 04040404 00000000 04040404
1aa8: 20202020 24242424 20202020 24242424 20202020 24242424 20202020 24242424
1ab0: 40404040 44444444 40404040 44444444 40404040 44444444 40404040 44444444
1ab8: 60606060 64646464 60606060 64646464 60606060 64646464 60606060 64646464
1ac0: 01000100 05040504 01000100 05040504 01000100 05040504 01000100 05040504
1ac8: 21202120 25242524 21202120 25242524 21202120 25242524 21202120 25242524
1ad0: 41404140 45444544 41404140 45444544 41404140 45444544 41404140 45444544
1ad8: 61606160 65646564 61606160 65646564 61606160 65646564 61606160 65646564
1ae0: 01000100 05040504 01000100 05040504 01000100 05040504 01000100 05040504
1ae8: 21202120 25242524 21202120 25242524 21202120 25242524 21202120 25242524
1af0: 41404140 45444544 41404140 45444544 41404140 45444544 41404140 45444544
1af8: 61606160 65646564 61606160 65646564 61606160 65646564 61606160 65646564
1b00: 02020000 06060404 02020000 06060404 02020000 06060404 02020000 06060404
1b08: 22222020 26262424 22222020 26262424 22222020 26262424 22222020 26262424
1b10: 42424040 46464444 42424040 46464444 42424040 46464444 42424040 46464444
1b18: 62626060 66666464 62626060 66666464 62626060 66666464 62626060 66666464
1b20: 02020000 06060404 02020000 06060404 02020000 06060404 02020000 06060404
1b28: 22222020 26262424 22222020 26262424 22222020 26262424 22222020 26262424
1b30: 42424040 46464444 42424040 46464444 42424040 46464444 42424040 46464444
1b38: 62626060 66666464 62626060 66666464 62626060 66666464 62626060 66666464
1b40: 03020100 07060504 03020100 07060504 03020100 07060504 03020100 07060504
1b48: 23222120 27262524 23222120 27262524 23222120 27262524 23222120 27262524
1b50: 43424140 47464544 43424140 47464544 43424140 47464544 43424140 47464544
1b58: 63626160 67666564 63626160 67666564 63626160 67666564 63626160 67666564
1b60: 03020100 07060504 03020100 07060504 03020100 07060504 03020100 07060504
1b68: 23222120 27262524 23222120 27262524 23222120 27262524 23222120 27262524
1b70: 43424140 47464544 43424140 47464544 43424140 47464544 43424140 47464544
1b78: 63626160 67666564 63626160 67666564 63626160 67666564 63626160 67666564
1b80: 00000000 00000000 08080808 08080808 00000000 00000000 08080808 08080808
1b88: 20202020 20202020 28282828 28282828 20202020 20202020 28282828 28282828
1b90: 40404040 40404040 48484848 48484848 40404040 40404040 48484848 48484848
1b98: 60606060 60606060 68686868 68686868 60606060 60606060 68686868 68686868
1ba0: 00000000 00000000 08080808 08080808 00000000 00000000 08080808 08080808
1ba8: 20202020 20202020 28282828 28282828 20202020 20202020 28282828 28282828
1bb0: 40404040 40404040 48484848 48484848 40404040 40404040 48484848 48484848
1bb8: 60606060 60606060 68686868 68686868 60606060 60606060 68686868 68686868
1bc0: 01000100 01000100 09080908 09080908 01000100 01000100 09080908 09080908
1bc8: 21202120 21202120 29282928 29282928 21202120 21202120 29282928 29282928
1bd0: 41404140 41404140 49484948 49484948 41404140 41404140 49484948 49484948
1bd8: 61606160 61606160 69686968 69686968 61606160 61606160 69686968 69686968
1be0: 01000100 01000100 09080908 09080908 01000100 01000100 09080908 09080908
1be8: 21202120 21202120 29282928 29282928 21202120 21202120 29282928 29282928
1bf0: 41404140 41404140 49484948 49484948 41404140 41404140 49484948 49484948
1bf8: 61606160 61606160 69686968 69686968 61606160 61606160 69686968 69686968
1c00: 02020000 02020000 0a0a0808 0a0a0808 02020000 02020000 0a0a0808 0a0a0808
1c08: 22222020 22222020 2a2a2828 2a2a2828 22222020 22222020 2a2a2828 2a2a2828
1c10: 42424040 42424040 4a4a4848 4a4a4848 42424040 42424040 4a4a4848 4a4a4848
1c18: 62626060 62626060 6a6a6868 6a6a6868 62626060 62626060 6a6a6868 6a6a6868
1c20: 02020000 02020000 0a0a0808 0a0a0808 02020000 02020000 0a0a0808 0a0a0808
1c28: 22222020 22222020 2a2a2828 2a2a2828 22222020 22222020 2a2a2828 2a2a2828
1c30: 42424040 42424040 4a4a4848 4a4a4848 42424040 42424040 4a4a4848 4a4a4848
1c38: 62626060 62626060 6a6a6868 6a6a6868 62626060 62626060 6a6a6868 6a6a6868
1c40: 03020100 03020100 0b0a0908 0b0a0908 03020100 03020100 0b0a0908 0b0a0908
1c48: 23222120 23222120 2b2a2928 2b2a2928 23222120 23222120 2b2a2928 2b2a2928
1c50: 43424140 43424140 4b4a4948 4b4a4948 43424140 43424140 4b4a4948 4b4a4948
1c58: 63626160 63626160 6b6a6968 6b6a6968 63626160 63626160 6b6a6968 6b6a6968
1c60: 03020100 03020100 0b0a0908 0b0a0908 03020100 03020100 0b0a0908 0b0a0908
1c68: 23222120 23222120 2b2a2928 2b2a2928 23222120 23222120 2b2a2928 2b2a2928
1c70: 43424140 43424140 4b4a4948 4b4a4948 43424140 43424140 4b4a4948 4b4a4948
1c78: 63626160 63626160 6b6a6968 6b6a6968 63626160 63626160 6b6a6968 6b6a6968
1c80: 00000000 04040404 08080808 0c0c0c0c 00000000 04040404 08080808 0c0c0c0c
1c88: 20202020 24242424 28282828 2c2c2c2c 20202020 24242424 28282828 2c2c2c2c
1c90: 40404040 44444444 48484848 4c4c4c4c 40404040 44444444 48484848 4c4c4c4c
1c98: 60606060 64646464 68686868 6c6c6c6c 60606060 64646464 68686868 6c6c6c6c
1ca0: 00000000 04040404 08080808 0c0c0c0c 00000000 04040404 08080808 0c0c0c0c
1ca8: 20202020 24242424 28282828 2c2c2c2c 20202020 24242424 28282828 2c2c2c2c
1cb0: 40404040 44444444 48484848 4c4c4c4c 40404040 44444444 48484848 4c4c4c4c
1cb8: 60606060 64646464 68686868 6c6c6c6c 60606060 64646464 68686868 6c6c6c6c
1cc0: 01000100 05040504 09080908 0d0c0d0c 01000100 05040504 09080908 0d0c0d0c
1cc8: 21202120 25242524 29282928 2d2c2d2c 21202120 25242524 29282928 2d2c2d2c
1cd0: 41404140 45444544 49484948 4d4c4d4c 41404140 45444544 49484948 4d4c4d4c
1cd8: 61606160 65646564 69686968 6d6c6d6c 61606160 65646564 69686968 6d6c6d6c
1ce0: 01000100 05040504 09080908 0d0c0d0c 01000100 05040504 09080908 0d0c0d0c
1ce8: 21202120 25242524 29282928 2d2c2d2c 21202120 25242524 29282928 2d2c2d2c
1cf0: 41404140 45444544 49484948 4d4c4d4c 41404140 45444544 49484948 4d4c4d4c
1cf8: 61606160 65646564 69686968 6d6c6d6c 61606160 65646564 69686968 6d6c6d6c
1d00: 02020000 06060404 0a0a0808 0e0e0c0c 02020000 06060404 0a0a0808 0e0e0c0c
1d08: 22222020 26262424 2a2a2828 2e2e2c2c 22222020 26262424 2a2a2828 2e2e2c2c
1d10: 42424040 46464444 4a4a4848 4e4e4c4c 42424040 46464444 4a4a4848 4e4e4c4c
1d18: 62626060 66666464 6a6a6868 6e6e6c6c 62626060 66666464 6a6a6868 6e6e6c6c
1d20: 02020000 06060404 0a0a0808 0e0e0c0c 02020000 06060404 0a0a0808 0e0e0c0c
1d28: 22222020 26262424 2a2a2828 2e2e2c2c 22222020 26262424 2a2a2828 2e2e2c2c
1d30: 42424040 46464444 4a4a4848 4e4e4c4c 42424040 46464444 4a4a4848 4e4e4c4c
1d38: 62626060 66666464 6a6a6868 6e6e6c6c 62626060 66666464 6a6a6868 6e6e6c6c
1d40: 03020100 07060504 0b0a0908 0f0e0d0c 03020100 07060504 0b0a0908 0f0e0d0c
1d48: 23222120 27262524 2b2a2928 2f2e2d2c 23222120 27262524 2b2a2928 2f2e2d2c
1d50: 43424140 47464544 4b4a4948 4f4e4d4c 43424140 47464544 4b4a4948 4f4e4d4c
1d58: 63626160 67666564 6b6a6968 6f6e6d6c 63626160 67666564 6b6a6968 6f6e6d6c
1d60: 03020100 07060504 0b0a0908 0f0e0d0c 03020100 07060504 0b0a0908 0f0e0d0c
1d68: 23222120 27262524 2b2a2928 2f2e2d2c 23222120 27262524 2b2a2928 2f2e2d2c
1d70: 43424140 47464544 4b4a4948 4f4e4d4c 43424140 47464544 4b4a4948 4f4e4d4c
1d78: 63626160 67666564 6b6a6968 6f6e6d6c 63626160 67666564 6b6a6968 6f6e6d6c
1d80: 00000000 00000000 00000000 00000000 10101010 10101010 10101010 10101010
1d88: 20202020 20202020 20202020 20202020 30303030 30303030 30303030 30303030
1d90: 40404040 40404040 40404040 40404040 50505050 50505050 50505050 50505050
1d98: 60606060 60606060 60606060 60606060 70707070 70707070 70707070 70707070
1da0: 00000000 00000000 00000000 00000000 10101010 10101010 10101010 10101010
1da8: 20202020 20202020 20202020 20202020 30303030 30303030 30303030 30303030
1db0: 40404040 40404040 40404040 40404040 50505050 50505050 50505050 50505050
1db8: 60606060 60606060 60606060 60606060 70707070 70707070 70707070 70707070
1dc0: 01000100 01000100 01000100 01000100 11101110 11101110 11101110 11101110
1dc8: 21202120 21202120 21202120 21202120 31303130 31303130 31303130 31303130
1dd0: 41404140 41404140 41404140 41404140 51505150 51505150 51505150 51505150
1dd8: 61606160 61606160 61606160 61606160 71707170 71707170 71707170 71707170
1de0: 01000100 01000100 01000100 01000100 11101110 11101110 11101110 11101110
1de8: 21202120 21202120 21202120 21202120 31303130 31303130 31303130 31303130
1df0: 41404140 41404140 41404140 41404140 51505150 51505150 51505150 51505150
1df8: 61606160 61606160 61606160 61606160 71707170 71707170 71707170 71707170
1e00: 02020000 02020000 02020000 02020000 12121010 12121010 12121010 12121010
1e08: 22222020 22222020 22222020 22222020 32323030 32323030 32323030 32323030
1e10: 42424040 42424040 42424040 42424040 52525050 52525050 52525050 52525050
1e18: 62626060 62626060 62626060 62626060 72727070 72727070 72727070 72727070
1e20: 02020000 02020000 02020000 02020000 12121010 12121010 12121010 12121010
1e28: 22222020 22222020 22222020 22222020 32323030 32323030 32323030 32323030
1e30: 42424040 42424040 42424040 42424040 52525050 52525050 52525050 52525050
1e38: 62626060 62626060 62626060 62626060 72727070 72727070 72727070 72727070
1e40: 03020100 03020100 03020100 03020100 13121110 13121110 13121110 13121110
1e48: 23222120 23222120 23222120 23222120 33323130 33323130 33323130 33323130
1e50: 43424140 43424140 43424140 43424140 53525150 53525150 53525150 53525150
1e58: 63626160 63626160 63626160 63626160 73727170 73727170 73727170 73727170
1e60: 03020100 03020100 03020100 03020100 13121110 13121110 13121110 13121110
1e68: 23222120 23222120 23222120 23222120 33323130 33323130 33323130 33323130
1e70: 43424140 43424140 43424140 43424140 53525150 53525150 53525150 53525150
1e78: 63626160 63626160 63626160 63626160 73727170 73727170 73727170 73727170
1e80: 00000000 04040404 00000000 04040404 10101010 14141414 10101010 14141414
1e88: 20202020 24242424 20202020 24242424 30303030 34343434 30303030 34343434
1e90: 40404040 44444444 40404040 44444444 50505050 54545454 50505050 54545454
1e98: 60606060 64646464 60606060 64646464 70707070 74747474 70707070 74747474
1ea0: 00000000 04040404 00000000 04040404 10101010 14141414 10101010 14141414
1ea8: 20202020 24242424 20202020 24242424 30303030 34343434 30303030 34343434
1eb0: 40404040 44444444 40404040 44444444 50505050 54545454 50505050 54545454
1eb8: 60606060 64646464 60606060 64646464 70707070 74747474 70707070 74747474
1ec0: 01000100 05040504 01000100 05040504 11101110 15141514 11101110 15141514
1ec8: 21202120 25242524 21202120 25242524 31303130 35343534 31303130 35343534
1ed0: 41404140 45444544 41404140 45444544 51505150 55545554 51505150 55545554
1ed8: 61606160 65646564 61606160 65646564 71707170 75747574 71707170 75747574
1ee0: 01000100 05040504 01000100 05040504 11101110 15141514 11101110 15141514
1ee8: 21202120 25242524 21202120 25242524 31303130 35343534 31303130 35343534
1ef0: 41404140 45444544 41404140 45444544 51505150 55545554 51505150 55545554
1ef8: 61606160 65646564 61606160 65646564 71707170 75747574 71707170 75747574
1f00: 02020000 06060404 02020000 06060404 12121010 16161414 12121010 16161414
1f08: 22222020 26262424 22222020 26262424 32323030 36363434 32323030 36363434
1f10: 42424040 46464444 42424040 46464444 52525050 56565454 52525050 56565454
1f18: 62626060 66666464 62626060 66666464 72727070 76767474 72727070 76767474
1f20: 02020000 06060404 02020000 06060404 12121010 16161414 12121010 16161414
1f28: 22222020 26262424 22222020 26262424 32323030 36363434 32323030 36363434
1f30: 42424040 46464444 42424040 46464444 52525050 56565454 52525050 56565454
1f38: 62626060 66666464 62626060 66666464 72727070 76767474 72727070 76767474
1f40: 03020100 07060504 03020100 07060504 13121110 17161514 13121110 17161514
1f48: 23222120 27262524 23222120 27262524 33323130 37363534 33323130 37363534
1f50: 43424140 47464544 43424140 47464544 53525150 57565554 53525150 57565554
1f58: 63626160 67666564 63626160 67666564 73727170 77767574 73727170 77767574
1f60: 03020100 07060504 03020100 07060504 13121110 17161514 13121110 17161514
1f68: 23222120 27262524 23222120 27262524 33323130 37363534 33323130 37363534
1f70: 43424140 47464544 43424140 47464544 53525150 57565554 53525150 57565554
1f78: 63626160 67666564 63626160 67666564 73727170 77767574 73727170 77767574
1f80: 00000000 00000000 08080808 08080808 10101010 10101010 18181818 18181818
1f88: 20202020 20202020 28282828 28282828 30303030 30303030 38383838 38383838
1f90: 40404040 40404040 48484848 48484848 50505050 50505050 58585858 58585858
1f98: 60606060 60606060 68686868 68686868 70707070 70707070 78787878 78787878
1fa0: 00000000 00000000 08080808 08080808 10101010 10101010 18181818 18181818
1fa8: 20202020 20202020 28282828 28282828 30303030 30303030 38383838 38383838
1fb0: 40404040 40404040 48484848 48484848 50505050 50505050 58585858 58585858
1fb8: 60606060 60606060 68686868 68686868 70707070 70707070 78787878 78787878
1fc0: 01000100 01000100 09080908 09080908 11101110 11101110 19181918 19181918
1fc8: 21202120 21202120 29282928 29282928 31303130 31303130 39383938 39383938
1fd0: 41404140 41404140 49484948 49484948 51505150 51505150 59585958 59585958
1fd8: 61606160 61606160 69686968 69686968 71707170 71707170 79787978 79787978
1fe0: 01000100 01000100 09080908 09080908 11101110 11101110 19181918 19181918
1fe8: 21202120 21202120 29282928 29282928 31303130 31303130 39383938 39383938
1ff0: 41404140 41404140 49484948 49484948 51505150 51505150 59585958 59585958
1ff8: 61606160 61606160 69686968 69686968 71707170 71707170 79787978 79787978
2000: 02020000 02020000 0a0a0808 0a0a0808 12121010 12121010 1a1a1818 1a1a1818
2008: 22222020 22222020 2a2a2828 2a2a2828 32323030 32323030 3a3a3838 3a3a3838
2010: 42424040 42424040 4a4a4848 4a4a4848 52525050 52525050 5a5a5858 5a5a5858
2018: 62626060 62626060 6a6a6868 6a6a6868 72727070 72727070 7a7a7878 7a7a7878
2020: 02020000 02020000 0a0a0808 0a0a0808 12121010 12121010 1a1a1818 1a1a1818
2028: 22222020 22222020 2a2a2828 2a2a2828 32323030 32323030 3a3a3838 3a3a3838
2030: 42424040 42424040 4a4a4848 4a4a4848 52525050 52525050 5a5a5858 5a5a5858
2038: 62626060 62626060 6a6a6868 6a6a6868 72727070 72727070 7a7a7878 7a7a7878
2040: 03020100 03020100 0b0a0908 0b0a0908 13121110 13121110 1b1a1918 1b1a1918
2048: 23222120 23222120 2b2a2928 2b2a2928 33323130 33323130 3b3a3938 3b3a3938
2050: 43424140 43424140 4b4a4948 4b4a4948 53525150 53525150 5b5a5958 5b5a5958
2058: 63626160 63626160 6b6a6968 6b6a6968 73727170 73727170 7b7a7978 7b7a7978
2060: 03020100 03020100 0b0a0908 0b0a0908 13121110 13121110 1b1a1918 1b1a1918
2068: 23222120 23222120 2b2a2928 2b2a2928 33323130 33323130 3b3a3938 3b3a3938
2070: 43424140 43424140 4b4a4948 4b4a4948 53525150 53525150 5b5a5958 5b5a5958
2078: 63626160 63626160 6b6a6968 6b6a6968 73727170 73727170 7b7a7978 7b7a7978
2080: 00000000 04040404 08080808 0c0c0c0c 10101010 14141414 18181818 1c1c1c1c
2088: 20202020 24242424 28282828 2c2c2c2c 30303030 34343434 38383838 3c3c3c3c
2090: 40404040 44444444 48484848 4c4c4c4c 50505050 54545454 58585858 5c5c5c5c
2098: 60606060 64646464 68686868 6c6c6c6c 70707070 74747474 78787878 7c7c7c7c
20a0: 00000000 04040404 08080808 0c0c0c0c 10101010 14141414 18181818 1c1c1c1c
20a8: 20202020 24242424 28282828 2c2c2c2c 30303030 34343434 38383838 3c3c3c3c
20b0: 40404040 44444444 48484848 4c4c4c4c 50505050 54545454 58585858 5c5c5c5c
20b8: 60606060 64646464 68686868 6c6c6c6c 70707070 74747474 78787878 7c7c7c7c
20c0: 01000100 05040504 09080908 0d0c0d0c 11101110 15141514 19181918 1d1c1d1c
20c8: 21202120 25242524 29282928 2d2c2d2c 31303130 35343534 39383938 3d3c3d3c
20d0: 41404140 45444544 49484948 4d4c4d4c 51505150 55545554 59585958 5d5c5d5c
20d8: 61606160 65646564 69686968 6d6c6d6c 71707170 75747574 79787978 7d7c7d7c
20e0: 01000100 05040504 09080908 0d0c0d0c 11101110 15141514 19181918 1d1c1d1c
20e8: 21202120 25242524 29282928 2d2c2d2c 31303130 35343534 39383938 3d3c3d3c
20f0: 41404140 45444544 49484948 4d4c4d4c 51505150 55545554 59585958 5d5c5d5c
20f8: 61606160 65646564 69686968 6d6c6d6c 71707170 75747574 79787978 7d7c7d7c
2100: 02020000 06060404 0a0a0808 0e0e0c0c 12121010 16161414 1a1a1818 1e1e1c1c
2108: 22222020 26262424 2a2a2828 2e2e2c2c 32323030 36363434 3a3a3838 3e3e3c3c
2110: 42424040 46464444 4a4a4848 4e4e4c4c 52525050 56565454 5a5a5858 5e5e5c5c
2118: 62626060 66666464 6a6a6868 6e6e6c6c 72727070 76767474 7a7a7878 7e7e7c7c
2120: 02020000 06060404 0a0a0808 0e0e0c0c 12121010 16161414 1a1a1818 1e1e1c1c
2128: 22222020 26262424 2a2a2828 2e2e2c2c 32323030 36363434 3a3a3838 3e3e3c3c
2130: 42424040 46464444 4a4a4848 4e4e4c4c 52525050 56565454 5a5a5858 5e5e5c5c
2138: 62626060 66666464 6a6a6868 6e6e6c6c 72727070 76767474 7a7a7878 7e7e7c7c
2140: 03020100 07060504 0b0a0908 0f0e0d0c 13121110 17161514 1b1a1918 1f1e1d1c
2148: 23222120 27262524 2b2a2928 2f2e2d2c 33323130 37363534 3b3a3938 3f3e3d3c
2150: 43424140 47464544 4b4a4948 4f4e4d4c 53525150 57565554 5b5a5958 5f5e5d5c
2158: 63626160 67666564 6b6a6968 6f6e6d6c 73727170 77767574 7b7a7978 7f7e7d7c
2160: 03020100 07060504 0b0a0908 0f0e0d0c 13121110 17161514 1b1a1918 1f1e1d1c
2168: 23222120 27262524 2b2a2928 2f2e2d2c 33323130 37363534 3b3a3938 3f3e3d3c
2170: 43424140 47464544 4b4a4948 4f4e4d4c 53525150 57565554 5b5a5958 5f5e5d5c
2178: 63626160 67666564 6b6a6968 6f6e6d6c 73727170 77767574 7b7a7978 7f7e7d7c
2180: 00000000 00000000 00000000 00000000 00000000 00000000 00000000 00000000
2188: 00000000 00000000 00000000 00000000 00000000 00000000 00000000 00000000
2190: 00000000 00000000 00000000 00000000 00000000 00000000 00000000 00000000
2198: 00000000 00000000 00000000 00000000 00000000 00000000 00000000 00000000
21a0: 80808080 80808080 80808080 80808080 80808080 80808080 80808080 80808080
21a8: 80808080 80808080 80808080 80808080 80808080 80808080 80808080 80808080
21b0: 80808080 80808080 80808080 80808080 80808080 80808080 80808080 80808080
21b8: 80808080 80808080 80808080 80808080 80808080 80808080 80808080 80808080
21c0: 01000100 01000100 01000100 01000100 01000100 01000100 01000100 01000100
21c8: 01000100 01000100 01000100 01000100 01000100 01000100 01000100 01000100
21d0: 01000100 01000100 01000100 01000100 01000100 01000100 01000100 01000100
21d8: 01000100 01000100 01000100 01000100 01000100 01000100 01000100 01000100
21e0: 81808180 81808180 81808180 81808180 81808180 81808180 81808180 81808180
21e8: 81808180 81808180 81808180 81808180 81808180 81808180 81808180 81808180
21f0: 81808180 81808180 81808180 81808180 81808180 81808180 81808180 81808180
21f8: 81808180 81808180 81808180 81808180 81808180 81808180 81808180 81808180
2200: 02020000 02020000 02020000 02020000 02020000 02020000 02020000 02020000
2208: 02020000 02020000 02020000 02020000 02020000 02020000 02020000 02020000
2210: 02020000 02020000 02020000 02020000 02020000 02020000 02020000 02020000
2218: 02020000 02020000 02020000 02020000 02020000 02020000 02020000 02020000
2220: 82828080 82828080 82828080 82828080 82828080 82828080 82828080 82828080
2228: 82828080 82828080 82828080 82828080 82828080 82828080 82828080 82828080
2230: 82828080 82828080 82828080 82828080 82828080 82828080 82828080 82828080
2238: 82828080 82828080 82828080 82828080 82828080 82828080 82828080 82828080
2240: 03020100 03020100 03020100 03020100 03020100 03020100 03020100 03020100
2248: 03020100 03020100 03020100 03020100 03020100 03020100 03020100 03020100
2250: 03020100 03020100 03020100 03020100 03020100 03020100 03020100 03020100
2258: 03020100 03020100 03020100 03020100 03020100 03020100 03020100 03020100
2260: 83828180 83828180 83828180 83828180 83828180 83828180 83828180 83828180
2268: 83828180 83828180 83828180 83828180 83828180 83828180 83828180 83828180
2270: 83828180 83828180 83828180 83828180 83828180 83828180 83828180 83828180
2278: 83828180 83828180 83828180 83828180 83828180 83828180 83828180 83828180
2280: 00000000 04040404 00000000 04040404 00000000 04040404 00000000 04040404
2288: 00000000 04040404 00000000 04040404 00000000 04040404 00000000 04040404
2290: 00000000 04040404 00000000 04040404 00000000 04040404 00000000 04040404
2298: 00000000 04040404 00000000 04040404 00000000 04040404 00000000 04040404
22a0: 80808080 84848484 80808080 84848484 80808080 84848484 80808080 84848484
22a8: 80808080 84848484 80808080 84848484 80808080 84848484 80808080 84848484
22b0: 80808080 84848484 80808080 84848484 80808080 84848484 80808080 84848484
22b8: 80808080 84848484 80808080 84848484 80808080 84848484 80808080 84848484
22c0: 01000100 05040504 01000100 05040504 01000100 05040504 01000100 05040504
22c8: 01000100 05040504 01000100 05040504 01000100 05040504 01000100 05040504
22d0: 01000100 05040504 01000100 05040504 01000100 05040504 01000100 05040504
22d8: 01000100 05040504 01000100 05040504 01000100 05040504 01000100 05040504
22e0: 81808180 85848584 81808180 85848584 81808180 85848584 81808180 85848584
22e8: 81808180 85848584 81808180 85848584 81808180 85848584 81808180 85848584
22f0: 81808180 85848584 81808180 85848584 81808180 85848584 81808180 85848584
22f8: 81808180 85848584 81808180 85848584 81808180 85848584 81808180 85848584
2300: 02020000 06060404 02020000 06060404 02020000 06060404 02020000 06060404
2308: 02020000 06060404 02020000 06060404 02020000 06060404 02020000 06060404
2310: 02020000 06060404 02020000 06060404 02020000 06060404 02020000 06060404
2318: 02020000 06060404 02020000 06060404 02020000 06060404 02020000 06060404
2320: 82828080 86868484 82828080 86868484 82828080 86868484 82828080 86868484
2328: 82828080 86868484 82828080 86868484 82828080 86868484 82828080 86868484
2330: 82828080 86868484 82828080 86868484 82828080 86868484 82828080 86868484
2338: 82828080 86868484 82828080 86868484 82828080 86868484 82828080 86868484
2340: 03020100 07060504 03020100 07060504 03020100 07060504 03020100 07060504
2348: 03020100 07060504 03020100 07060504 03020100 07060504 03020100 07060504
2350: 03020100 07060504 03020100 07060504 03020100 07060504 03020100 07060504
2358: 03020100 07060504 03020100 07060504 03020100 07060504 03020100 07060504
2360: 83828180 87868584 83828180 87868584 83828180 87868584 83828180 87868584
2368: 83828180 87868584 83828180 87868584 83828180 87868584 83828180 87868584
2370: 83828180 87868584 83828180 87868584 83828180 87868584 83828180 87868584
2378: 83828180 87868584 83828180 87868584 83828180 87868584 83828180 87868584
2380: 00000000 00000000 08080808 08080808 00000000 00000000 08080808 08080808
2388: 00000000 00000000 08080808 08080808 00000000 00000000 08080808 08080808
2390: 00000000 00000000 08080808 08080808 00000000 00000000 08080808 08080808
2398: 00000000 00000000 08080808 08080808 00000000 00000000 08080808 08080808
23a0: 80808080 80808080 88888888 88888888 80808080 80808080 88888888 88888888
23a8: 80808080 80808080 88888888 88888888 80808080 80808080 88888888 88888888
23b0: 80808080 80808080 88888888 88888888 80808080 80808080 88888888 88888888
23b8: 80808080 80808080 88888888 88888888 80808080 80808080 88888888 88888888
23c0: 01000100 01000100 09080908 09080908 01000100 01000100 09080908 09080908
23c8: 01000100 01000100 09080908 09080908 01000100 01000100 09080908 09080908
23d0: 01000100 01000100 09080908 09080908 01000100 01000100 09080908 09080908
23d8: 01000100 01000100 09080908 09080908 01000100 01000100 09080908 09080908
23e0: 81808180 81808180 89888988 89888988 81808180 81808180 89888988 89888988
23e8: 81808180 81808180 89888988 89888988 81808180 81808180 89888988 89888988
23f0: 81808180 81808180 89888988 89888988 81808180 81808180 89888988 89888988
23f8: 81808180 81808180 89888988 89888988 81808180 81808180 89888988 89888988
2400: 02020000 02020000 0a0a0808 0a0a0808 02020000 02020000 0a0a0808 0a0a0808
2408: 02020000 02020000 0a0a0808 0a0a0808 02020000 02020000 0a0a0808 0a0a0808
2410: 02020000 02020000 0a0a0808 0a0a0808 02020000 02020000 0a0a0808 0a0a0808
2418: 02020000 02020000 0a0a0808 0a0a0808 02020000 02020000 0a0a0808 0a0a0808
2420: 82828080 82828080 8a8a8888 8a8a8888 82828080 82828080 8a8a8888 8a8a8888
2428: 82828080 82828080 8a8a8888 8a8a8888 82828080 82828080 8a8a8888 8a8a8888
2430: 82828080 82828080 8a8a8888 8a8a8888 82828080 82828080 8a8a8888 8a8a8888
2438: 82828080 82828080 8a8a8888 8a8a8888 82828080 82828080 8a8a8888 8a8a8888
2440: 03020100 03020100 0b0a0908 0b0a0908 03020100 03020100 0b0a0908 0b0a0908
2448: 03020100 03020100 0b0a0908 0b0a0908 03020100 03020100 0b0a0908 0b0a0908
2450: 03020100 03020100 0b0a0908 0b0a0908 03020100 03020100 0b0a0908 0b0a0908
2458: 03020100 03020100 0b0a0908 0b0a0908 03020100 03020100 0b0a0908 0b0a0908
2460: 83828180 83828180 8b8a8988 8b8a8988 83828180 83828180 8b8a8988 8b8a8988
2468: 83828180 83828180 8b8a8988 8b8a8988 83828180 83828180 8b8a8988 8b8a8988
2470: 83828180 83828180 8b8a8988 8b8a8988 83828180 83828180 8b8a8988 8b8a8988
2478: 83828180 83828180 8b8a8988 8b8a8988 83828180 83828180 8b8a8988 8b8a8988
2480: 00000000 04040404 08080808 0c0c0c0c 00000000 04040404 08080808 0c0c0c0c
2488: 00000000 04040404 08080808 0c0c0c0c 00000000 04040404 08080808 0c0c0c0c
2490: 00000000 04040404 08080808 0c0c0c0c 00000000 04040404 08080808 0c0c0c0c
2498: 00000000 04040404 08080808 0c0c0c0c 00000000 04040404 08080808 0c0c0c0c
24a0: 80808080 84848484 88888888 8c8c8c8c 80808080 84848484 88888888 8c8c8c8c
24a8: 80808080 84848484 88888888 8c8c8c8c 80808080 84848484 88888888 8c8c8c8c
24b0: 80808080 84848484 88888888 8c8c8c8c 80808080 84848484 88888888 8c8c8c8c
24b8: 80808080 84848484 88888888 8c8c8c8c 80808080 84848484 88888888 8c8c8c8c
24c0: 01000100 05040504 09080908 0d0c0d0c 01000100 05040504 09080908 0d0c0d0c
24c8: 01000100 05040504 09080908 0d0c0d0c 01000100 05040504 09080908 0d0c0d0c
24d0: 01000100 05040504 09080908 0d0c0d0c 01000100 05040504 09080908 0d0c0d0c
24d8: 01000100 05040504 09080908 0d0c0d0c 01000100 05040504 09080908 0d0c0d0c
24e0: 81808180 85848584 89888988 8d8c8d8c 81808180 85848584 89888988 8d8c8d8c
24e8: 81808180 85848584 89888988 8d8c8d8c 81808180 85848584 89888988 8d8c8d8c
24f0: 81808180 85848584 89888988 8d8c8d8c 81808180 85848584 89888988 8d8c8d8c
24f8: 81808180 85848584 89888988 8d8c8d8c 81808180 85848584 89888988 8d8c8d8c
2500: 02020000 06060404 0a0a0808 0e0e0c0c 02020000 06060404 0a0a0808 0e0e0c0c
2508: 02020000 06060404 0a0a0808 0e0e0c0c 02020000 06060404 0a0a0808 0e0e0c0c
2510: 02020000 06060404 0a0a0808 0e0e0c0c 02020000 06060404 0a0a0808 0e0e0c0c
2518: 02020000 06060404 0a0a0808 0e0e0c0c 02020000 06060404 0a0a0808 0e0e0c0c
2520: 82828080 86868484 8a8a8888 8e8e8c8c 82828080 86868484 8a8a8888 8e8e8c8c
2528: 82828080 86868484 8a8a8888 8e8e8c8c 82828080 86868484 8a8a8888 8e8e8c8c
2530: 82828080 86868484 8a8a8888 8e8e8c8c 82828080 86868484 8a8a8888 8e8e8c8c
2538: 82828080 86868484 8a8a8888 8e8e8c8c 82828080 86868484 8a8a8888 8e8e8c8c
2540: 03020100 07060504 0b0a0908 0f0e0d0c 03020100 07060504 0b0a0908 0f0e0d0c
2548: 03020100 07060504 0b0a0908 0f0e0d0c 03020100 07060504 0b0a0908 0f0e0d0c
2550: 03020100 07060504 0b0a0908 0f0e0d0c 03020100 07060504 0b0a0908 0f0e0d0c
2558: 03020100 07060504 0b0a0908 0f0e0d0c 03020100 07060504 0b0a0908 0f0e0d0c
2560: 83828180 87868584 8b8a8988 8f8e8d8c 83828180 87868584 8b8a8988 8f8e8d8c
2568: 83828180 87868584 8b8a8988 8f8e8d8c 83828180 87868584 8b8a8988 8f8e8d8c
2570: 83828180 87868584 8b8a8988 8f8e8d8c 83828180 87868584 8b8a8988 8f8e8d8c
2578: 83828180 87868584 8b8a8988 8f8e8d8c 83828180 87868584 8b8a8988 8f8e8d8c
2580: 00000000 00000000 00000000 00000000 10101010 10101010 10101010 10101010
2588: 00000000 00000000 00000000 00000000 10101010 10101010 10101010 10101010
2590: 00000000 00000000 00000000 00000000 10101010 10101010 10101010 10101010
2598: 00000000 00000000 00000000 00000000 10101010 10101010 10101010 10101010
25a0: 80808080 80808080 80808080 80808080 90909090 90909090 90909090 90909090
25a8: 80808080 80808080 80808080 80808080 90909090 90909090 90909090 90909090
25b0: 80808080 80808080 80808080 80808080 90909090 90909090 90909090 90909090
25b8: 80808080 80808080 80808080 80808080 90909090 90909090 90909090 90909090
25c0: 01000100 01000100 01000100 01000100 11101110 11101110 11101110 11101110
25c8: 01000100 01000100 01000100 01000100 11101110 11101110 11101110 11101110
25d0: 01000100 01000100 01000100 01000100 11101110 11101110 11101110 11101110
25d8: 01000100 01000100 01000100 01000100 11101110 11101110 11101110 11101110
25e0: 81808180 81808180 81808180 81808180 91909190 91909190 91909190 91909190
25e8: 81808180 81808180 81808180 81808180 91909190 91909190 91909190 91909190
25f0: 81808180 81808180 81808180 81808180 91909190 91909190 91909190 91909190
25f8: 81808180 81808180 81808180 81808180 91909190 91909190 91909190 91909190
2600: 02020000 02020000 02020000 02020000 12121010 12121010 12121010 12121010
2608: 02020000 02020000 02020000 02020000 12121010 12121010 12121010 12121010
2610: 02020000 02020000 02020000 02020000 12121010 12121010 12121010 12121010
2618: 02020000 02020000 02020000 02020000 12121010 12121010 12121010 12121010
2620: 82828080 82828080 82828080 82828080 92929090 92929090 92929090 92929090
2628: 82828080 82828080 82828080 82828080 92929090 92929090 92929090 92929090
2630: 82828080 82828080 82828080 82828080 92929090 92929090 92929090 92929090
2638: 82828080 82828080 82828080 82828080 92929090 92929090 92929090 92929090
2640: 03020100 03020100 03020100 03020100 13121110 13121110 13121110 13121110
2648: 03020100 03020100 03020100 03020100 13121110 13121110 13121110 13121110
2650: 03020100 03020100 03020100 03020100 13121110 13121110 13121110 13121110
2658: 03020100 03020100 03020100 03020100 13121110 13121110 13121110 13121110
2660: 83828180 83828180 83828180 83828180 93929190 93929190 93929190 93929190
2668: 83828180 83828180 83828180 83828180 93929190 93929190 93929190 93929190
2670: 83828180 83828180 83828180 83828180 93929190 93929190 93929190 93929190
2678: 83828180 83828180 83828180 83828180 93929190 93929190 93929190 93929190
2680: 00000000 04040404 00000000 04040404 10101010 14141414 10101010 14141414
2688: 00000000 04040404 00000000 04040404 10101010 14141414 10101010 14141414
2690: 00000000 04040404 00000000 04040404 10101010 14141414 10101010 14141414
2698: 00000000 04040404 00000000 04040404 10101010 14141414 10101010 14141414
26a0: 80808080 84848484 80808080 84848484 90909090 94949494 90909090 94949494
26a8: 80808080 84848484 80808080 84848484 90909090 94949494 90909090 94949494
26b0: 80808080 84848484 80808080 84848484 90909090 94949494 90909090 94949494
26b8: 80808080 84848484 80808080 84848484 90909090 94949494 90909090 94949494
26c0: 01000100 05040504 01000100 05040504 11101110 15141514 11101110 15141514
26c8: 01000100 05040504 01000100 05040504 11101110 15141514 11101110 15141514
26d0: 01000100 05040504 01000100 05040504 11101110 15141514 11101110 15141514
26d8: 01000100 05040504 01000100 05040504 11101110 15141514 11101110 15141514
26e0: 81808180 85848584 81808180 85848584 91909190 95949594 91909190 95949594
26e8: 81808180 85848584 81808180 85848584 91909190 95949594 91909190 95949594
26f0: 81808180 85848584 81808180 85848584 91909190 95949594 91909190 95949594
26f8: 81808180 85848584 81808180 85848584 91909190 95949594 91909190 95949594
2700: 02020000 06060404 02020000 06060404 12121010 16161414 12121010 16161414
2708: 02020000 06060404 02020000 06060404 12121010 16161414 12121010 16161414
2710: 02020000 06060404 02020000 06060404 12121010 16161414 12121010 16161414
2718: 02020000 06060404 02020000 06060404 12121010 16161414 12121010 16161414
2720: 82828080 86868484 82828080 86868484 92929090 96969494 92929090 96969494
2728: 82828080 86868484 82828080 86868484 92929090 96969494 92929090 96969494
2730: 82828080 86868484 82828080 86868484 92929090 96969494 92929090 96969494
2738: 82828080 86868484 82828080 86868484 92929090 96969494 92929090 96969494
2740: 03020100 07060504 03020100 07060504 13121110 17161514 13121110 17161514
2748: 03020100 07060504 03020100 07060504 13121110 17161514 13121110 17161514
2750: 03020100 07060504 03020100 07060504 13121110 17161514 13121110 17161514
2758: 03020100 07060504 03020100 07060504 13121110 17161514 13121110 17161514
2760: 83828180 87868584 83828180 87868584 93929190 97969594 93929190 97969594
2768: 83828180 87868584 83828180 87868584 93929190 97969594 93929190 97969594
2770: 83828180 87868584 83828180 87868584 93929190 97969594 93929190 97969594
2778: 83828180 87868584 83828180 87868584 93929190 97969594 93929190 97969594
2780: 00000000 00000000 08080808 08080808 10101010 10101010 18181818 18181818
2788: 00000000 00000000 08080808 08080808 10101010 10101010 18181818 18181818
2790: 00000000 00000000 08080808 08080808 10101010 10101010 18181818 18181818
2798: 00000000 00000000 08080808 08080808 10101010 10101010 18181818 18181818
27a0: 80808080 80808080 88888888 88888888 90909090 90909090 98989898 98989898
27a8: 80808080 80808080 88888888 88888888 90909090 90909090 98989898 98989898
27b0: 80808080 80808080 88888888 88888888 90909090 90909090 98989898 98989898
27b8: 80808080 80808080 88888888 88888888 90909090 90909090 98989898 98989898
27c0: 01000100 01000100 09080908 09080908 11101110 11101110 19181918 19181918
27c8: 01000100 01000100 09080908 09080908 11101110 11101110 19181918 19181918
27d0: 01000100 01000100 09080908 09080908 11101110 11101110 19181918 19181918
27d8: 01000100 01000100 09080908 09080908 11101110 11101110 19181918 19181918
27e0: 81808180 81808180 89888988 89888988 91909190 91909190 99989998 99989998
27e8: 81808180 81808180 89888988 89888988 91909190 91909190 99989998 99989998
27f0: 81808180 81808180 89888988 89888988 91909190 91909190 99989998 99989998
27f8: 81808180 81808180 89888988 89888988 91909190 91909190 99989998 99989998
2800: 02020000 02020000 0a0a0808 0a0a0808 12121010 12121010 1a1a1818 1a1a1818
2808: 02020000 02020000 0a0a0808 0a0a0808 12121010 12121010 1a1a1818 1a1a1818
2810: 02020000 02020000 0a0a0808 0a0a0808 12121010 12121010 1a1a1818 1a1a1818
2818: 02020000 02020000 0a0a0808 0a0a0808 12121010 12121010 1a1a1818 1a1a1818
2820: 82828080 82828080 8a8a8888 8a8a8888 92929090 92929090 9a9a9898 9a9a9898
2828: 82828080 82828080 8a8a8888 8a8a8888 92929090 92929090 9a9a9898 9a9a9898
2830: 82828080 82828080 8a8a8888 8a8a8888 92929090 92929090 9a9a9898 9a9a9898
2838: 82828080 82828080 8a8a8888 8a8a8888 92929090 92929090 9a9a9898 9a9a9898
2840: 03020100 03020100 0b0a0908 0b0a0908 13121110 13121110 1b1a1918 1b1a1918
2848: 03020100 03020100 0b0a0908 0b0a0908 13121110 13121110 1b1a1918 1b1a1918
2850: 03020100 03020100 0b0a0908 0b0a0908 13121110 13121110 1b1a1918 1b1a1918
2858: 03020100 03020100 0b0a0908 0b0a0908 13121110 13121110 1b1a1918 1b1a1918
2860: 83828180 83828180 8b8a8988 8b8a8988 93929190 93929190 9b9a9998 9b9a9998
2868: 83828180 83828180 8b8a8988 8b8a8988 93929190 93929190 9b9a9998 9b9a9998
2870: 83828180 83828180 8b8a8988 8b8a8988 93929190 93929190 9b9a9998 9b9a9998
2878: 83828180 83828180 8b8a8988 8b8a8988 93929190 93929190 9b9a9998 9b9a9998
2880: 00000000 04040404 08080808 0c0c0c0c 10101010 14141414 18181818 1c1c1c1c
2888: 00000000 04040404 08080808 0c0c0c0c 10101010 14141414 18181818 1c1c1c1c
2890: 00000000 04040404 08080808 0c0c0c0c 10101010 14141414 18181818 1c1c1c1c
2898: 00000000 04040404 08080808 0c0c0c0c 10101010 14141414 18181818 1c1c1c1c
28a0: 80808080 84848484 88888888 8c8c8c8c 90909090 94949494 98989898 9c9c9c9c
28a8: 80808080 84848484 88888888 8c8c8c8c 90909090 94949494 98989898 9c9c9c9c
28b0: 80808080 84848484 88888888 8c8c8c8c 90909090 94949494 98989898 9c9c9c9c
28b8: 80808080 84848484 88888888 8c8c8c8c 90909090 94949494 98989898 9c9c9c9c
28c0: 01000100 05040504 09080908 0d0c0d0c 11101110 15141514 19181918 1d1c1d1c
28c8: 01000100 05040504 09080908 0d0c0d0c 11101110 15141514 19181918 1d1c1d1c
28d0: 01000100 05040504 09080908 0d0c0d0c 11101110 15141514 19181918 1d1c1d1c
28d8: 01000100 05040504 09080908 0d0c0d0c 11101110 15141514 19181918 1d1c1d1c
28e0: 81808180 85848584 89888988 8d8c8d8c 91909190 95949594 99989998 9d9c9d9c
28e8: 81808180 85848584 89888988 8d8c8d8c 91909190 95949594 99989998 9d9c9d9c
28f0: 81808180 85848584 89888988 8d8c8d8c 91909190 95949594 99989998 9d9c9d9c
28f8: 81808180 85848584 89888988 8d8c8d8c 91909190 95949594 99989998 9d9c9d9c
2900: 02020000 06060404 0a0a0808 0e0e0c0c 12121010 16161414 1a1a1818 1e1e1c1c
2908: 02020000 06060404 0a0a0808 0e0e0c0c 12121010 16161414 1a1a1818 1e1e1c1c
2910: 02020000 06060404 0a0a0808 0e0e0c0c 12121010 16161414 1a1a1818 1e1e1c1c
2918: 02020000 06060404 0a0a0808 0e0e0c0c 12121010 16161414 1a1a1818 1e1e1c1c
2920: 82828080 86868484 8a8a8888 8e8e8c8c 92929090 96969494 9a9a9898 9e9e9c9c
2928: 82828080 86868484 8a8a8888 8e8e8c8c 92929090 96969494 9a9a9898 9e9e9c9c
2930: 82828080 86868484 8a8a8888 8e8e8c8c 92929090 96969494 9a9a9898 9e9e9c9c
2938: 82828080 86868484 8a8a8888 8e8e8c8c 92929090 96969494 9a9a9898 9e9e9c9c
2940: 03020100 07060504 0b0a0908 0f0e0d0c 13121110 17161514 1b1a1918 1f1e1d1c
2948: 03020100 07060504 0b0a0908 0f0e0d0c 13121110 17161514 1b1a1918 1f1e1d1c
2950: 03020100 07060504 0b0a0908 0f0e0d0c 13121110 17161514 1b1a1918 1f1e1d1c
2958: 03020100 07060504 0b0a0908 0f0e0d0c 13121110 17161514 1b1a1918 1f1e1d1c
2960: 83828180 87868584 8b8a8988 8f8e8d8c 93929190 97969594 9b9a9998 9f9e9d9c
2968: 83828180 87868584 8b8a8988 8f8e8d8c 93929190 97969594 9b9a9998 9f9e9d9c
2970: 83828180 87868584 8b8a8988 8f8e8d8c 93929190 97969594 9b9a9998 9f9e9d9c
2978: 83828180 87868584 8b8a8988 8f8e8d8c 93929190 97969594 9b9a9998 9f9e9d9c
2980: 00000000 00000000 00000000 00000000 00000000 00000000 00000000 00000000
2988: 20202020 20202020 20202020 20202020 20202020 20202020 20202020 20202020
2990: 00000000 00000000 00000000 00000000 00000000 00000000 00000000 00000000
2998: 20202020 20202020 20202020 20202020 20202020 20202020 20202020 20202020
29a0: 80808080 80808080 80808080 80808080 80808080 80808080 80808080 80808080
29a8: a0a0a0a0 a0a0a0a0 a0a0a0a0 a0a0a0a0 a0a0a0a0 a0a0a0a0 a0a0a0a0 a0a0a0a0
29b0: 80808080 80808080 80808080 80808080 80808080 80808080 80808080 80808080
29b8: a0a0a0a0 a0a0a0a0 a0a0a0a0 a0a0a0a0 a0a0a0a0 a0a0a0a0 a0a0a0a0 a0a0a0a0
29c0: 01000100 01000100 01000100 01000100 01000100 01000100 01000100 01000100
29c8: 21202120 21202120 21202120 21202120 21202120 21202120 21202120 21202120
29d0: 01000100 01000100 01000100 01000100 01000100 01000100 01000100 01000100
29d8: 21202120 21202120 21202120 21202120 21202120 21202120 21202120 21202120
29e0: 81808180 81808180 81808180 81808180 81808180 81808180 81808180 81808180
29e8: a1a0a1a0 a1a0a1a0 a1a0a1a0 a1a0a1a0 a1a0a1a0 a1a0a1a0 a1a0a1a0 a1a0a1a0
29f0: 81808180 81808180 81808180 81808180 81808180 81808180 81808180 81808180
29f8: a1a0a1a0 a1a0a1a0 a1a0a1a0 a1a0a1a0 a1a0a1a0 a1a0a1a0 a1a0a1a0 a1a0a1a0
2a00: 02020000 02020000 02020000 02020000 02020000 02020000 02020000 02020000
2a08: 22222020 22222020 22222020 22222020 22222020 22222020 22222020 22222020
2a10: 02020000 02020000 02020000 02020000 02020000 02020000 02020000 02020000
2a18: 22222020 22222020 22222020 22222020 22222020 22222020 22222020 22222020
2a20: 82828080 82828080 82828080 82828080 82828080 82828080 82828080 82828080
2a28: a2a2a0a0 a2a2a0a0 a2a2a0a0 a2a2a0a0 a2a2a0a0 a2a2a0a0 a2a2a0a0 a2a2a0a0
2a30: 82828080 82828080 82828080 82828080 82828080 82828080 82828080 82828080
2a38: a2a2a0a0 a2a2a0a0 a2a2a0a0 a2a2a0a0 a2a2a0a0 a2a2a0a0 a2a2a0a0 a2a2a0a0
2a40: 03020100 03020100 03020100 03020100 03020100 03020100 03020100 03020100
2a48: 23222120 23222120 23222120 23222120 23222120 23222120 23222120 23222120
2a50: 03020100 03020100 03020100 03020100 03020100 03020100 03020100 03020100
2a58: 23222120 23222120 23222120 23222120 23222120 23222120 23222120 23222120
2a60: 83828180 83828180 83828180 83828180 83828180 83828180 83828180 83828180
2a68: a3a2a1a0 a3a2a1a0 a3a2a1a0 a3a2a1a0 a3a2a1a0 a3a2a1a0 a3a2a1a0 a3a2a1a0
2a70: 83828180 83828180 83828180 83828180 83828180 83828180 83828180 83828180
2a78: a3a2a1a0 a3a2a1a0 a3a2a1a0 a3a2a1a0 a3a2a1a0 a3a2a1a0 a3a2a1a0 a3a2a1a0
2a80: 00000000 04040404 00000000 04040404 00000000 04040404 00000000 04040404
2a88: 20202020 24242424 20202020 24242424 20202020 24242424 20202020 24242424
2a90: 00000000 04040404 00000000 04040404 00000000 04040404 00000000 04040404
2a98: 20202020 24242424 20202020 24242424 20202020 24242424 20202020 24242424
2aa0: 80808080 84848484 80808080 84848484 80808080 84848484 80808080 84848484
2aa8: a0a0a0a0 a4a4a4a4 a0a0a0a0 a4a4a4a4 a0a0a0a0 a4a4a4a4 a0a0a0a0 a4a4a4a4
2ab0: 80808080 84848484 80808080 84848484 80808080 84848484 80808080 84848484
2ab8: a0a0a0a0 a4a4a4a4 a0a0a0a0 a4a4a4a4 a0a0a0a0 a4a4a4a4 a0a0a0a0 a4a4a4a4
2ac0: 01000100 05040504 01000100 05040504 01000100 05040504 01000100 05040504
2ac8: 21202120 25242524 21202120 25242524 21202120 25242524 21202120 25242524
2ad0: 01000100 05040504 01000100 05040504 01000100 05040504 01000100 05040504
2ad8: 21202120 25242524 21202120 25242524 21202120 25242524 21202120 25242524
2ae0: 81808180 85848584 81808180 85848584 81808180 85848584 81808180 85848584
2ae8: a1a0a1a0 a5a4a5a4 a1a0a1a0 a5a4a5a4 a1a0a1a0 a5a4a5a4 a1a0a1a0 a5a4a5a4
2af0: 81808180 85848584 81808180 85848584 81808180 85848584 81808180 85848584
2af8: a1a0a1a0 a5a4a5a4 a1a0a1a0 a5a4a5a4 a1a0a1a0 a5a4a5a4 a1a0a1a0 a5a4a5a4
2b00: 02020000 06060404 02020000 06060404 02020000 06060404 02020000 06060404
2b08: 22222020 26262424 22222020 26262424 22222020 26262424 22222020 26262424
2b10: 02020000 06060404 02020000 06060404 02020000 06060404 02020000 06060404
2b18: 22222020 26262424 22222020 26262424 22222020 26262424 22222020 26262424
2b20: 82828080 86868484 82828080 86868484 82828080 86868484 82828080 86868484
2b28: a2a2a0a0 a6a6a4a4 a2a2a0a0 a6a6a4a4 a2a2a0a0 a6a6a4a4 a2a2a0a0 a6a6a4a4
2b30: 82828080 86868484 82828080 86868484 82828080 86868484 82828080 86868484
2b38: a2a2a0a0 a6a6a4a4 a2a2a0a0 a6a6a4a4 a2a2a0a0 a6a6a4a4 a2a2a0a0 a6a6a4a4
2b40: 03020100 07060504 03020100 07060504 03020100 07060504 03020100 07060504
2b48: 23222120 27262524 23222120 27262524 23222120 27262524 23222120 27262524
2b50: 03020100 07060504 03020100 07060504 03020100 07060504 03020100 07060504
2b58: 23222120 27262524 23222120 27262524 23222120 27262524 23222120 27262524
2b60: 83828180 87868584 83828180 87868584 83828180 87868584 83828180 87868584
2b68: a3a2a1a0 a7a6a5a4 a3a2a1a0 a7a6a5a4 a3a2a1a0 a7a6a5a4 a3a2a1a0 a7a6a5a4
2b70: 83828180 87868584 83828180 87868584 83828180 87868584 83828180 87868584
2b78: a3a2a1a0 a7a6a5a4 a3a2a1a0 a7a6a5a4 a3a2a1a0 a7a6a5a4 a3a2a1a0 a7a6a5a4
2b80: 00000000 00000000 08080808 08080808 00000000 00000000 08080808 08080808
2b88: 20202020 20202020 28282828 28282828 20202020 20202020 28282828 28282828
2b90: 00000000 00000000 08080808 08080808 00000000 00000000 08080808 08080808
2b98: 20202020 20202020 28282828 28282828 20202020 20202020 28282828 28282828
2ba0: 80808080 80808080 88888888 88888888 80808080 80808080 88888888 88888888
2ba8: a0a0a0a0 a0a0a0a0 a8a8a8a8 a8a8a8a8 a0a0a0a0 a0a0a0a0 a8a8a8a8 a8a8a8a8
2bb0: 80808080 80808080 88888888 88888888 80808080 80808080 88888888 88888888
2bb8: a0a0a0a0 a0a0a0a0 a8a8a8a8 a8a8a8a8 a0a0a0a0 a0a0a0a0 a8a8a8a8 a8a8a8a8
2bc0: 01000100 01000100 09080908 09080908 01000100 01000100 09080908 09080908
2bc8: 21202120 21202120 29282928 29282928 21202120 21202120 29282928 29282928
2bd0: 01000100 01000100 09080908 09080908 01000100 01000100 09080908 09080908
2bd8: 21202120 21202120 29282928 29282928 21202120 21202120 29282928 29282928
2be0: 81808180 81808180 89888988 89888988 81808180 81808180 89888988 89888988
2be8: a1a0a1a0 a1a0a1a0 a9a8a9a8 a9a8a9a8 a1a0a1a0 a1a0a1a0 a9a8a9a8 a9a8a9a8
2bf0: 81808180 81808180 89888988 89888988 81808180 81808180 89888988 89888988
2bf8: a1a0a1a0 a1a0a1a0 a9a8a9a8 a9a8a9a8 a1a0a1a0 a1a0a1a0 a9a8a9a8 a9a8a9a8
2c00: 02020000 02020000 0a0a0808 0a0a0808 02020000 02020000 0a0a0808 0a0a0808
2c08: 22222020 22222020 2a2a2828 2a2a2828 22222020 22222020 2a2a2828 2a2a2828
2c10: 02020000 02020000 0a0a0808 0a0a0808 02020000 02020000 0a0a0808 0a0a0808
2c18: 22222020 22222020 2a2a2828 2a2a2828 22222020 22222020 2a2a2828 2a2a2828
2c20: 82828080 82828080 8a8a8888 8a8a8888 82828080 82828080 8a8a8888 8a8a8888
2c28: a2a2a0a0 a2a2a0a0 aaaaa8a8 aaaaa8a8 a2a2a0a0 a2a2a0a0 aaaaa8a8 aaaaa8a8
2c30: 82828080 82828080 8a8a8888 8a8a8888 82828080 82828080 8a8a8888 8a8a8888
2c38: a2a2a0a0 a2a2a0a0 aaaaa8a8 aaaaa8a8 a2a2a0a0 a2a2a0a0 aaaaa8a8 aaaaa8a8
2c40: 03020100 03020100 0b0a0908 0b0a0908 03020100 03020100 0b0a0908 0b0a0908
2c48: 23222120 23222120 2b2a2928 2b2a2928 23222120 23222120 2b2a2928 2b2a2928
2c50: 03020100 03020100 0b0a0908 0b0a0908 03020100 03020100 0b0a0908 0b0a0908
2c58: 23222120 23222120 2b2a2928 2b2a2928 23222120 23222120 2b2a2928 2b2a2928
2c60: 83828180 83828180 8b8a8988 8b8a8988 83828180 83828180 8b8a8988 8b8a8988
2c68: a3a2a1a0 a3a2a1a0 abaaa9a8 abaaa9a8 a3a2a1a0 a3a2a1a0 abaaa9a8 abaaa9a8
2c70: 83828180 83828180 8b8a8988 8b8a8988 83828180 83828180 8b8a8988 8b8a8988
2c78: a3a2a1a0 a3a2a1a0 abaaa9a8 abaaa9a8 a3a2a1a0 a3a2a1a0 abaaa9a8 abaaa9a8
2c80: 00000000 04040404 08080808 0c0c0c0c 00000000 04040404 08080808 0c0c0c0c
2c88: 20202020 24242424 28282828 2c2c2c2c 20202020 24242424 28282828 2c2c2c2c
2c90: 00000000 04040404 08080808 0c0c0c0c 00000000 04040404 08080808 0c0c0c0c
2c98: 20202020 24242424 28282828 2c2c2c2c 20202020 24242424 28282828 2c2c2c2c
2ca0: 80808080 84848484 88888888 8c8c8c8c 80808080 84848484 88888888 8c8c8c8c
2ca8: a0a0a0a0 a4a4a4a4 a8a8a8a8 acacacac a0a0a0a0 a4a4a4a4 a8a8a8a8 acacacac
2cb0: 80808080 84848484 88888888 8c8c8c8c 80808080 84848484 88888888 8c8c8c8c
2cb8: a0a0a0a0 a4a4a4a4 a8a8a8a8 acacacac a0a0a0a0 a4a4a4a4 a8a8a8a8 acacacac
2cc0: 01000100 05040504 09080908 0d0c0d0c 01000100 05040504 09080908 0d0c0d0c
2cc8: 21202120 25242524 29282928 2d2c2d2c 21202120 25242524 29282928 2d2c2d2c
2cd0: 01000100 05040504 09080908 0d0c0d0c 01000100 05040504 09080908 0d0c0d0c
2cd8: 21202120 25242524 29282928 2d2c2d2c 21202120 25242524 29282928 2d2c2d2c
2ce0: 81808180 85848584 89888988 8d8c8d8c 81808180 85848584 89888988 8d8c8d8c
2ce8: a1a0a1a0 a5a4a5a4 a9a8a9a8 adacadac a1a0a1a0 a5a4a5a4 a9a8a9a8 adacadac
2cf0: 81808180 85848584 89888988 8d8c8d8c 81808180 85848584 89888988 8d8c8d8c
2cf8: a1a0a1a0 a5a4a5a4 a9a8a9a8 adacadac a1a0a1a0 a5a4a5a4 a9a8a9a8 adacadac
2d00: 02020000 06060404 0a0a0808 0e0e0c0c 02020000 06060404 0a0a0808 0e0e0c0c
2d08: 22222020 26262424 2a2a2828 2e2e2c2c 22222020 26262424 2a2a2828 2e2e2c2c
2d10: 02020000 06060404 0a0a0808 0e0e0c0c 02020000 06060404 0a0a0808 0e0e0c0c
2d18: 22222020 26262424 2a2a2828 2e2e2c2c 22222020 26262424 2a2a2828 2e2e2c2c
2d20: 82828080 86868484 8a8a8888 8e8e8c8c 82828080 86868484 8a8a8888 8e8e8c8c
2d28: a2a2a0a0 a6a6a4a4 aaaaa8a8 aeaeacac a2a2a0a0 a6a6a4a4 aaaaa8a8 aeaeacac
2d30: 82828080 86868484 8a8a8888 8e8e8c8c 82828080 86868484 8a8a8888 8e8e8c8c
2d38: a2a2a0a0 a6a6a4a4 aaaaa8a8 aeaeacac a2a2a0a0 a6a6a4a4 aaaaa8a8 aeaeacac
2d40: 03020100 07060504 0b0a0908 0f0e0d0c 03020100 07060504 0b0a0908 0f0e0d0c
2d48: 23222120 27262524 2b2a2928 2f2e2d2c 23222120 27262524 2b2a2928 2f2e2d2c
2d50: 03020100 07060504 0b0a0908 0f0e0d0c 03020100 07060504 0b0a0908 0f0e0d0c
2d58: 23222120 27262524 2b2a2928 2f2e2d2c 23222120 27262524 2b2a2928 2f2e2d2c
2d60: 83828180 87868584 8b8a8988 8f8e8d8c 83828180 87868584 8b8a8988 8f8e8d8c
2d68: a3a2a1a0 a7a6a5a4 abaaa9a8 afaeadac a3a2a1a0 a7a6a5a4 abaaa9a8 afaeadac
2d70: 83828180 87868584 8b8a8988 8f8e8d8c 83828180 87868584 8b8a8988 8f8e8d8c
2d78: a3a2a1a0 a7a6a5a4 abaaa9a8 afaeadac a3a2a1a0 a7a6a5a4 abaaa9a8 afaeadac
2d80: 00000000 00000000 00000000 00000000 10101010 10101010 10101010 10101010
2d88: 20202020 20202020 20202020 20202020 30303030 30303030 30303030 30303030
2d90: 00000000 00000000 00000000 00000000 10101010 10101010 10101010 10101010
2d98: 20202020 20202020 20202020 20202020 30303030 30303030 30303030 30303030
2da0: 80808080 80808080 80808080 80808080 90909090 90909090 90909090 90909090
2da8: a0a0a0a0 a0a0a0a0 a0a0a0a0 a0a0a0a0 b0b0b0b0 b0b0b0b0 b0b0b0b0 b0b0b0b0
2db0: 80808080 80808080 80808080 80808080 90909090 90909090 90909090 90909090
2db8: a0a0a0a0 a0a0a0a0 a0a0a0a0 a0a0a0a0 b0b0b0b0 b0b0b0b0 b0b0b0b0 b0b0b0b0
2dc0: 01000100 01000100 01000100 01000100 11101110 11101110 11101110 11101110
2dc8: 21202120 21202120 21202120 21202120 31303130 31303130 31303130 31303130
2dd0: 01000100 01000100 01000100 01000100 11101110 11101110 11101110 11101110
2dd8: 21202120 21202120 21202120 21202120 31303130 31303130 31303130 31303130
2de0: 81808180 81808180 81808180 81808180 91909190 91909190 91909190 91909190
2de8: a1a0a1a0 a1a0a1a0 a1a0a1a0 a1a0a1a0 b1b0b1b0 b1b0b1b0 b1b0b1b0 b1b0b1b0
2df0: 81808180 81808180 81808180 81808180 91909190 91909190 91909190 91909190
2df8: a1a0a1a0 a1a0a1a0 a1a0a1a0 a1a0a1a0 b1b0b1b0 b1b0b1b0 b1b0b1b0 b1b0b1b0
2e00: 02020000 02020000 02020000 02020000 12121010 12121010 12121010 12121010
2e08: 22222020 22222020 22222020 22222020 32323030 32323030 32323030 32323030
2e10: 02020000 02020000 02020000 02020000 12121010 12121010 12121010 12121010
2e18: 22222020 22222020 22222020 22222020 32323030 32323030 32323030 32323030
2e20: 82828080 82828080 82828080 82828080 92929090 92929090 92929090 92929090
2e28: a2a2a0a0 a2a2a0a0 a2a2a0a0 a2a2a0a0 b2b2b0b0 b2b2b0b0 b2b2b0b0 b2b2b0b0
2e30: 82828080 82828080 82828080 82828080 92929090 92929090 92929090 92929090
2e38: a2a2a0a0 a2a2a0a0 a2a2a0a0 a2a2a0a0 b2b2b0b0 b2b2b0b0 b2b2b0b0 b2b2b0b0
2e40: 03020100 03020100 03020100 03020100 13121110 13121110 13121110 13121110
2e48: 23222120 23222120 23222120 23222120 33323130 33323130 33323130 33323130
2e50: 03020100 03020100 03020100 03020100 13121110 13121110 13121110 13121110
2e58: 23222120 23222120 23222120 23222120 33323130 33323130 33323130 33323130
2e60: 83828180 83828180 83828180 83828180 93929190 93929190 93929190 93929190
2e68: a3a2a1a0 a3a2a1a0 a3a2a1a0 a3a2a1a0 b3b2b1b0 b3b2b1b0 b3b2b1b0 b3b2b1b0
2e70: 83828180 83828180 83828180 83828180 93929190 93929190 93929190 93929190
2e78: a3a2a1a0 a3a2a1a0 a3a2a1a0 a3a2a1a0 b3b2b1b0 b3b2b1b0 b3b2b1b0 b3b2b1b0
2e80: 00000000 04040404 00000000 04040404 10101010 14141414 10101010 14141414
2e88: 20202020 24242424 20202020 24242424 30303030 34343434 30303030 34343434
2e90: 00000000 04040404 00000000 04040404 10101010 14141414 10101010 14141414
2e98: 20202020 24242424 20202020 24242424 30303030 34343434 30303030 34343434
2ea0: 80808080 84848484 80808080 84848484 90909090 94949494 90909090 94949494
2ea8: a0a0a0a0 a4a4a4a4 a0a0a0a0 a4a4a4a4 b0b0b0b0 b4b4b4b4 b0b0b0b0 b4b4b4b4
2eb0: 80808080 84848484 80808080 84848484 90909090 94949494 90909090 94949494
2eb8: a0a0a0a0 a4a4a4a4 a0a0a0a0 a4a4a4a4 b0b0b0b0 b4b4b4b4 b0b0b0b0 b4b4b4b4
2ec0: 01000100 05040504 01000100 05040504 11101110 15141514 11101110 15141514
2ec8: 21202120 25242524 21202120 25242524 31303130 35343534 31303130 35343534
2ed0: 01000100 05040504 01000100 05040504 11101110 15141514 11101110 15141514
2ed8: 21202120 25242524 21202120 25242524 31303130 35343534 31303130 35343534
2ee0: 81808180 85848584 81808180 85848584 91909190 95949594 91909190 95949594
2ee8: a1a0a1a0 a5a4a5a4 a1a0a1a0 a5a4a5a4 b1b0b1b0 b5b4b5b4 b1b0b1b0 b5b4b5b4
2ef0: 81808180 85848584 81808180 85848584 91909190 95949594 91909190 95949594
2ef8: a1a0a1a0 a5a4a5a4 a1a0a1a0 a5a4a5a4 b1b0b1b0 b5b4b5b4 b1b0b1b0 b5b4b5b4
2f00: 02020000 06060404 02020000 06060404 12121010 16161414 12121010 16161414
2f08: 22222020 26262424 22222020 26262424 32323030 36363434 32323030 36363434
2f10: 02020000 06060404 02020000 06060404 12121010 16161414 12121010 16161414
2f18: 22222020 26262424 22222020 26262424 32323030 36363434 32323030 36363434
2f20: 82828080 86868484 82828080 86868484 92929090 96969494 92929090 96969494
2f28: a2a2a0a0 a6a6a4a4 a2a2a0a0 a6a6a4a4 b2b2b0b0 b6b6b4b4 b2b2b0b0 b6b6b4b4
2f30: 82828080 86868484 82828080 86868484 92929090 96969494 92929090 96969494
2f38: a2a2a0a0 a6a6a4a4 a2a2a0a0 a6a6a4a4 b2b2b0b0 b6b6b4b4 b2b2b0b0 b6b6b4b4
2f40: 03020100 07060504 03020100 07060504 13121110 17161514 13121110 17161514
2f48: 23222120 27262524 23222120 27262524 33323130 37363534 33323130 37363534
2f50: 03020100 07060504 03020100 07060504 13121110 17161514 13121110 17161514
2f58: 23222120 27262524 23222120 27262524 33323130 37363534 33323130 37363534
2f60: 83828180 87868584 83828180 87868584 93929190 97969594 93929190 97969594
2f68: a3a2a1a0 a7a6a5a4 a3a2a1a0 a7a6a5a4 b3b2b1b0 b7b6b5b4 b3b2b1b0 b7b6b5b4
2f70: 83828180 87868584 83828180 87868584 93929190 97969594 93929190 97969594
2f78: a3a2a1a0 a7a6a5a4 a3a2a1a0 a7a6a5a4 b3b2b1b0 b7b6b5b4 b3b2b1b0 b7b6b5b4
2f80: 00000000 00000000 08080808 08080808 10101010 10101010 18181818 18181818
2f88: 20202020 20202020 28282828 28282828 30303030 30303030 38383838 38383838
2f90: 00000000 00000000 08080808 08080808 10101010 10101010 18181818 18181818
2f98: 20202020 20202020 28282828 28282828 30303030 30303030 38383838 38383838
2fa0: 80808080 80808080 88888888 88888888 90909090 90909090 98989898 98989898
2fa8: a0a0a0a0 a0a0a0a0 a8a8a8a8 a8a8a8a8 b0b0b0b0 b0b0b0b0 b8b8b8b8 b8b8b8b8
2fb0: 80808080 80808080 88888888 88888888 90909090 90909090 98989898 98989898
2fb8: a0a0a0a0 a0a0a0a0 a8a8a8a8 a8a8a8a8 b0b0b0b0 b0b0b0b0 b8b8b8b8 b8b8b8b8
2fc0: 01000100 01000100 09080908 09080908 11101110 11101110 19181918 19181918
2fc8: 21202120 21202120 29282928 29282928 31303130 31303130 39383938 39383938
2fd0: 01000100 01000100 09080908 09080908 11101110 11101110 19181918 19181918
2fd8: 21202120 21202120 29282928 29282928 31303130 31303130 39383938 39383938
2fe0: 81808180 81808180 89888988 89888988 91909190 91909190 99989998 99989998
2fe8: a1a0a1a0 a1a0a1a0 a9a8a9a8 a9a8a9a8 b1b0b1b0 b1b0b1b0 b9b8b9b8 b9b8b9b8
2ff0: 81808180 81808180 89888988 89888988 91909190 91909190 99989998 99989998
2ff8: a1a0a1a0 a1a0a1a0 a9a8a9a8 a9a8a9a8 b1b0b1b0 b1b0b1b0 b9b8b9b8 b9b8b9b8
3000: 02020000 02020000 0a0a0808 0a0a0808 12121010 12121010 1a1a1818 1a1a1818
3008: 22222020 22222020 2a2a2828 2a2a2828 32323030 32323030 3a3a3838 3a3a3838
3010: 02020000 02020000 0a0a0808 0a0a0808 12121010 12121010 1a1a1818 1a1a1818
3018: 22222020 22222020 2a2a2828 2a2a2828 32323030 32323030 3a3a3838 3a3a3838
3020: 82828080 82828080 8a8a8888 8a8a8888 92929090 92929090 9a9a9898 9a9a9898
3028: a2a2a0a0 a2a2a0a0 aaaaa8a8 aaaaa8a8 b2b2b0b0 b2b2b0b0 babab8b8 babab8b8
3030: 82828080 82828080 8a8a8888 8a8a8888 92929090 92929090 9a9a9898 9a9a9898
3038: a2a2a0a0 a2a2a0a0 aaaaa8a8 aaaaa8a8 b2b2b0b0 b2b2b0b0 babab8b8 babab8b8
3040: 03020100 03020100 0b0a0908 0b0a0908 13121110 13121110 1b1a1918 1b1a1918
3048: 23222120 23222120 2b2a2928 2b2a2928 33323130 33323130 3b3a3938 3b3a3938
3050: 03020100 03020100 0b0a0908 0b0a0908 13121110 13121110 1b1a1918 1b1a1918
3058: 23222120 23222120 2b2a2928 2b2a2928 33323130 33323130 3b3a3938 3b3a3938
3060: 83828180 83828180 8b8a8988 8b8a8988 93929190 93929190 9b9a9998 9b9a9998
3068: a3a2a1a0 a3a2a1a0 abaaa9a8 abaaa9a8 b3b2b1b0 b3b2b1b0 bbbab9b8 bbbab9b8
3070: 83828180 83828180 8b8a8988 8b8a8988 93929190 93929190 9b9a9998 9b9a9998
3078: a3a2a1a0 a3a2a1a0 abaaa9a8 abaaa9a8 b3b2b1b0 b3b2b1b0 bbbab9b8 bbbab9b8
3080: 00000000 04040404 08080808 0c0c0c0c 10101010 14141414 18181818 1c1c1c1c
3088: 20202020 24242424 28282828 2c2c2c2c 30303030 34343434 38383838 3c3c3c3c
3090: 00000000 04040404 08080808 0c0c0c0c 10101010 14141414 18181818 1c1c1c1c
3098: 20202020 24242424 28282828 2c2c2c2c 30303030 34343434 38383838 3c3c3c3c
30a0: 80808080 84848484 88888888 8c8c8c8c 90909090 94949494 98989898 9c9c9c9c
30a8: a0a0a0a0 a4a4a4a4 a8a8a8a8 acacacac b0b0b0b0 b4b4b4b4 b8b8b8b8 bcbcbcbc
30b0: 80808080 84848484 88888888 8c8c8c8c 90909090 94949494 98989898 9c9c9c9c
30b8: a0a0a0a0 a4a4a4a4 a8a8a8a8 acacacac b0b0b0b0 b4b4b4b4 b8b8b8b8 bcbcbcbc
30c0: 01000100 05040504 09080908 0d0c0d0c 11101110 15141514 19181918 1d1c1d1c
30c8: 21202120 25242524 29282928 2d2c2d2c 31303130 35343534 39383938 3d3c3d3c
30d0: 01000100 05040504 09080908 0d0c0d0c 11101110 15141514 19181918 1d1c1d1c
30d8: 21202120 25242524 29282928 2d2c2d2c 31303130 35343534 39383938 3d3c3d3c
30e0: 81808180 85848584 89888988 8d8c8d8c 91909190 95949594 99989998 9d9c9d9c
30e8: a1a0a1a0 a5a4a5a4 a9a8a9a8 adacadac b1b0b1b0 b5b4b5b4 b9b8b9b8 bdbcbdbc
30f0: 81808180 85848584 89888988 8d8c8d8c 91909190 95949594 99989998 9d9c9d9c
30f8: a1a0a1a0 a5a4a5a4 a9a8a9a8 adacadac b1b0b1b0 b5b4b5b4 b9b8b9b8 bdbcbdbc
3100: 02020000 06060404 0a0a0808 0e0e0c0c 12121010 16161414 1a1a1818 1e1e1c1c
3108: 22222020 26262424 2a2a2828 2e2e2c2c 32323030 36363434 3a3a3838 3e3e3c3c
3110: 02020000 06060404 0a0a0808 0e0e0c0c 12121010 16161414 1a1a1818 1e1e1c1c
3118: 22222020 26262424 2a2a2828 2e2e2c2c 32323030 36363434 3a3a3838 3e3e3c3c
3120: 82828080 86868484 8a8a8888 8e8e8c8c 92929090 96969494 9a9a9898 9e9e9c9c
3128: a2a2a0a0 a6a6a4a4 aaaaa8a8 aeaeacac b2b2b0b0 b6b6b4b4 babab8b8 bebebcbc
3130: 82828080 86868484 8a8a8888 8e8e8c8c 92929090 96969494 9a9a9898 9e9e9c9c
3138: a2a2a0a0 a6a6a4a4 aaaaa8a8 aeaeacac b2b2b0b0 b6b6b4b4 babab8b8 bebebcbc
3140: 03020100 07060504 0b0a0908 0f0e0d0c 13121110 17161514 1b1a1918 1f1e1d1c
3148: 23222120 27262524 2b2a2928 2f2e2d2c 33323130 37363534 3b3a3938 3f3e3d3c
3150: 03020100 07060504 0b0a0908 0f0e0d0c 13121110 17161514 1b1a1918 1f1e1d1c
3158: 23222120 27262524 2b2a2928 2f2e2d2c 33323130 37363534 3b3a3938 3f3e3d3c
3160: 83828180 87868584 8b8a8988 8f8e8d8c 93929190 97969594 9b9a9998 9f9e9d9c
3168: a3a2a1a0 a7a6a5a4 abaaa9a8 afaeadac b3b2b1b0 b7b6b5b4 bbbab9b8 bfbebdbc
3170: 83828180 87868584 8b8a8988 8f8e8d8c 93929190 97969594 9b9a9998 9f9e9d9c
3178: a3a2a1a0 a7a6a5a4 abaaa9a8 afaeadac b3b2b1b0 b7b6b5b4 bbbab9b8 bfbebdbc
3180: 00000000 00000000 00000000 00000000 00000000 00000000 00000000 00000000
3188: 00000000 00000000 00000000 00000000 00000000 00000000 00000000 00000000
3190: 40404040 40404040 40404040 40404040 40404040 40404040 40404040 40404040
3198: 40404040 40404040 40404040 40404040 40404040 40404040 40404040 40404040
31a0: 80808080 80808080 80808080 80808080 80808080 80808080 80808080 80808080
31a8: 80808080 80808080 80808080 80808080 80808080 80808080 80808080 80808080
31b0: c0c0c0c0 c0c0c0c0 c0c0c0c0 c0c0c0c0 c0c0c0c0 c0c0c0c0 c0c0c0c0 c0c0c0c0
31b8: c0c0c0c0 c0c0c0c0 c0c0c0c0 c0c0c0c0 c0c0c0c0 c0c0c0c0 c0c0c0c0 c0c0c0c0
31c0: 01000100 01000100 01000100 01000100 01000100 01000100 01000100 01000100
31c8: 01000100 01000100 01000100 01000100 01000100 01000100 01000100 01000100
31d0: 41404140 41404140 41404140 41404140 41404140 41404140 41404140 41404140
31d8: 41404140 41404140 41404140 41404140 41404140 41404140 41404140 41404140
31e0: 81808180 81808180 81808180 81808180 81808180 81808180 81808180 81808180
31e8: 81808180 81808180 81808180 81808180 81808180 81808180 81808180 81808180
31f0: c1c0c1c0 c1c0c1c0 c1c0c1c0 c1c0c1c0 c1c0c1c0 c1c0c1c0 c1c0c1c0 c1c0c1c0
31f8: c1c0c1c0 c1c0c1c0 c1c0c1c0 c1c0c1c0 c1c0c1c0 c1c0c1c0 c1c0c1c0 c1c0c1c0
3200: 02020000 02020000 02020000 02020000 02020000 02020000 02020000 02020000
3208: 02020000 02020000 02020000 02020000 02020000 02020000 02020000 02020000
3210: 42424040 42424040 42424040 42424040 42424040 42424040 42424040 42424040
3218: 42424040 42424040 42424040 42424040 42424040 42424040 42424040 42424040
3220: 82828080 82828080 82828080 82828080 82828080 82828080 82828080 82828080
3228: 82828080 82828080 82828080 82828080 82828080 82828080 82828080 82828080
3230: c2c2c0c0 c2c2c0c0 c2c2c0c0 c2c2c0c0 c2c2c0c0 c2c2c0c0 c2c2c0c0 c2c2c0c0
3238: c2c2c0c0 c2c2c0c0 c2c2c0c0 c2c2c0c0 c2c2c0c0 c2c2c0c0 c2c2c0c0 c2c2c0c0
3240: 03020100 03020100 03020100 03020100 03020100 03020100 03020100 03020100
3248: 03020100 03020100 03020100 03020100 03020100 03020100 03020100 03020100
3250: 43424140 43424140 43424140 43424140 43424140 43424140 43424140 43424140
3258: 43424140 43424140 43424140 43424140 43424140 43424140 43424140 43424140
3260: 83828180 83828180 83828180 83828180 83828180 83828180 83828180 83828180
3268: 83828180 83828180 83828180 83828180 83828180 83828180 83828180 83828180
3270: c3c2c1c0 c3c2c1c0 c3c2c1c0 c3c2c1c0 c3c2c1c0 c3c2c1c0 c3c2c1c0 c3c2c1c0
3278: c3c2c1c0 c3c2c1c0 c3c2c1c0 c3c2c1c0 c3c2c1c0 c3c2c1c0 c3c2c1c0 c3c2c1c0
3280: 00000000 04040404 00000000 04040404 00000000 04040404 00000000 04040404
3288: 00000000 04040404 00000000 04040404 00000000 04040404 00000000 04040404
3290: 40404040 44444444 40404040 44444444 40404040 44444444 40404040 44444444
3298: 40404040 44444444 40404040 44444444 40404040 44444444 40404040 44444444
32a0: 80808080 84848484 80808080 84848484 80808080 84848484 80808080 84848484
32a8: 80808080 84848484 80808080 84848484 80808080 84848484 80808080 84848484
32b0: c0c0c0c0 c4c4c4c4 c0c0c0c0 c4c4c4c4 c0c0c0c0 c4c4c4c4 c0c0c0c0 c4c4c4c4
32b8: c0c0c0c0 c4c4c4c4 c0c0c0c0 c4c4c4c4 c0c0c0c0 c4c4c4c4 c0c0c0c0 c4c4c4c4
32c0: 01000100 05040504 01000100 05040504 01000100 05040504 01000100 05040504
32c8: 01000100 05040504 01000100 05040504 01000100 05040504 01000100 05040504
32d0: 41404140 45444544 41404140 45444544 41404140 45444544 41404140 45444544
32d8: 41404140 45444544 41404140 45444544 41404140 45444544 41404140 45444544
32e0: 81808180 85848584 81808180 85848584 81808180 85848584 81808180 85848584
32e8: 81808180 85848584 81808180 85848584 81808180 85848584 81808180 85848584
32f0: c1c0c1c0 c5c4c5c4 c1c0c1c0 c5c4c5c4 c1c0c1c0 c5c4c5c4 c1c0c1c0 c5c4c5c4
32f8: c1c0c1c0 c5c4c5c4 c1c0c1c0 c5c4c5c4 c1c0c1c0 c5c4c5c4 c1c0c1c0 c5c4c5c4
3300: 02020000 06060404 02020000 06060404 02020000 06060404 02020000 06060404
3308: 02020000 06060404 02020000 06060404 02020000 06060404 02020000 06060404
3310: 42424040 46464444 42424040 46464444 42424040 46464444 42424040 46464444
3318: 42424040 46464444 42424040 46464444 42424040 46464444 42424040 46464444
3320: 82828080 86868484 82828080 86868484 82828080 86868484 82828080 86868484
3328: 82828080 86868484 82828080 86868484 82828080 86868484 82828080 86868484
3330: c2c2c0c0 c6c6c4c4 c2c2c0c0 c6c6c4c4 c2c2c0c0 c6c6c4c4 c2c2c0c0 c6c6c4c4
3338: c2c2c0c0 c6c6c4c4 c2c2c0c0 c6c6c4c4 c2c2c0c0 c6c6c4c4 c2c2c0c0 c6c6c4c4
3340: 03020100 07060504 03020100 07060504 03020100 07060504 03020100 07060504
3348: 03020100 07060504 03020100 07060504 03020100 07060504 03020100 07060504
3350: 43424140 47464544 43424140 47464544 43424140 47464544 43424140 47464544
3358: 43424140 47464544 43424140 47464544 43424140 47464544 43424140 47464544
3360: 83828180 87868584 83828180 87868584 83828180 87868584 83828180 87868584
3368: 83828180 87868584 83828180 87868584 83828180 87868584 83828180 87868584
3370: c3c2c1c0 c7c6c5c4 c3c2c1c0 c7c6c5c4 c3c2c1c0 c7c6c5c4 c3c2c1c0 c7c6c5c4
3378: c3c2c1c0 c7c6c5c4 c3c2c1c0 c7c6c5c4 c3c2c1c0 c7c6c5c4 c3c2c1c0 c7c6c5c4
3380: 00000000 00000000 08080808 08080808 00000000 00000000 08080808 08080808
3388: 00000000 00000000 08080808 08080808 00000000 00000000 08080808 08080808
3390: 40404040 40404040 48484848 48484848 40404040 40404040 48484848 48484848
3398: 40404040 40404040 48484848 48484848 40404040 40404040 48484848 48484848
33a0: 80808080 80808080 88888888 88888888 80808080 80808080 88888888 88888888
33a8: 80808080 80808080 88888888 88888888 80808080 80808080 88888888 88888888
33b0: c0c0c0c0 c0c0c0c0 c8c8c8c8 c8c8c8c8 c0c0c0c0 c0c0c0c0 c8c8c8c8 c8c8c8c8
33b8: c0c0c0c0 c0c0c0c0 c8c8c8c8 c8c8c8c8 c0c0c0c0 c0c0c0c0 c8c8c8c8 c8c8c8c8
33c0: 01000100 01000100 09080908 09080908 01000100 01000100 09080908 09080908
33c8: 01000100 01000100 09080908 09080908 01000100 01000100 09080908 09080908
33d0: 41404140 41404140 49484948 49484948 41404140 41404140 49484948 49484948
33d8: 41404140 41404140 49484948 49484948 41404140 41404140 49484948 49484948
33e0: 81808180 81808180 89888988 89888988 81808180 81808180 89888988 89888988
33e8: 81808180 81808180 89888988 89888988 81808180 81808180 89888988 89888988
33f0: c1c0c1c0 c1c0c1c0 c9c8c9c8 c9c8c9c8 c1c0c1c0 c1c0c1c0 c9c8c9c8 c9c8c9c8
33f8: c1c0c1c0 c1c0c1c0 c9c8c9c8 c9c8c9c8 c1c0c1c0 c1c0c1c0 c9c8c9c8 c9c8c9c8
3400: 02020000 02020000 0a0a0808 0a0a0808 02020000 02020000 0a0a0808 0a0a0808
3408: 02020000 02020000 0a0a0808 0a0a0808 02020000 02020000 0a0a0808 0a0a0808
3410: 42424040 42424040 4a4a4848 4a4a4848 42424040 42424040 4a4a4848 4a4a4848
3418: 42424040 42424040 4a4a4848 4a4a4848 42424040 42424040 4a4a4848 4a4a4848
3420: 82828080 82828080 8a8a8888 8a8a8888 82828080 82828080 8a8a8888 8a8a8888
3428: 82828080 82828080 8a8a8888 8a8a8888 82828080 82828080 8a8a8888 8a8a8888
3430: c2c2c0c0 c2c2c0c0 cacac8c8 cacac8c8 c2c2c0c0 c2c2c0c0 cacac8c8 cacac8c8
3438: c2c2c0c0 c2c2c0c0 cacac8c8 cacac8c8 c2c2c0c0 c2c2c0c0 cacac8c8 cacac8c8
3440: 03020100 03020100 0b0a0908 0b0a0908 03020100 03020100 0b0a0908 0b0a0908
3448: 03020100 03020100 0b0a0908 0b0a0908 03020100 03020100 0b0a0908 0b0a0908
3450: 43424140 43424140 4b4a4948 4b4a4948 43424140 43424140 4b4a4948 4b4a4948
3458: 43424140 43424140 4b4a4948 4b4a4948 43424140 43424140 4b4a4948 4b4a4948
3460: 83828180 83828180 8b8a8988 8b8a8988 83828180 83828180 8b8a8988 8b8a8988
3468: 83828180 83828180 8b8a8988 8b8a8988 83828180 83828180 8b8a8988 8b8a8988
3470: c3c2c1c0 c3c2c1c0 cbcac9c8 cbcac9c8 c3c2c1c0 c3c2c1c0 cbcac9c8 cbcac9c8
3478: c3c2c1c0 c3c2c1c0 cbcac9c8 cbcac9c8 c3c2c1c0 c3c2c1c0 cbcac9c8 cbcac9c8
3480: 00000000 04040404 08080808 0c0c0c0c 00000000 04040404 08080808 0c0c0c0c
3488: 00000000 04040404 08080808 0c0c0c0c 00000000 04040404 08080808 0c0c0c0c
3490: 40404040 44444444 48484848 4c4c4c4c 40404040 44444444 48484848 4c4c4c4c
3498: 40404040 44444444 48484848 4c4c4c4c 40404040 44444444 48484848 4c4c4c4c
34a0: 80808080 84848484 88888888 8c8c8c8c 80808080 84848484 88888888 8c8c8c8c
34a8: 80808080 84848484 88888888 8c8c8c8c 80808080 84848484 88888888 8c8c8c8c
34b0: c0c0c0c0 c4c4c4c4 c8c8c8c8 cccccccc c0c0c0c0 c4c4c4c4 c8c8c8c8 cccccccc
34b8: c0c0c0c0 c4c4c4c4 c8c8c8c8 cccccccc c0c0c0c0 c4c4c4c4 c8c8c8c8 cccccccc
34c0: 01000100 05040504 09080908 0d0c0d0c 01000100 05040504 09080908 0d0c0d0c
34c8: 01000100 05040504 09080908 0d0c0d0c 01000100 05040504 09080908 0d0c0d0c
34d0: 41404140 45444544 49484948 4d4c4d4c 41404140 45444544 49484948 4d4c4d4c
34d8: 41404140 45444544 49484948 4d4c4d4c 41404140 45444544 49484948 4d4c4d4c
34e0: 81808180 85848584 89888988 8d8c8d8c 81808180 85848584 89888988 8d8c8d8c
34e8: 81808180 85848584 89888988 8d8c8d8c 81808180 85848584 89888988 8d8c8d8c
34f0: c1c0c1c0 c5c4c5c4 c9c8c9c8 cdcccdcc c1c0c1c0 c5c4c5c4 c9c8c9c8 cdcccdcc
34f8: c1c0c1c0 c5c4c5c4 c9c8c9c8 cdcccdcc c1c0c1c0 c5c4c5c4 c9c8c9c8 cdcccdcc
3500: 02020000 06060404 0a0a0808 0e0e0c0c 02020000 06060404 0a0a0808 0e0e0c0c
3508: 02020000 06060404 0a0a0808 0e0e0c0c 02020000 06060404 0a0a0808 0e0e0c0c
3510: 42424040 46464444 4a4a4848 4e4e4c4c 42424040 46464444 4a4a4848 4e4e4c4c
3518: 42424040 46464444 4a4a4848 4e4e4c4c 42424040 46464444 4a4a4848 4e4e4c4c
3520: 82828080 86868484 8a8a8888 8e8e8c8c 82828080 86868484 8a8a8888 8e8e8c8c
3528: 82828080 86868484 8a8a8888 8e8e8c8c 82828080 86868484 8a8a8888 8e8e8c8c
3530: c2c2c0c0 c6c6c4c4 cacac8c8 cececccc c2c2c0c0 c6c6c4c4 cacac8c8 cececccc
3538: c2c2c0c0 c6c6c4c4 cacac8c8 cececccc c2c2c0c0 c6c6c4c4 cacac8c8 cececccc
3540: 03020100 07060504 0b0a0908 0f0e0d0c 03020100 07060504 0b0a0908 0f0e0d0c
3548: 03020100 07060504 0b0a0908 0f0e0d0c 03020100 07060504 0b0a0908 0f0e0d0c
3550: 43424140 47464544 4b4a4948 4f4e4d4c 43424140 47464544 4b4a4948 4f4e4d4c
3558: 43424140 47464544 4b4a4948 4f4e4d4c 43424140 47464544 4b4a4948 4f4e4d4c
3560: 83828180 87868584 8b8a8988 8f8e8d8c 83828180 87868584 8b8a8988 8f8e8d8c
3568: 83828180 87868584 8b8a8988 8f8e8d8c 83828180 87868584 8b8a8988 8f8e8d8c
3570: c3c2c1c0 c7c6c5c4 cbcac9c8 cfcecdcc c3c2c1c0 c7c6c5c4 cbcac9c8 cfcecdcc
3578: c3c2c1c0 c7c6c5c4 cbcac9c8 cfcecdcc c3c2c1c0 c7c6c5c4 cbcac9c8 cfcecdcc
3580: 00000000 00000000 00000000 00000000 10101010 10101010 10101010 10101010
3588: 00000000 00000000 00000000 00000000 10101010 10101010 10101010 10101010
3590: 40404040 40404040 40404040 40404040 50505050 50505050 50505050 50505050
3598: 40404040 40404040 40404040 40404040 50505050 50505050 50505050 50505050
35a0: 80808080 80808080 80808080 80808080 90909090 90909090 90909090 90909090
35a8: 80808080 80808080 80808080 80808080 90909090 90909090 90909090 90909090
35b0: c0c0c0c0 c0c0c0c0 c0c0c0c0 c0c0c0c0 d0d0d0d0 d0d0d0d0 d0d0d0d0 d0d0d0d0
35b8: c0c0c0c0 c0c0c0c0 c0c0c0c0 c0c0c0c0 d0d0d0d0 d0d0d0d0 d0d0d0d0 d0d0d0d0
35c0: 01000100 01000100 01000100 01000100 11101110 11101110 11101110 11101110
35c8: 01000100 01000100 01000100 01000100 11101110 11101110 11101110 11101110
35d0: 41404140 41404140 41404140 41404140 51505150 51505150 51505150 51505150
35d8: 41404140 41404140 41404140 41404140 51505150 51505150 51505150 51505150
35e0: 81808180 81808180 81808180 81808180 91909190 91909190 91909190 91909190
35e8: 81808180 81808180 81808180 81808180 91909190 91909190 91909190 91909190
35f0: c1c0c1c0 c1c0c1c0 c1c0c1c0 c1c0c1c0 d1d0d1d0 d1d0d1d0 d1d0d1d0 d1d0d1d0
35f8: c1c0c1c0 c1c0c1c0 c1c0c1c0 c1c0c1c0 d1d0d1d0 d1d0d1d0 d1d0d1d0 d1d0d1d0
3600: 02020000 02020000 02020000 02020000 12121010 12121010 12121010 12121010
3608: 02020000 02020000 02020000 02020000 12121010 12121010 12121010 12121010
3610: 42424040 42424040 42424040 42424040 52525050 52525050 52525050 52525050
3618: 42424040 42424040 42424040 42424040 52525050 52525050 52525050 52525050
3620: 82828080 82828080 82828080 82828080 92929090 92929090 92929090 92929090
3628: 82828080 82828080 82828080 82828080 92929090 92929090 92929090 92929090
3630: c2c2c0c0 c2c2c0c0 c2c2c0c0 c2c2c0c0 d2d2d0d0 d2d2d0d0 d2d2d0d0 d2d2d0d0
3638: c2c2c0c0 c2c2c0c0 c2c2c0c0 c2c2c0c0 d2d2d0d0 d2d2d0d0 d2d2d0d0 d2d2d0d0
3640: 03020100 03020100 03020100 03020100 13121110 13121110 13121110 13121110
3648: 03020100 03020100 03020100 03020100 13121110 13121110 13121110 13121110
3650: 43424140 43424140 43424140 43424140 53525150 53525150 53525150 53525150
3658: 43424140 43424140 43424140 43424140 53525150 53525150 53525150 53525150
3660: 83828180 83828180 83828180 83828180 93929190 93929190 93929190 93929190
3668: 83828180 83828180 83828180 83828180 93929190 93929190 93929190 93929190
3670: c3c2c1c0 c3c2c1c0 c3c2c1c0 c3c2c1c0 d3d2d1d0 d3d2d1d0 d3d2d1d0 d3d2d1d0
3678: c3c2c1c0 c3c2c1c0 c3c2c1c0 c3c2c1c0 d3d2d1d0 d3d2d1d0 d3d2d1d0 d3d2d1d0
3680: 00000000 04040404 00000000 04040404 10101010 14141414 10101010 14141414
3688: 00000000 04040404 00000000 04040404 10101010 14141414 10101010 14141414
3690: 40404040 44444444 40404040 44444444 50505050 54545454 50505050 54545454
3698: 40404040 44444444 40404040 44444444 50505050 54545454 50505050 54545454
36a0: 80808080 84848484 80808080 84848484 90909090 94949494 90909090 94949494
36a8: 80808080 84848484 80808080 84848484 90909090 94949494 90909090 94949494
36b0: c0c0c0c0 c4c4c4c4 c0c0c0c0 c4c4c4c4 d0d0d0d0 d4d4d4d4 d0d0d0d0 d4d4d4d4
36b8: c0c0c0c0 c4c4c4c4 c0c0c0c0 c4c4c4c4 d0d0d0d0 d4d4d4d4 d0d0d0d0 d4d4d4d4
36c0: 01000100 05040504 01000100 05040504 11101110 15141514 11101110 15141514
36c8: 01000100 05040504 01000100 05040504 11101110 15141514 11101110 15141514
36d0: 41404140 45444544 41404140 45444544 51505150 55545554 51505150 55545554
36d8: 41404140 45444544 41404140 45444544 51505150 55545554 51505150 55545554
36e0: 81808180 85848584 81808180 85848584 91909190 95949594 91909190 95949594
36e8: 81808180 85848584 81808180 85848584 91909190 95949594 91909190 95949594
36f0: c1c0c1c0 c5c4c5c4 c1c0c1c0 c5c4c5c4 d1d0d1d0 d5d4d5d4 d1d0d1d0 d5d4d5d4
36f8: c1c0c1c0 c5c4c5c4 c1c0c1c0 c5c4c5c4 d1d0d1d0 d5d4d5d4 d1d0d1d0 d5d4d5d4
3700: 02020000 06060404 02020000 06060404 12121010 16161414 12121010 16161414
3708: 02020000 06060404 02020000 06060404 12121010 16161414 12121010 16161414
3710: 42424040 46464444 42424040 46464444 52525050 56565454 52525050 56565454
3718: 42424040 46464444 42424040 46464444 52525050 56565454 52525050 56565454
3720: 82828080 86868484 82828080 86868484 92929090 96969494 92929090 96969494
3728: 82828080 86868484 82828080 86868484 92929090 96969494 92929090 96969494
3730: c2c2c0c0 c6c6c4c4 c2c2c0c0 c6c6c4c4 d2d2d0d0 d6d6d4d4 d2d2d0d0 d6d6d4d4
3738: c2c2c0c0 c6c6c4c4 c2c2c0c0 c6c6c4c4 d2d2d0d0 d6d6d4d4 d2d2d0d0 d6d6d4d4
3740: 03020100 07060504 03020100 07060504 13121110 17161514 13121110 17161514
3748: 03020100 07060504 03020100 07060504 13121110 17161514 13121110 17161514
3750: 43424140 47464544 43424140 47464544 53525150 57565554 53525150 57565554
3758: 43424140 47464544 43424140 47464544 53525150 57565554 53525150 57565554
3760: 83828180 87868584 83828180 87868584 93929190 97969594 93929190 97969594
3768: 83828180 87868584 83828180 87868584 93929190 97969594 93929190 97969594
3770: c3c2c1c0 c7c6c5c4 c3c2c1c0 c7c6c5c4 d3d2d1d0 d7d6d5d4 d3d2d1d0 d7d6d5d4
3778: c3c2c1c0 c7c6c5c4 c3c2c1c0 c7c6c5c4 d3d2d1d0 d7d6d5d4 d3d2d1d0 d7d6d5d4
3780: 00000000 00000000 08080808 08080808 10101010 10101010 18181818 18181818
3788: 00000000 00000000 08080808 08080808 10101010 10101010 18181818 18181818
3790: 40404040 40404040 48484848 48484848 50505050 50505050 58585858 58585858
3798: 40404040 40404040 48484848 48484848 50505050 50505050 58585858 58585858
37a0: 80808080 80808080 88888888 88888888 90909090 90909090 98989898 98989898
37a8: 80808080 80808080 88888888 88888888 90909090 90909090 98989898 98989898
37b0: c0c0c0c0 c0c0c0c0 c8c8c8c8 c8c8c8c8 d0d0d0d0 d0d0d0d0 d8d8d8d8 d8d8d8d8
37b8: c0c0c0c0 c0c0c0c0 c8c8c8c8 c8c8c8c8 d0d0d0d0 d0d0d0d0 d8d8d8d8 d8d8d8d8
37c0: 01000100 01000100 09080908 09080908 11101110 11101110 19181918 19181918
37c8: 01000100 01000100 09080908 09080908 11101110 11101110 19181918 19181918
37d0: 41404140 41404140 49484948 49484948 51505150 51505150 59585958 59585958
37d8: 41404140 41404140 49484948 49484948 51505150 51505150 59585958 59585958
37e0: 81808180 81808180 89888988 89888988 91909190 91909190 99989998 99989998
37e8: 81808180 81808180 89888988 89888988 91909190 91909190 99989998 99989998
37f0: c1c0c1c0 c1c0c1c0 c9c8c9c8 c9c8c9c8 d1d0d1d0 d1d0d1d0 d9d8d9d8 d9d8d9d8
37f8: c1c0c1c0 c1c0c1c0 c9c8c9c8 c9c8c9c8 d1d0d1d0 d1d0d1d0 d9d8d9d8 d9d8d9d8
3800: 02020000 02020000 0a0a0808 0a0a0808 12121010 12121010 1a1a1818 1a1a1818
3808: 02020000 02020000 0a0a0808 0a0a0808 12121010 12121010 1a1a1818 1a1a1818
3810: 42424040 42424040 4a4a4848 4a4a4848 52525050 52525050 5a5a5858 5a5a5858
3818: 42424040 42424040 4a4a4848 4a4a4848 52525050 52525050 5a5a5858 5a5a5858
3820: 82828080 82828080 8a8a8888 8a8a8888 92929090 92929090 9a9a9898 9a9a9898
3828: 82828080 82828080 8a8a8888 8a8a8888 92929090 92929090 9a9a9898 9a9a9898
3830: c2c2c0c0 c2c2c0c0 cacac8c8 cacac8c8 d2d2d0d0 d2d2d0d0 dadad8d8 dadad8d8
3838: c2c2c0c0 c2c2c0c0 cacac8c8 cacac8c8 d2d2d0d0 d2d2d0d0 dadad8d8 dadad8d8
3840: 03020100 03020100 0b0a0908 0b0a0908 13121110 13121110 1b1a1918 1b1a1918
3848: 03020100 03020100 0b0a0908 0b0a0908 13121110 13121110 1b1a1918 1b1a1918
3850: 43424140 43424140 4b4a4948 4b4a4948 53525150 53525150 5b5a5958 5b5a5958
3858: 43424140 43424140 4b4a4948 4b4a4948 53525150 53525150 5b5a5958 5b5a5958
3860: 83828180 83828180 8b8a8988 8b8a8988 93929190 93929190 9b9a9998 9b9a9998
3868: 83828180 83828180 8b8a8988 8b8a8988 93929190 93929190 9b9a9998 9b9a9998
3870: c3c2c1c0 c3c2c1c0 cbcac9c8 cbcac9c8 d3d2d1d0 d3d2d1d0 dbdad9d8 dbdad9d8
3878: c3c2c1c0 c3c2c1c0 cbcac9c8 cbcac9c8 d3d2d1d0 d3d2d1d0 dbdad9d8 dbdad9d8
3880: 00000000 04040404 08080808 0c0c0c0c 10101010 14141414 18181818 1c1c1c1c
3888: 00000000 04040404 08080808 0c0c0c0c 10101010 14141414 18181818 1c1c1c1c
3890: 40404040 44444444 48484848 4c4c4c4c 50505050 54545454 58585858 5c5c5c5c
3898: 40404040 44444444 48484848 4c4c4c4c 50505050 54545454 58585858 5c5c5c5c
38a0: 80808080 84848484 88888888 8c8c8c8c 90909090 94949494 98989898 9c9c9c9c
38a8: 80808080 84848484 88888888 8c8c8c8c 90909090 94949494 98989898 9c9c9c9c
38b0: c0c0c0c0 c4c4c4c4 c8c8c8c8 cccccccc d0d0d0d0 d4d4d4d4 d8d8d8d8 dcdcdcdc
38b8: c0c0c0c0 c4c4c4c4 c8c8c8c8 cccccccc d0d0d0d0 d4d4d4d4 d8d8d8d8 dcdcdcdc
38c0: 01000100 05040504 09080908 0d0c0d0c 11101110 15141514 19181918 1d1c1d1c
38c8: 01000100 05040504 09080908 0d0c0d0c 11101110 15141514 19181918 1d1c1d1c
38d0: 41404140 45444544 49484948 4d4c4d4c 51505150 55545554 59585958 5d5c5d5c
38d8: 41404140 45444544 49484948 4d4c4d4c 51505150 55545554 59585958 5d5c5d5c
38e0: 81808180 85848584 89888988 8d8c8d8c 91909190 95949594 99989998 9d9c9d9c
38e8: 81808180 85848584 89888988 8d8c8d8c 91909190 95949594 99989998 9d9c9d9c
38f0: c1c0c1c0 c5c4c5c4 c9c8c9c8 cdcccdcc d1d0d1d0 d5d4d5d4 d9d8d9d8 dddcdddc
38f8: c1c0c1c0 c5c4c5c4 c9c8c9c8 cdcccdcc d1d0d1d0 d5d4d5d4 d9d8d9d8 dddcdddc
3900: 02020000 06060404 0a0a0808 0e0e0c0c 12121010 16161414 1a1a1818 1e1e1c1c
3908: 02020000 06060404 0a0a0808 0e0e0c0c 12121010 16161414 1a1a1818 1e1e1c1c
3910: 42424040 46464444 4a4a4848 4e4e4c4c 52525050 56565454 5a5a5858 5e5e5c5c
3918: 42424040 46464444 4a4a4848 4e4e4c4c 52525050 56565454 5a5a5858 5e5e5c5c
3920: 82828080 86868484 8a8a8888 8e8e8c8c 92929090 96969494 9a9a9898 9e9e9c9c
3928: 82828080 86868484 8a8a8888 8e8e8c8c 92929090 96969494 9a9a9898 9e9e9c9c
3930: c2c2c0c0 c6c6c4c4 cacac8c8 cececccc d2d2d0d0 d6d6d4d4 dadad8d8 dededcdc
3938: c2c2c0c0 c6c6c4c4 cacac8c8 cececccc d2d2d0d0 d6d6d4d4 dadad8d8 dededcdc
3940: 03020100 07060504 0b0a0908 0f0e0d0c 13121110 17161514 1b1a1918 1f1e1d1c
3948: 03020100 07060504 0b0a0908 0f0e0d0c 13121110 17161514 1b1a1918 1f1e1d1c
3950: 43424140 47464544 4b4a4948 4f4e4d4c 53525150 57565554 5b5a5958 5f5e5d5c
3958: 43424140 47464544 4b4a4948 4f4e4d4c 53525150 57565554 5b5a5958 5f5e5d5c
3960: 83828180 87868584 8b8a8988 8f8e8d8c 93929190 97969594 9b9a9998 9f9e9d9c
3968: 83828180 87868584 8b8a8988 8f8e8d8c 93929190 97969594 9b9a9998 9f9e9d9c
3970: c3c2c1c0 c7c6c5c4 cbcac9c8 cfcecdcc d3d2d1d0 d7d6d5d4 dbdad9d8 dfdedddc
3978: c3c2c1c0 c7c6c5c4 cbcac9c8 cfcecdcc d3d2d1d0 d7d6d5d4 dbdad9d8 dfdedddc
3980: 00000000 00000000 00000000 00000000 00000000 00000000 00000000 00000000
3988: 20202020 20202020 20202020 20202020 20202020 20202020 20202020 20202020
3990: 40404040 40404040 40404040 40404040 40404040 40404040 40404040 40404040
3998: 60606060 60606060 60606060 60606060 60606060 60606060 60606060 60606060
39a0: 80808080 80808080 80808080 80808080 80808080 80808080 80808080 80808080
39a8: a0a0a0a0 a0a0a0a0 a0a0a0a0 a0a0a0a0 a0a0a0a0 a0a0a0a0 a0a0a0a0 a0a0a0a0
39b0: c0c0c0c0 c0c0c0c0 c0c0c0c0 c0c0c0c0 c0c0c0c0 c0c0c0c0 c0c0c0c0 c0c0c0c0
39b8: e0e0e0e0 e0e0e0e0 e0e0e0e0 e0e0e0e0 e0e0e0e0 e0e0e0e0 e0e0e0e0 e0e0e0e0
39c0: 01000100 01000100 01000100 01000100 01000100 01000100 01000100 01000100
39c8: 21202120 21202120 21202120 21202120 21202120 21202120 21202120 21202120
39d0: 41404140 41404140 41404140 41404140 41404140 41404140 41404140 41404140
39d8: 61606160 61606160 61606160 61606160 61606160 61606160 61606160 61606160
39e0: 81808180 81808180 81808180 81808180 81808180 81808180 81808180 81808180
39e8: a1a0a1a0 a1a0a1a0 a1a0a1a0 a1a0a1a0 a1a0a1a0 a1a0a1a0 a1a0a1a0 a1a0a1a0
39f0: c1c0c1c0 c1c0c1c0 c1c0c1c0 c1c0c1c0 c1c0c1c0 c1c0c1c0 c1c0c1c0 c1c0c1c0
39f8: e1e0e1e0 e1e0e1e0 e1e0e1e0 e1e0e1e0 e1e0e1e0 e1e0e1e0 e1e0e1e0 e1e0e1e0
3a00: 02020000 02020000 02020000 02020000 02020000 02020000 02020000 02020000
3a08: 22222020 22222020 22222020 22222020 22222020 22222020 22222020 22222020
3a10: 42424040 42424040 42424040 42424040 42424040 42424040 42424040 42424040
3a18: 62626060 62626060 62626060 62626060 62626060 62626060 62626060 62626060
3a20: 82828080 82828080 82828080 82828080 82828080 82828080 82828080 82828080
3a28: a2a2a0a0 a2a2a0a0 a2a2a0a0 a2a2a0a0 a2a2a0a0 a2a2a0a0 a2a2a0a0 a2a2a0a0
3a30: c2c2c0c0 c2c2c0c0 c2c2c0c0 c2c2c0c0 c2c2c0c0 c2c2c0c0 c2c2c0c0 c2c2c0c0
3a38: e2e2e0e0 e2e2e0e0 e2e2e0e0 e2e2e0e0 e2e2e0e0 e2e2e0e0 e2e2e0e0 e2e2e0e0
3a40: 03020100 03020100 03020100 03020100 03020100 03020100 03020100 03020100
3a48: 23222120 23222120 23222120 23222120 23222120 23222120 23222120 23222120
3a50: 43424140 43424140 43424140 43424140 43424140 43424140 43424140 43424140
3a58: 63626160 63626160 63626160 63626160 63626160 63626160 63626160 63626160
3a60: 83828180 83828180 83828180 83828180 83828180 83828180 83828180 83828180
3a68: a3a2a1a0 a3a2a1a0 a3a2a1a0 a3a2a1a0 a3a2a1a0 a3a2a1a0 a3a2a1a0 a3a2a1a0
3a70: c3c2c1c0 c3c2c1c0 c3c2c1c0 c3c2c1c0 c3c2c1c0 c3c2c1c0 c3c2c1c0 c3c2c1c0
3a78: e3e2e1e0 e3e2e1e0 e3e2e1e0 e3e2e1e0 e3e2e1e0 e3e2e1e0 e3e2e1e0 e3e2e1e0
3a80: 00000000 04040404 00000000 04040404 00000000 04040404 00000000 04040404
3a88: 20202020 24242424 20202020 24242424 20202020 24242424 20202020 24242424
3a90: 40404040 44444444 40404040 44444444 40404040 44444444 40404040 44444444
3a98: 60606060 64646464 60606060 64646464 60606060 64646464 60606060 64646464
3aa0: 80808080 84848484 80808080 84848484 80808080 84848484 80808080 84848484
3aa8: a0a0a0a0 a4a4a4a4 a0a0a0a0 a4a4a4a4 a0a0a0a0 a4a4a4a4 a0a0a0a0 a4a4a4a4
3ab0: c0c0c0c0 c4c4c4c4 c0c0c0c0 c4c4c4c4 c0c0c0c0 c4c4c4c4 c0c0c0c0 c4c4c4c4
3ab8: e0e0e0e0 e4e4e4e4 e0e0e0e0 e4e4e4e4 e0e0e0e0 e4e4e4e4 e0e0e0e0 e4e4e4e4
3ac0: 01000100 05040504 01000100 05040504 01000100 05040504 01000100 05040504
3ac8: 21202120 25242524 21202120 25242524 21202120 25242524 21202120 25242524
3ad0: 41404140 45444544 41404140 45444544 41404140 45444544 41404140 45444544
3ad8: 61606160 65646564 61606160 65646564 61606160 65646564 61606160 65646564
3ae0: 81808180 85848584 81808180 85848584 81808180 85848584 81808180 85848584
3ae8: a1a0a1a0 a5a4a5a4 a1a0a1a0 a5a4a5a4 a1a0a1a0 a5a4a5a4 a1a0a1a0 a5a4a5a4
3af0: c1c0c1c0 c5c4c5c4 c1c0c1c0 c5c4c5c4 c1c0c1c0 c5c4c5c4 c1c0c1c0 c5c4c5c4
3af8: e1e0e1e0 e5e4e5e4 e1e0e1e0 e5e4e5e4 e1e0e1e0 e5e4e5e4 e1e0e1e0 e5e4e5e4
3b00: 02020000 06060404 02020000 06060404 02020000 06060404 02020000 06060404
3b08: 22222020 26262424 22222020 26262424 22222020 26262424 22222020 26262424
3b10: 42424040 46464444 42424040 46464444 42424040 46464444 42424040 46464444
3b18: 62626060 66666464 62626060 66666464 62626060 66666464 62626060 66666464
3b20: 82828080 86868484 82828080 86868484 82828080 86868484 82828080 86868484
3b28: a2a2a0a0 a6a6a4a4 a2a2a0a0 a6a6a4a4 a2a2a0a0 a6a6a4a4 a2a2a0a0 a6a6a4a4
3b30: c2c2c0c0 c6c6c4c4 c2c2c0c0 c6c6c4c4 c2c2c0c0 c6c6c4c4 c2c2c0c0 c6c6c4c4
3b38: e2e2e0e0 e6e6e4e4 e2e2e0e0 e6e6e4e4 e2e2e0e0 e6e6e4e4 e2e2e0e0 e6e6e4e4
3b40: 03020100 07060504 03020100 07060504 03020100 07060504 03020100 07060504
3b48: 23222120 27262524 23222120 27262524 23222120 27262524 23222120 27262524
3b50: 43424140 47464544 43424140 47464544 43424140 47464544 43424140 47464544
3b58: 63626160 67666564 63626160 67666564 63626160 67666564 63626160 67666564
3b60: 83828180 87868584 83828180 87868584 83828180 87868584 83828180 87868584
3b68: a3a2a1a0 a7a6a5a4 a3a2a1a0 a7a6a5a4 a3a2a1a0 a7a6a5a4 a3a2a1a0 a7a6a5a4
3b70: c3c2c1c0 c7c6c5c4 c3c2c1c0 c7c6c5c4 c3c2c1c0 c7c6c5c4 c3c2c1c0 c7c6c5c4
3b78: e3e2e1e0 e7e6e5e4 e3e2e1e0 e7e6e5e4 e3e2e1e0 e7e6e5e4 e3e2e1e0 e7e6e5e4
3b80: 00000000 00000000 08080808 08080808 00000000 00000000 08080808 08080808
3b88: 20202020 20202020 28282828 28282828 20202020 20202020 28282828 28282828
3b90: 40404040 40404040 48484848 48484848 40404040 40404040 48484848 48484848
3b98: 60606060 60606060 68686868 68686868 60606060 60606060 68686868 68686868
3ba0: 80808080 80808080 88888888 88888888 80808080 80808080 88888888 88888888
3ba8: a0a0a0a0 a0a0a0a0 a8a8a8a8 a8a8a8a8 a0a0a0a0 a0a0a0a0 a8a8a8a8 a8a8a8a8
3bb0: c0c0c0c0 c0c0c0c0 c8c8c8c8 c8c8c8c8 c0c0c0c0 c0c0c0c0 c8c8c8c8 c8c8c8c8
3bb8: e0e0e0e0 e0e0e0e0 e8e8e8e8 e8e8e8e8 e0e0e0e0 e0e0e0e0 e8e8e8e8 e8e8e8e8
3bc0: 01000100 01000100 09080908 09080908 01000100 01000100 09080908 09080908
3bc8: 21202120 21202120 29282928 29282928 21202120 21202120 29282928 29282928
3bd0: 41404140 41404140 49484948 49484948 41404140 41404140 49484948 49484948
3bd8: 61606160 61606160 69686968 69686968 61606160 61606160 69686968 69686968
3be0: 81808180 81808180 89888988 89888988 81808180 81808180 89888988 89888988
3be8: a1a0a1a0 a1a0a1a0 a9a8a9a8 a9a8a9a8 a1a0a1a0 a1a0a1a0 a9a8a9a8 a9a8a9a8
3bf0: c1c0c1c0 c1c0c1c0 c9c8c9c8 c9c8c9c8 c1c0c1c0 c1c0c1c0 c9c8c9c8 c9c8c9c8
3bf8: e1e0e1e0 e1e0e1e0 e9e8e9e8 e9e8e9e8 e1e0e1e0 e1e0e1e0 e9e8e9e8 e9e8e9e8
3c00: 02020000 02020000 0a0a0808 0a0a0808 02020000 02020000 0a0a0808 0a0a0808
3c08: 22222020 22222020 2a2a2828 2a2a2828 22222020 22222020 2a2a2828 2a2a2828
3c10: 42424040 42424040 4a4a4848 4a4a4848 42424040 42424040 4a4a4848 4a4a4848
3c18: 62626060 62626060 6a6a6868 6a6a6868 62626060 62626060 6a6a6868 6a6a6868
3c20: 82828080 82828080 8a8a8888 8a8a8888 82828080 82828080 8a8a8888 8a8a8888
3c28: a2a2a0a0 a2a2a0a0 aaaaa8a8 aaaaa8a8 a2a2a0a0 a2a2a0a0 aaaaa8a8 aaaaa8a8
3c30: c2c2c0c0 c2c2c0c0 cacac8c8 cacac8c8 c2c2c0c0 c2c2c0c0 cacac8c8 cacac8c8
3c38: e2e2e0e0 e2e2e0e0 eaeae8e8 eaeae8e8 e2e2e0e0 e2e2e0e0 eaeae8e8 eaeae8e8
3c40: 03020100 03020100 0b0a0908 0b0a0908 03020100 03020100 0b0a0908 0b0a0908
3c48: 23222120 23222120 2b2a2928 2b2a2928 23222120 23222120 2b2a2928 2b2a2928
3c50: 43424140 43424140 4b4a4948 4b4a4948 43424140 43424140 4b4a4948 4b4a4948
3c58: 63626160 63626160 6b6a6968 6b6a6968 63626160 63626160 6b6a6968 6b6a6968
3c60: 83828180 83828180 8b8a8988 8b8a8988 83828180 83828180 8b8a8988 8b8a8988
3c68: a3a2a1a0 a3a2a1a0 abaaa9a8 abaaa9a8 a3a2a1a0 a3a2a1a0 abaaa9a8 abaaa9a8
3c70: c3c2c1c0 c3c2c1c0 cbcac9c8 cbcac9c8 c3c2c1c0 c3c2c1c0 cbcac9c8 cbcac9c8
3c78: e3e2e1e0 e3e2e1e0 ebeae9e8 ebeae9e8 e3e2e1e0 e3e2e1e0 ebeae9e8 ebeae9e8
3c80: 00000000 04040404 08080808 0c0c0c0c 00000000 04040404 08080808 0c0c0c0c
3c88: 20202020 24242424 28282828 2c2c2c2c 20202020 24242424 28282828 2c2c2c2c
3c90: 40404040 44444444 48484848 4c4c4c4c 40404040 44444444 48484848 4c4c4c4c
3c98: 60606060 64646464 68686868 6c6c6c6c 60606060 64646464 68686868 6c6c6c6c
3ca0: 80808080 84848484 88888888 8c8c8c8c 80808080 84848484 88888888 8c8c8c8c
3ca8: a0a0a0a0 a4a4a4a4 a8a8a8a8 acacacac a0a0a0a0 a4a4a4a4 a8a8a8a8 acacacac
3cb0: c0c0c0c0 c4c4c4c4 c8c8c8c8 cccccccc c0c0c0c0 c4c4c4c4 c8c8c8c8 cccccccc
3cb8: e0e0e0e0 e4e4e4e4 e8e8e8e8 ecececec e0e0e0e0 e4e4e4e4 e8e8e8e8 ecececec
3cc0: 01000100 05040504 09080908 0d0c0d0c 01000100 05040504 09080908 0d0c0d0c
3cc8: 21202120 25242524 29282928 2d2c2d2c 21202120 25242524 29282928 2d2c2d2c
3cd0: 41404140 45444544 49484948 4d4c4d4c 41404140 45444544 49484948 4d4c4d4c
3cd8: 61606160 65646564 69686968 6d6c6d6c 61606160 65646564 69686968 6d6c6d6c
3ce0: 81808180 85848584 89888988 8d8c8d8c 81808180 85848584 89888988 8d8c8d8c
3ce8: a1a0a1a0 a5a4a5a4 a9a8a9a8 adacadac a1a0a1a0 a5a4a5a4 a9a8a9a8 adacadac
3cf0: c1c0c1c0 c5c4c5c4 c9c8c9c8 cdcccdcc c1c0c1c0 c5c4c5c4 c9c8c9c8 cdcccdcc
3cf8: e1e0e1e0 e5e4e5e4 e9e8e9e8 edecedec e1e0e1e0 e5e4e5e4 e9e8e9e8 edecedec
3d00: 02020000 06060404 0a0a0808 0e0e0c0c 02020000 06060404 0a0a0808 0e0e0c0c
3d08: 22222020 26262424 2a2a2828 2e2e2c2c 22222020 26262424 2a2a2828 2e2e2c2c
3d10: 42424040 46464444 4a4a4848 4e4e4c4c 42424040 46464444 4a4a4848 4e4e4c4c
3d18: 62626060 66666464 6a6a6868 6e6e6c6c 62626060 66666464 6a6a6868 6e6e6c6c
3d20: 82828080 86868484 8a8a8888 8e8e8c8c 82828080 86868484 8a8a8888 8e8e8c8c
3d28: a2a2a0a0 a6a6a4a4 aaaaa8a8 aeaeacac a2a2a0a0 a6a6a4a4 aaaaa8a8 aeaeacac
3d30: c2c2c0c0 c6c6c4c4 cacac8c8 cececccc c2c2c0c0 c6c6c4c4 cacac8c8 cececccc
3d38: e2e2e0e0 e6e6e4e4 eaeae8e8 eeeeecec e2e2e0e0 e6e6e4e4 eaeae8e8 eeeeecec
3d40: 03020100 07060504 0b0a0908 0f0e0d0c 03020100 07060504 0b0a0908 0f0e0d0c
3d48: 23222120 27262524 2b2a2928 2f2e2d2c 23222120 27262524 2b2a2928 2f2e2d2c
3d50: 43424140 47464544 4b4a4948 4f4e4d4c 43424140 47464544 4b4a4948 4f4e4d4c
3d58: 63626160 67666564 6b6a6968 6f6e6d6c 63626160 67666564 6b6a6968 6f6e6d6c
3d60: 83828180 87868584 8b8a8988 8f8e8d8c 83828180 87868584 8b8a8988 8f8e8d8c
3d68: a3a2a1a0 a7a6a5a4 abaaa9a8 afaeadac a3a2a1a0 a7a6a5a4 abaaa9a8 afaeadac
3d70: c3c2c1c0 c7c6c5c4 cbcac9c8 cfcecdcc c3c2c1c0 c7c6c5c4 cbcac9c8 cfcecdcc
3d78: e3e2e1e0 e7e6e5e4 ebeae9e8 efeeedec e3e2e1e0 e7e6e5e4 ebeae9e8 efeeedec
3d80: 00000000 00000000 00000000 00000000 10101010 10101010 10101010 10101010
3d88: 20202020 20202020 20202020 20202020 30303030 30303030 30303030 30303030
3d90: 40404040 40404040 40404040 40404040 50505050 50505050 50505050 50505050
3d98: 60606060 60606060 60606060 60606060 70707070 70707070 70707070 70707070
3da0: 80808080 80808080 80808080 80808080 90909090 90909090 90909090 90909090
3da8: a0a0a0a0 a0a0a0a0 a0a0a0a0 a0a0a0a0 b0b0b0b0 b0b0b0b0 b0b0b0b0 b0b0b0b0
3db0: c0c0c0c0 c0c0c0c0 c0c0c0c0 c0c0c0c0 d0d0d0d0 d0d0d0d0 d0d0d0d0 d0d0d0d0
3db8: e0e0e0e0 e0e0e0e0 e0e0e0e0 e0e0e0e0 f0f0f0f0 f0f0f0f0 f0f0f0f0 f0f0f0f0
3dc0: 01000100 01000100 01000100 01000100 11101110 11101110 11101110 11101110
3dc8: 21202120 21202120 21202120 21202120 31303130 31303130 31303130 31303130
3dd0: 41404140 41404140 41404140 41404140 51505150 51505150 51505150 51505150
3dd8: 61606160 61606160 61606160 61606160 71707170 71707170 71707170 71707170
3de0: 81808180 81808180 81808180 81808180 91909190 91909190 91909190 91909190
3de8: a1a0a1a0 a1a0a1a0 a1a0a1a0 a1a0a1a0 b1b0b1b0 b1b0b1b0 b1b0b1b0 b1b0b1b0
3df0: c1c0c1c0 c1c0c1c0 c1c0c1c0 c1c0c1c0 d1d0d1d0 d1d0d1d0 d1d0d1d0 d1d0d1d0
3df8: e1e0e1e0 e1e0e1e0 e1e0e1e0 e1e0e1e0 f1f0f1f0 f1f0f1f0 f1f0f1f0 f1f0f1f0
3e00: 02020000 02020000 02020000 02020000 12121010 12121010 12121010 12121010
3e08: 22222020 22222020 22222020 22222020 32323030 32323030 32323030 32323030
3e10: 42424040 42424040 42424040 42424040 52525050 52525050 52525050 52525050
3e18: 62626060 62626060 62626060 62626060 72727070 72727070 72727070 72727070
3e20: 82828080 82828080 82828080 82828080 92929090 92929090 92929090 92929090
3e28: a2a2a0a0 a2a2a0a0 a2a2a0a0 a2a2a0a0 b2b2b0b0 b2b2b0b0 b2b2b0b0 b2b2b0b0
3e30: c2c2c0c0 c2c2c0c0 c2c2c0c0 c2c2c0c0 d2d2d0d0 d2d2d0d0 d2d2d0d0 d2d2d0d0
3e38: e2e2e0e0 e2e2e0e0 e2e2e0e0 e2e2e0e0 f2f2f0f0 f2f2f0f0 f2f2f0f0 f2f2f0f0
3e40: 03020100 03020100 03020100 03020100 13121110 13121110 13121110 13121110
3e48: 23222120 23222120 23222120 23222120 33323130 33323130 33323130 33323130
3e50: 43424140 43424140 43424140 43424140 53525150 53525150 53525150 53525150
3e58: 63626160 63626160 63626160 63626160 73727170 73727170 73727170 73727170
3e60: 83828180 83828180 83828180 83828180 93929190 93929190 93929190 93929190
3e68: a3a2a1a0 a3a2a1a0 a3a2a1a0 a3a2a1a0 b3b2b1b0 b3b2b1b0 b3b2b1b0 b3b2b1b0
3e70: c3c2c1c0 c3c2c1c0 c3c2c1c0 c3c2c1c0 d3d2d1d0 d3d2d1d0 d3d2d1d0 d3d2d1d0
3e78: e3e2e1e0 e3e2e1e0 e3e2e1e0 e3e2e1e0 f3f2f1f0 f3f2f1f0 f3f2f1f0 f3f2f1f0
3e80: 00000000 04040404 00000000 04040404 10101010 14141414 10101010 14141414
3e88: 20202020 24242424 20202020 24242424 30303030 34343434 30303030 34343434
3e90: 40404040 44444444 40404040 44444444 50505050 54545454 50505050 54545454
3e98: 60606060 64646464 60606060 64646464 70707070 74747474 70707070 74747474
3ea0: 80808080 84848484 80808080 84848484 90909090 94949494 90909090 94949494
3ea8: a0a0a0a0 a4a4a4a4 a0a0a0a0 a4a4a4a4 b0b0b0b0 b4b4b4b4 b0b0b0b0 b4b4b4b4
3eb0: c0c0c0c0 c4c4c4c4 c0c0c0c0 c4c4c4c4 d0d0d0d0 d4d4d4d4 d0d0d0d0 d4d4d4d4
3eb8: e0e0e0e0 e4e4e4e4 e0e0e0e0 e4e4e4e4 f0f0f0f0 f4f4f4f4 f0f0f0f0 f4f4f4f4
3ec0: 01000100 05040504 01000100 05040504 11101110 15141514 11101110 15141514
3ec8: 21202120 25242524 21202120 25242524 31303130 35343534 31303130 35343534
3ed0: 41404140 45444544 41404140 45444544 51505150 55545554 51505150 55545554
3ed8: 61606160 65646564 61606160 65646564 71707170 75747574 71707170 75747574
3ee0: 81808180 85848584 81808180 85848584 91909190 95949594 91909190 95949594
3ee8: a1a0a1a0 a5a4a5a4 a1a0a1a0 a5a4a5a4 b1b0b1b0 b5b4b5b4 b1b0b1b0 b5b4b5b4
3ef0: c1c0c1c0 c5c4c5c4 c1c0c1c0 c5c4c5c4 d1d0d1d0 d5d4d5d4 d1d0d1d0 d5d4d5d4
3ef8: e1e0e1e0 e5e4e5e4 e1e0e1e0 e5e4e5e4 f1f0f1f0 f5f4f5f4 f1f0f1f0 f5f4f5f4
3f00: 02020000 06060404 02020000 06060404 12121010 16161414 12121010 16161414
3f08: 22222020 26262424 22222020 26262424 32323030 36363434 32323030 36363434
3f10: 42424040 46464444 42424040 46464444 52525050 56565454 52525050 56565454
3f18: 62626060 66666464 62626060 66666464 72727070 76767474 72727070 76767474
3f20: 82828080 86868484 82828080 86868484 92929090 96969494 92929090 96969494
3f28: a2a2a0a0 a6a6a4a4 a2a2a0a0 a6a6a4a4 b2b2b0b0 b6b6b4b4 b2b2b0b0 b6b6b4b4
3f30: c2c2c0c0 c6c6c4c4 c2c2c0c0 c6c6c4c4 d2d2d0d0 d6d6d4d4 d2d2d0d0 d6d6d4d4
3f38: e2e2e0e0 e6e6e4e4 e2e2e0e0 e6e6e4e4 f2f2f0f0 f6f6f4f4 f2f2f0f0 f6f6f4f4
3f40: 03020100 07060504 03020100 07060504 13121110 17161514 13121110 17161514
3f48: 23222120 27262524 23222120 27262524 33323130 37363534 33323130 37363534
3f50: 43424140 47464544 43424140 47464544 53525150 57565554 53525150 57565554
3f58: 63626160 67666564 63626160 67666564 73727170 77767574 73727170 77767574
3f60: 83828180 87868584 83828180 87868584 93929190 97969594 93929190 97969594
3f68: a3a2a1a0 a7a6a5a4 a3a2a1a0 a7a6a5a4 b3b2b1b0 b7b6b5b4 b3b2b1b0 b7b6b5b4
3f70: c3c2c1c0 c7c6c5c4 c3c2c1c0 c7c6c5c4 d3d2d1d0 d7d6d5d4 d3d2d1d0 d7d6d5d4
3f78: e3e2e1e0 e7e6e5e4 e3e2e1e0 e7e6e5e4 f3f2f1f0 f7f6f5f4 f3f2f1f0 f7f6f5f4
3f80: 00000000 00000000 08080808 08080808 10101010 10101010 18181818 18181818
3f88: 20202020 20202020 28282828 28282828 30303030 30303030 38383838 38383838
3f90: 40404040 40404040 48484848 48484848 50505050 50505050 58585858 58585858
3f98: 60606060 60606060 68686868 68686868 70707070 70707070 78787878 78787878
3fa0: 80808080 80808080 88888888 88888888 90909090 90909090 98989898 98989898
3fa8: a0a0a0a0 a0a0a0a0 a8a8a8a8 a8a8a8a8 b0b0b0b0 b0b0b0b0 b8b8b8b8 b8b8b8b8
3fb0: c0c0c0c0 c0c0c0c0 c8c8c8c8 c8c8c8c8 d0d0d0d0 d0d0d0d0 d8d8d8d8 d8d8d8d8
3fb8: e0e0e0e0 e0e0e0e0 e8e8e8e8 e8e8e8e8 f0f0f0f0 f0f0f0f0 f8f8f8f8 f8f8f8f8
3fc0: 01000100 01000100 09080908 09080908 11101110 11101110 19181918 19181918
3fc8: 21202120 21202120 29282928 29282928 31303130 31303130 39383938 39383938
3fd0: 41404140 41404140 49484948 49484948 51505150 51505150 59585958 59585958
3fd8: 61606160 61606160 69686968 69686968 71707170 71707170 79787978 79787978
3fe0: 81808180 81808180 89888988 89888988 91909190 91909190 99989998 99989998
3fe8: a1a0a1a0 a1a0a1a0 a9a8a9a8 a9a8a9a8 b1b0b1b0 b1b0b1b0 b9b8b9b8 b9b8b9b8
3ff0: c1c0c1c0 c1c0c1c0 c9c8c9c8 c9c8c9c8 d1d0d1d0 d1d0d1d0 d9d8d9d8 d9d8d9d8
3ff8: e1e0e1e0 e1e0e1e0 e9e8e9e8 e9e8e9e8 f1f0f1f0 f1f0f1f0 f9f8f9f8 f9f8f9f8
4000: 02020000 02020000 0a0a0808 0a0a0808 12121010 12121010 1a1a1818 1a1a1818
4008: 22222020 22222020 2a2a2828 2a2a2828 32323030 32323030 3a3a3838 3a3a3838
4010: 42424040 42424040 4a4a4848 4a4a4848 52525050 52525050 5a5a5858 5a5a5858
4018: 62626060 62626060 6a6a6868 6a6a6868 72727070 72727070 7a7a7878 7a7a7878
4020: 82828080 82828080 8a8a8888 8a8a8888 92929090 92929090 9a9a9898 9a9a9898
4028: a2a2a0a0 a2a2a0a0 aaaaa8a8 aaaaa8a8 b2b2b0b0 b2b2b0b0 babab8b8 babab8b8
4030: c2c2c0c0 c2c2c0c0 cacac8c8 cacac8c8 d2d2d0d0 d2d2d0d0 dadad8d8 dadad8d8
4038: e2e2e0e0 e2e2e0e0 eaeae8e8 eaeae8e8 f2f2f0f0 f2f2f0f0 fafaf8f8 fafaf8f8
4040: 03020100 03020100 0b0a0908 0b0a0908 13121110 13121110 1b1a1918 1b1a1918
4048: 23222120 23222120 2b2a2928 2b2a2928 33323130 33323130 3b3a3938 3b3a3938
4050: 43424140 43424140 4b4a4948 4b4a4948 53525150 53525150 5b5a5958 5b5a5958
4058: 63626160 63626160 6b6a6968 6b6a6968 73727170 73727170 7b7a7978 7b7a7978
4060: 83828180 83828180 8b8a8988 8b8a8988 93929190 93929190 9b9a9998 9b9a9998
4068: a3a2a1a0 a3a2a1a0 abaaa9a8 abaaa9a8 b3b2b1b0 b3b2b1b0 bbbab9b8 bbbab9b8
4070: c3c2c1c0 c3c2c1c0 cbcac9c8 cbcac9c8 d3d2d1d0 d3d2d1d0 dbdad9d8 dbdad9d8
4078: e3e2e1e0 e3e2e1e0 ebeae9e8 ebeae9e8 f3f2f1f0 f3f2f1f0 fbfaf9f8 fbfaf9f8
4080: 00000000 04040404 08080808 0c0c0c0c 10101010 14141414 18181818 1c1c1c1c
4088: 20202020 24242424 28282828 2c2c2c2c 30303030 34343434 38383838 3c3c3c3c
4090: 40404040 44444444 48484848 4c4c4c4c 50505050 54545454 58585858 5c5c5c5c
4098: 60606060 64646464 68686868 6c6c6c6c 70707070 74747474 78787878 7c7c7c7c
40a0: 80808080 84848484 88888888 8c8c8c8c 90909090 94949494 98989898 9c9c9c9c
40a8: a0a0a0a0 a4a4a4a4 a8a8a8a8 acacacac b0b0b0b0 b4b4b4b4 b8b8b8b8 bcbcbcbc
40b0: c0c0c0c0 c4c4c4c4 c8c8c8c8 cccccccc d0d0d0d0 d4d4d4d4 d8d8d8d8 dcdcdcdc
40b8: e0e0e0e0 e4e4e4e4 e8e8e8e8 ecececec f0f0f0f0 f4f4f4f4 f8f8f8f8 fcfcfcfc
40c0: 01000100 05040504 09080908 0d0c0d0c 11101110 15141514 19181918 1d1c1d1c
40c8: 21202120 25242524 29282928 2d2c2d2c 31303130 35343534 39383938 3d3c3d3c
40d0: 41404140 45444544 49484948 4d4c4d4c 51505150 55545554 59585958 5d5c5d5c
40d8: 61606160 65646564 69686968 6d6c6d6c 71707170 75747574 79787978 7d7c7d7c
40e0: 81808180 85848584 89888988 8d8c8d8c 91909190 95949594 99989998 9d9c9d9c
40e8: a1a0a1a0 a5a4a5a4 a9a8a9a8 adacadac b1b0b1b0 b5b4b5b4 b9b8b9b8 bdbcbdbc
40f0: c1c0c1c0 c5c4c5c4 c9c8c9c8 cdcccdcc d1d0d1d0 d5d4d5d4 d9d8d9d8 dddcdddc
40f8: e1e0e1e0 e5e4e5e4 e9e8e9e8 edecedec f1f0f1f0 f5f4f5f4 f9f8f9f8 fdfcfdfc
4100: 02020000 06060404 0a0a0808 0e0e0c0c 12121010 16161414 1a1a1818 1e1e1c1c
4108: 22222020 26262424 2a2a2828 2e2e2c2c 32323030 36363434 3a3a3838 3e3e3c3c
4110: 42424040 46464444 4a4a4848 4e4e4c4c 52525050 56565454 5a5a5858 5e5e5c5c
4118: 62626060 66666464 6a6a6868 6e6e6c6c 72727070 76767474 7a7a7878 7e7e7c7c
4120: 82828080 86868484 8a8a8888 8e8e8c8c 92929090 96969494 9a9a9898 9e9e9c9c
4128: a2a2a0a0 a6a6a4a4 aaaaa8a8 aeaeacac b2b2b0b0 b6b6b4b4 babab8b8 bebebcbc
4130: c2c2c0c0 c6c6c4c4 cacac8c8 cececccc d2d2d0d0 d6d6d4d4 dadad8d8 dededcdc
4138: e2e2e0e0 e6e6e4e4 eaeae8e8 eeeeecec f2f2f0f0 f6f6f4f4 fafaf8f8 fefefcfc
4140: 03020100 07060504 0b0a0908 0f0e0d0c 13121110 17161514 1b1a1918 1f1e1d1c
4148: 23222120 27262524 2b2a2928 2f2e2d2c 33323130 37363534 3b3a3938 3f3e3d3c
4150: 43424140 47464544 4b4a4948 4f4e4d4c 53525150 57565554 5b5a5958 5f5e5d5c
4158: 63626160 67666564 6b6a6968 6f6e6d6c 73727170 77767574 7b7a7978 7f7e7d7c
4160: 83828180 87868584 8b8a8988 8f8e8d8c 93929190 97969594 9b9a9998 9f9e9d9c
4168: a3a2a1a0 a7a6a5a4 abaaa9a8 afaeadac b3b2b1b0 b7b6b5b4 bbbab9b8 bfbebdbc
4170: c3c2c1c0 c7c6c5c4 cbcac9c8 cfcecdcc d3d2d1d0 d7d6d5d4 dbdad9d8 dfdedddc
4178: e3e2e1e0 e7e6e5e4 ebeae9e8 efeeedec f3f2f1f0 f7f6f5f4 fbfaf9f8 fffefdfc
4180: 03020100 07060504 0b0a0908 0f0e0d0c 13121110 17161514 1b1a1918 1f1e1d1c
4188: 23222120 27262524 2b2a2928 2f2e2d2c 33323130 37363534 3b3a3938 3f3e3d3c
4190: 43424140 47464544 4b4a4948 4f4e4d4c 53525150 57565554 5b5a5958 5f5e5d5c
4198: 63626160 67666564 6b6a6968 6f6e6d6c 73727170 77767574 7b7a7978 7f7e7d7c
41a0: 83828180 87868584 8b8a8988 8f8e8d8c 93929190 97969594 9b9a9998 9f9e9d9c
41a8: a3a2a1a0 a7a6a5a4 abaaa9a8 afaeadac b3b2b1b0 b7b6b5b4 bbbab9b8 bfbebdbc
41b0: c3c2c1c0 c7c6c5c4 cbcac9c8 cfcecdcc d3d2d1d0 d7d6d5d4 dbdad9d8 dfdedddc
41b8: e3e2e1e0 e7e6e5e4 ebeae9e8 efeeedec f3f2f1f0 f7f6f5f4 fbfaf9f8 fffefdfc
41c0: 03030101 07070505 0b0b0909 0f0f0d0d 13131111 17171515 1b1b1919 1f1f1d1d
41c8: 23232121 27272525 2b2b2929 2f2f2d2d 33333131 37373535 3b3b3939 3f3f3d3d
41d0: 43434141 47474545 4b4b4949 4f4f4d4d 53535151 57575555 5b5b5959 5f5f5d5d
41d8: 63636161 67676565 6b6b6969 6f6f6d6d 73737171 77777575 7b7b7979 7f7f7d7d
41e0: 83838181 87878585 8b8b8989 8f8f8d8d 93939191 97979595 9b9b9999 9f9f9d9d
41e8: a3a3a1a1 a7a7a5a5 ababa9a9 afafadad b3b3b1b1 b7b7b5b5 bbbbb9b9 bfbfbdbd
41f0: c3c3c1c1 c7c7c5c5 cbcbc9c9 cfcfcdcd d3d3d1d1 d7d7d5d5 dbdbd9d9 dfdfdddd
41f8: e3e3e1e1 e7e7e5e5 ebebe9e9 efefeded f3f3f1f1 f7f7f5f5 fbfbf9f9 fffffdfd
4200: 03020302 07060706 0b0a0b0a 0f0e0f0e 13121312 17161716 1b1a1b1a 1f1e1f1e
4208: 23222322 27262726 2b2a2b2a 2f2e2f2e 33323332 37363736 3b3a3b3a 3f3e3f3e
4210: 43424342 47464746 4b4a4b4a 4f4e4f4e 53525352 57565756 5b5a5b5a 5f5e5f5e
4218: 63626362 67666766 6b6a6b6a 6f6e6f6e 73727372 77767776 7b7a7b7a 7f7e7f7e
4220: 83828382 87868786 8b8a8b8a 8f8e8f8e 93929392 97969796 9b9a9b9a 9f9e9f9e
4228: a3a2a3a2 a7a6a7a6 abaaabaa afaeafae b3b2b3b2 b7b6b7b6 bbbabbba bfbebfbe
4230: c3c2c3c2 c7c6c7c6 cbcacbca cfcecfce d3d2d3d2 d7d6d7d6 dbdadbda dfdedfde
4238: e3e2e3e2 e7e6e7e6 ebeaebea efeeefee f3f2f3f2 f7f6f7f6 fbfafbfa fffefffe
4240: 03030303 07070707 0b0b0b0b 0f0f0f0f 13131313 17171717 1b1b1b1b 1f1f1f1f
4248: 23232323 27272727 2b2b2b2b 2f2f2f2f 33333333 37373737 3b3b3b3b 3f3f3f3f
4250: 43434343 47474747 4b4b4b4b 4f4f4f4f 53535353 57575757 5b5b5b5b 5f5f5f5f
4258: 63636363 67676767 6b6b6b6b 6f6f6f6f 73737373 77777777 7b7b7b7b 7f7f7f7f
4260: 83838383 87878787 8b8b8b8b 8f8f8f8f 93939393 97979797 9b9b9b9b 9f9f9f9f
4268: a3a3a3a3 a7a7a7a7 abababab afafafaf b3b3b3b3 b7b7b7b7 bbbbbbbb bfbfbfbf
4270: c3c3c3c3 c7c7c7c7 cbcbcbcb cfcfcfcf d3d3d3d3 d7d7d7d7 dbdbdbdb dfdfdfdf
4278: e3e3e3e3 e7e7e7e7 ebebebeb efefefef f3f3f3f3 f7f7f7f7 fbfbfbfb ffffffff
4280: 07060504 07060504 0f0e0d0c 0f0e0d0c 17161514 17161514 1f1e1d1c 1f1e1d1c
4288: 27262524 27262524 2f2e2d2c 2f2e2d2c 37363534 37363534 3f3e3d3c 3f3e3d3c
4290: 47464544 47464544 4f4e4d4c 4f4e4d4c 57565554 57565554 5f5e5d5c 5f5e5d5c
4298: 67666564 67666564 6f6e6d6c 6f6e6d6c 77767574 77767574 7f7e7d7c 7f7e7d7c
42a0: 87868584 87868584 8f8e8d8c 8f8e8d8c 97969594 97969594 9f9e9d9c 9f9e9d9c
42a8: a7a6a5a4 a7a6a5a4 afaeadac afaeadac b7b6b5b4 b7b6b5b4 bfbebdbc bfbebdbc
42b0: c7c6c5c4 c7c6c5c4 cfcecdcc cfcecdcc d7d6d5d4 d7d6d5d4 dfdedddc dfdedddc
42b8: e7e6e5e4 e7e6e5e4 efeeedec efeeedec f7f6f5f4 f7f6f5f4 fffefdfc fffefdfc
42c0: 07070505 07070505 0f0f0d0d 0f0f0d0d 17171515 17171515 1f1f1d1d 1f1f1d1d
42c8: 27272525 27272525 2f2f2d2d 2f2f2d2d 37373535 37373535 3f3f3d3d 3f3f3d3d
42d0: 47474545 47474545 4f4f4d4d 4f4f4d4d 57575555 57575555 5f5f5d5d 5f5f5d5d
42d8: 67676565 67676565 6f6f6d6d 6f6f6d6d 77777575 77777575 7f7f7d7d 7f7f7d7d
42e0: 87878585 87878585 8f8f8d8d 8f8f8d8d 97979595 97979595 9f9f9d9d 9f9f9d9d
42e8: a7a7a5a5 a7a7a5a5 afafadad afafadad b7b7b5b5 b7b7b5b5 bfbfbdbd bfbfbdbd
42f0: c7c7c5c5 c7c7c5c5 cfcfcdcd cfcfcdcd d7d7d5d5 d7d7d5d5 dfdfdddd dfdfdddd
42f8: e7e7e5e5 e7e7e5e5 efefeded efefeded f7f7f5f5 f7f7f5f5 fffffdfd fffffdfd
4300: 07060706 07060706 0f0e0f0e 0f0e0f0e 17161716 17161716 1f1e1f1e 1f1e1f1e
4308: 27262726 27262726 2f2e2f2e 2f2e2f2e 37363736 37363736 3f3e3f3e 3f3e3f3e
4310: 47464746 47464746 4f4e4f4e 4f4e4f4e 57565756 57565756 5f5e5f5e 5f5e5f5e
4318: 67666766 67666766 6f6e6f6e 6f6e6f6e 77767776 77767776 7f7e7f7e 7f7e7f7e
4320: 87868786 87868786 8f8e8f8e 8f8e8f8e 97969796 97969796 9f9e9f9e 9f9e9f9e
4328: a7a6a7a6 a7a6a7a6 afaeafae afaeafae b7b6b7b6 b7b6b7b6 bfbebfbe bfbebfbe
4330: c7c6c7c6 c7c6c7c6 cfcecfce cfcecfce d7d6d7d6 d7d6d7d6 dfdedfde dfdedfde
4338: e7e6e7e6 e7e6e7e6 efeeefee efeeefee f7f6f7f6 f7f6f7f6 fffefffe fffefffe
4340: 07070707 07070707 0f0f0f0f 0f0f0f0f 17171717 17171717 1f1f1f1f 1f1f1f1f
4348: 27272727 27272727 2f2f2f2f 2f2f2f2f 37373737 37373737 3f3f3f3f 3f3f3f3f
4350: 47474747 47474747 4f4f4f4f 4f4f4f4f 57575757 57575757 5f5f5f5f 5f5f5f5f
4358: 67676767 67676767 6f6f6f6f 6f6f6f6f 77777777 77777777 7f7f7f7f 7f7f7f7f
4360: 87878787 87878787 8f8f8f8f 8f8f8f8f 97979797 97979797 9f9f9f9f 9f9f9f9f
4368: a7a7a7a7 a7a7a7a7 afafafaf afafafaf b7b7b7b7 b7b7b7b7 bfbfbfbf bfbfbfbf
4370: c7c7c7c7 c7c7c7c7 cfcfcfcf cfcfcfcf d7d7d7d7 d7d7d7d7 dfdfdfdf dfdfdfdf
4378: e7e7e7e7 e7e7e7e7 efefefef efefefef f7f7f7f7 f7f7f7f7 ffffffff ffffffff
4380: 0b0a0908 0f0e0d0c 0b0a0908 0f0e0d0c 1b1a1918 1f1e1d1c 1b1a1918 1f1e1d1c
4388: 2b2a2928 2f2e2d2c 2b2a2928 2f2e2d2c 3b3a3938 3f3e3d3c 3b3a3938 3f3e3d3c
4390: 4b4a4948 4f4e4d4c 4b4a4948 4f4e4d4c 5b5a5958 5f5e5d5c 5b5a5958 5f5e5d5c
4398: 6b6a6968 6f6e6d6c 6b6a6968 6f6e6d6c 7b7a7978 7f7e7d7c 7b7a7978 7f7e7d7c
43a0: 8b8a8988 8f8e8d8c 8b8a8988 8f8e8d8c 9b9a9998 9f9e9d9c 9b9a9998 9f9e9d9c
43a8: abaaa9a8 afaeadac abaaa9a8 afaeadac bbbab9b8 bfbebdbc bbbab9b8 bfbebdbc
43b0: cbcac9c8 cfcecdcc cbcac9c8 cfcecdcc dbdad9d8 dfdedddc dbdad9d8 dfdedddc
43b8: ebeae9e8 efeeedec ebeae9e8 efeeedec fbfaf9f8 fffefdfc fbfaf9f8 fffefdfc
43c0: 0b0b0909 0f0f0d0d 0b0b0909 0f0f0d0d 1b1b1919 1f1f1d1d 1b1b1919 1f1f1d1d
43c8: 2b2b2929 2f2f2d2d 2b2b2929 2f2f2d2d 3b3b3939 3f3f3d3d 3b3b3939 3f3f3d3d
43d0: 4b4b4949 4f4f4d4d 4b4b4949 4f4f4d4d 5b5b5959 5f5f5d5d 5b5b5959 5f5f5d5d
43d8: 6b6b6969 6f6f6d6d 6b6b6969 6f6f6d6d 7b7b7979 7f7f7d7d 7b7b7979 7f7f7d7d
43e0: 8b8b8989 8f8f8d8d 8b8b8989 8f8f8d8d 9b9b9999 9f9f9d9d 9b9b9999 9f9f9d9d
43e8: ababa9a9 afafadad ababa9a9 afafadad bbbbb9b9 bfbfbdbd bbbbb9b9 bfbfbdbd
43f0: cbcbc9c9 cfcfcdcd cbcbc9c9 cfcfcdcd dbdbd9d9 dfdfdddd dbdbd9d9 dfdfdddd
43f8: ebebe9e9 efefeded ebebe9e9 efefeded fbfbf9f9 fffffdfd fbfbf9f9 fffffdfd
4400: 0b0a0b0a 0f0e0f0e 0b0a0b0a 0f0e0f0e 1b1a1b1a 1f1e1f1e 1b1a1b1a 1f1e1f1e
4408: 2b2a2b2a 2f2e2f2e 2b2a2b2a 2f2e2f2e 3b3a3b3a 3f3e3f3e 3b3a3b3a 3f3e3f3e
4410: 4b4a4b4a 4f4e4f4e 4b4a4b4a 4f4e4f4e 5b5a5b5a 5f5e5f5e 5b5a5b5a 5f5e5f5e
4418: 6b6a6b6a 6f6e6f6e 6b6a6b6a 6f6e6f6e 7b7a7b7a 7f7e7f7e 7b7a7b7a 7f7e7f7e
4420: 8b8a8b8a 8f8e8f8e 8b8a8b8a 8f8e8f8e 9b9a9b9a 9f9e9f9e 9b9a9b9a 9f9e9f9e
4428: abaaabaa afaeafae abaaabaa afaeafae bbbabbba bfbebfbe bbbabbba bfbebfbe
4430: cbcacbca cfcecfce cbcacbca cfcecfce dbdadbda dfdedfde dbdadbda dfdedfde
4438: ebeaebea efeeefee ebeaebea efeeefee fbfafbfa fffefffe fbfafbfa fffefffe
4440: 0b0b0b0b 0f0f0f0f 0b0b0b0b 0f0f0f0f 1b1b1b1b 1f1f1f1f 1b1b1b1b 1f1f1f1f
4448: 2b2b2b2b 2f2f2f2f 2b2b2b2b 2f2f2f2f 3b3b3b3b 3f3f3f3f 3b3b3b3b 3f3f3f3f
4450: 4b4b4b4b 4f4f4f4f 4b4b4b4b 4f4f4f4f 5b5b5b5b 5f5f5f5f 5b5b5b5b 5f5f5f5f
4458: 6b6b6b6b 6f6f6f6f 6b6b6b6b 6f6f6f6f 7b7b7b7b 7f7f7f7f 7b7b7b7b 7f7f7f7f
4460: 8b8b8b8b 8f8f8f8f 8b8b8b8b 8f8f8f8f 9b9b9b9b 9f9f9f9f 9b9b9b9b 9f9f9f9f
4468: abababab afafafaf abababab afafafaf bbbbbbbb bfbfbfbf bbbbbbbb bfbfbfbf
4470: cbcbcbcb cfcfcfcf cbcbcbcb cfcfcfcf dbdbdbdb dfdfdfdf dbdbdbdb dfdfdfdf
4478: ebebebeb efefefef ebebebeb efefefef fbfbfbfb ffffffff fbfbfbfb ffffffff
4480: 0f0e0d0c 0f0e0d0c 0f0e0d0c 0f0e0d0c 1f1e1d1c 1f1e1d1c 1f1e1d1c 1f1e1d1c
4488: 2f2e2d2c 2f2e2d2c 2f2e2d2c 2f2e2d2c 3f3e3d3c 3f3e3d3c 3f3e3d3c 3f3e3d3c
4490: 4f4e4d4c 4f4e4d4c 4f4e4d4c 4f4e4d4c 5f5e5d5c 5f5e5d5c 5f5e5d5c 5f5e5d5c
4498: 6f6e6d6c 6f6e6d6c 6f6e6d6c 6f6e6d6c 7f7e7d7c 7f7e7d7c 7f7e7d7c 7f7e7d7c
44a0: 8f8e8d8c 8f8e8d8c 8f8e8d8c 8f8e8d8c 9f9e9d9c 9f9e9d9c 9f9e9d9c 9f9e9d9c
44a8: afaeadac afaeadac afaeadac afaeadac bfbebdbc bfbebdbc bfbebdbc bfbebdbc
44b0: cfcecdcc cfcecdcc cfcecdcc cfcecdcc dfdedddc dfdedddc dfdedddc dfdedddc
44b8: efeeedec efeeedec efeeedec efeeedec fffefdfc fffefdfc fffefdfc fffefdfc
44c0: 0f0f0d0d 0f0f0d0d 0f0f0d0d 0f0f0d0d 1f1f1d1d 1f1f1d1d 1f1f1d1d 1f1f1d1d
44c8: 2f2f2d2d 2f2f2d2d 2f2f2d2d 2f2f2d2d 3f3f3d3d 3f3f3d3d 3f3f3d3d 3f3f3d3d
44d0: 4f4f4d4d 4f4f4d4d 4f4f4d4d 4f4f4d4d 5f5f5d5d 5f5f5d5d 5f5f5d5d 5f5f5d5d
44d8: 6f6f6d6d 6f6f6d6d 6f6f6d6d 6f6f6d6d 7f7f7d7d 7f7f7d7d 7f7f7d7d 7f7f7d7d
44e0: 8f8f8d8d 8f8f8d8d 8f8f8d8d 8f8f8d8d 9f9f9d9d 9f9f9d9d 9f9f9d9d 9f9f9d9d
44e8: afafadad afafadad afafadad afafadad bfbfbdbd bfbfbdbd bfbfbdbd bfbfbdbd
44f0: cfcfcdcd cfcfcdcd cfcfcdcd cfcfcdcd dfdfdddd dfdfdddd dfdfdddd dfdfdddd
44f8: efefeded efefeded efefeded efefeded fffffdfd fffffdfd fffffdfd fffffdfd
4500: 0f0e0f0e 0f0e0f0e 0f0e0f0e 0f0e0f0e 1f1e1f1e 1f1e1f1e 1f1e1f1e 1f1e1f1e
4508: 2f2e2f2e 2f2e2f2e 2f2e2f2e 2f2e2f2e 3f3e3f3e 3f3e3f3e 3f3e3f3e 3f3e3f3e
4510: 4f4e4f4e 4f4e4f4e 4f4e4f4e 4f4e4f4e 5f5e5f5e 5f5e5f5e 5f5e5f5e 5f5e5f5e
4518: 6f6e6f6e 6f6e6f6e 6f6e6f6e 6f6e6f6e 7f7e7f7e 7f7e7f7e 7f7e7f7e 7f7e7f7e
4520: 8f8e8f8e 8f8e8f8e 8f8e8f8e 8f8e8f8e 9f9e9f9e 9f9e9f9e 9f9e9f9e 9f9e9f9e
4528: afaeafae afaeafae afaeafae afaeafae bfbebfbe bfbebfbe bfbebfbe bfbebfbe
4530: cfcecfce cfcecfce cfcecfce cfcecfce dfdedfde dfdedfde dfdedfde dfdedfde
4538: efeeefee efeeefee efeeefee efeeefee fffefffe fffefffe fffefffe fffefffe
4540: 0f0f0f0f 0f0f0f0f 0f0f0f0f 0f0f0f0f 1f1f1f1f 1f1f1f1f 1f1f1f1f 1f1f1f1f
4548: 2f2f2f2f 2f2f2f2f 2f2f2f2f 2f2f2f2f 3f3f3f3f 3f3f3f3f 3f3f3f3f 3f3f3f3f
4550: 4f4f4f4f 4f4f4f4f 4f4f4f4f 4f4f4f4f 5f5f5f5f 5f5f5f5f 5f5f5f5f 5f5f5f5f
4558: 6f6f6f6f 6f6f6f6f 6f6f6f6f 6f6f6f6f 7f7f7f7f 7f7f7f7f 7f7f7f7f 7f7f7f7f
4560: 8f8f8f8f 8f8f8f8f 8f8f8f8f 8f8f8f8f 9f9f9f9f 9f9f9f9f 9f9f9f9f 9f9f9f9f
4568: afafafaf afafafaf afafafaf afafafaf bfbfbfbf bfbfbfbf bfbfbfbf bfbfbfbf
4570: cfcfcfcf cfcfcfcf cfcfcfcf cfcfcfcf dfdfdfdf dfdfdfdf dfdfdfdf dfdfdfdf
4578: efefefef efefefef efefefef efefefef ffffffff ffffffff ffffffff ffffffff
4580: 13121110 17161514 1b1a1918 1f1e1d1c 13121110 17161514 1b1a1918 1f1e1d1c
4588: 33323130 37363534 3b3a3938 3f3e3d3c 33323130 37363534 3b3a3938 3f3e3d3c
4590: 53525150 57565554 5b5a5958 5f5e5d5c 53525150 57565554 5b5a5958 5f5e5d5c
4598: 73727170 77767574 7b7a7978 7f7e7d7c 73727170 77767574 7b7a7978 7f7e7d7c
45a0: 93929190 97969594 9b9a9998 9f9e9d9c 93929190 97969594 9b9a9998 9f9e9d9c
45a8: b3b2b1b0 b7b6b5b4 bbbab9b8 bfbebdbc b3b2b1b0 b7b6b5b4 bbbab9b8 bfbebdbc
45b0: d3d2d1d0 d7d6d5d4 dbdad9d8 dfdedddc d3d2d1d0 d7d6d5d4 dbdad9d8 dfdedddc
45b8: f3f2f1f0 f7f6f5f4 fbfaf9f8 fffefdfc f3f2f1f0 f7f6f5f4 fbfaf9f8 fffefdfc
45c0: 13131111 17171515 1b1b1919 1f1f1d1d 13131111 17171515 1b1b1919 1f1f1d1d
45c8: 33333131 37373535 3b3b3939 3f3f3d3d 33333131 37373535 3b3b3939 3f3f3d3d
45d0: 53535151 57575555 5b5b5959 5f5f5d5d 53535151 57575555 5b5b5959 5f5f5d5d
45d8: 73737171 77777575 7b7b7979 7f7f7d7d 73737171 77777575 7b7b7979 7f7f7d7d
45e0: 93939191 97979595 9b9b9999 9f9f9d9d 93939191 97979595 9b9b9999 9f9f9d9d
45e8: b3b3b1b1 b7b7b5b5 bbbbb9b9 bfbfbdbd b3b3b1b1 b7b7b5b5 bbbbb9b9 bfbfbdbd
45f0: d3d3d1d1 d7d7d5d5 dbdbd9d9 dfdfdddd d3d3d1d1 d7d7d5d5 dbdbd9d9 dfdfdddd
45f8: f3f3f1f1 f7f7f5f5 fbfbf9f9 fffffdfd f3f3f1f1 f7f7f5f5 fbfbf9f9 fffffdfd
4600: 13121312 17161716 1b1a1b1a 1f1e1f1e 13121312 17161716 1b1a1b1a 1f1e1f1e
4608: 33323332 37363736 3b3a3b3a 3f3e3f3e 33323332 37363736 3b3a3b3a 3f3e3f3e
4610: 53525352 57565756 5b5a5b5a 5f5e5f5e 53525352 57565756 5b5a5b5a 5f5e5f5e
4618: 73727372 77767776 7b7a7b7a 7f7e7f7e 73727372 77767776 7b7a7b7a 7f7e7f7e
4620: 93929392 97969796 9b9a9b9a 9f9e9f9e 93929392 97969796 9b9a9b9a 9f9e9f9e
4628: b3b2b3b2 b7b6b7b6 bbbabbba bfbebfbe b3b2b3b2 b7b6b7b6 bbbabbba bfbebfbe
4630: d3d2d3d2 d7d6d7d6 dbdadbda dfdedfde d3d2d3d2 d7d6d7d6 dbdadbda dfdedfde
4638: f3f2f3f2 f7f6f7f6 fbfafbfa fffefffe f3f2f3f2 f7f6f7f6 fbfafbfa fffefffe
4640: 13131313 17171717 1b1b1b1b 1f1f1f1f 13131313 17171717 1b1b1b1b 1f1f1f1f
4648: 33333333 37373737 3b3b3b3b 3f3f3f3f 33333333 37373737 3b3b3b3b 3f3f3f3f
4650: 53535353 57575757 5b5b5b5b 5f5f5f5f 53535353 57575757 5b5b5b5b 5f5f5f5f
4658: 73737373 77777777 7b7b7b7b 7f7f7f7f 73737373 77777777 7b7b7b7b 7f7f7f7f
4660: 93939393 97979797 9b9b9b9b 9f9f9f9f 93939393 97979797 9b9b9b9b 9f9f9f9f
4668: b3b3b3b3 b7b7b7b7 bbbbbbbb bfbfbfbf b3b3b3b3 b7b7b7b7 bbbbbbbb bfbfbfbf
4670: d3d3d3d3 d7d7d7d7 dbdbdbdb dfdfdfdf d3d3d3d3 d7d7d7d7 dbdbdbdb dfdfdfdf
4678: f3f3f3f3 f7f7f7f7 fbfbfbfb ffffffff f3f3f3f3 f7f7f7f7 fbfbfbfb ffffffff
4680: 17161514 17161514 1f1e1d1c 1f1e1d1c 17161514 17161514 1f1e1d1c 1f1e1d1c
4688: 37363534 37363534 3f3e3d3c 3f3e3d3c 37363534 37363534 3f3e3d3c 3f3e3d3c
4690: 57565554 57565554 5f5e5d5c 5f5e5d5c 57565554 57565554 5f5e5d5c 5f5e5d5c
4698: 77767574 77767574 7f7e7d7c 7f7e7d7c 77767574 77767574 7f7e7d7c 7f7e7d7c
46a0: 97969594 97969594 9f9e9d9c 9f9e9d9c 97969594 97969594 9f9e9d9c 9f9e9d9c
46a8: b7b6b5b4 b7b6b5b4 bfbebdbc bfbebdbc b7b6b5b4 b7b6b5b4 bfbebdbc bfbebdbc
46b0: d7d6d5d4 d7d6d5d4 dfdedddc dfdedddc d7d6d5d4 d7d6d5d4 dfdedddc dfdedddc
46b8: f7f6f5f4 f7f6f5f4 fffefdfc fffefdfc f7f6f5f4 f7f6f5f4 fffefdfc fffefdfc
46c0: 17171515 17171515 1f1f1d1d 1f1f1d1d 17171515 17171515 1f1f1d1d 1f1f1d1d
46c8: 37373535 37373535 3f3f3d3d 3f3f3d3d 37373535 37373535 3f3f3d3d 3f3f3d3d
46d0: 57575555 57575555 5f5f5d5d 5f5f5d5d 57575555 57575555 5f5f5d5d 5f5f5d5d
46d8: 77777575 77777575 7f7f7d7d 7f7f7d7d 77777575 77777575 7f7f7d7d 7f7f7d7d
46e0: 97979595 97979595 9f9f9d9d 9f9f9d9d 97979595 97979595 9f9f9d9d 9f9f9d9d
46e8: b7b7b5b5 b7b7b5b5 bfbfbdbd bfbfbdbd b7b7b5b5 b7b7b5b5 bfbfbdbd bfbfbdbd
46f0: d7d7d5d5 d7d7d5d5 dfdfdddd dfdfdddd d7d7d5d5 d7d7d5d5 dfdfdddd dfdfdddd
46f8: f7f7f5f5 f7f7f5f5 fffffdfd fffffdfd f7f7f5f5 f7f7f5f5 fffffdfd fffffdfd
4700: 17161716 17161716 1f1e1f1e 1f1e1f1e 17161716 17161716 1f1e1f1e 1f1e1f1e
4708: 37363736 37363736 3f3e3f3e 3f3e3f3e 37363736 37363736 3f3e3f3e 3f3e3f3e
4710: 57565756 57565756 5f5e5f5e 5f5e5f5e 57565756 57565756 5f5e5f5e 5f5e5f5e
4718: 77767776 77767776 7f7e7f7e 7f7e7f7e 77767776 77767776 7f7e7f7e 7f7e7f7e
4720: 97969796 97969796 9f9e9f9e 9f9e9f9e 97969796 97969796 9f9e9f9e 9f9e9f9e
4728: b7b6b7b6 b7b6b7b6 bfbebfbe bfbebfbe b7b6b7b6 b7b6b7b6 bfbebfbe bfbebfbe
4730: d7d6d7d6 d7d6d7d6 dfdedfde dfdedfde d7d6d7d6 d7d6d7d6 dfdedfde dfdedfde
4738: f7f6f7f6 f7f6f7f6 fffefffe fffefffe f7f6f7f6 f7f6f7f6 fffefffe fffefffe
4740: 17171717 17171717 1f1f1f1f 1f1f1f1f 17171717 17171717 1f1f1f1f 1f1f1f1f
4748: 37373737 37373737 3f3f3f3f 3f3f3f3f 37373737 37373737 3f3f3f3f 3f3f3f3f
4750: 57575757 57575757 5f5f5f5f 5f5f5f5f 57575757 57575757 5f5f5f5f 5f5f5f5f
4758: 77777777 77777777 7f7f7f7f 7f7f7f7f 77777777 77777777 7f7f7f7f 7f7f7f7f
4760: 97979797 97979797 9f9f9f9f 9f9f9f9f 97979797 97979797 9f9f9f9f 9f9f9f9f
4768: b7b7b7b7 b7b7b7b7 bfbfbfbf bfbfbfbf b7b7b7b7 b7b7b7b7 bfbfbfbf bfbfbfbf
4770: d7d7d7d7 d7d7d7d7 dfdfdfdf dfdfdfdf d7d7d7d7 d7d7d7d7 dfdfdfdf dfdfdfdf
4778: f7f7f7f7 f7f7f7f7 ffffffff ffffffff f7f7f7f7 f7f7f7f7 ffffffff ffffffff
4780: 1b1a1918 1f1e1d1c 1b1a1918 1f1e1d1c 1b1a1918 1f1e1d1c 1b1a1918 1f1e1d1c
4788: 3b3a3938 3f3e3d3c 3b3a3938 3f3e3d3c 3b3a3938 3f3e3d3c 3b3a3938 3f3e3d3c
4790: 5b5a5958 5f5e5d5c 5b5a5958 5f5e5d5c 5b5a5958 5f5e5d5c 5b5a5958 5f5e5d5c
4798: 7b7a7978 7f7e7d7c 7b7a7978 7f7e7d7c 7b7a7978 7f7e7d7c 7b7a7978 7f7e7d7c
47a0: 9b9a9998 9f9e9d9c 9b9a9998 9f9e9d9c 9b9a9998 9f9e9d9c 9b9a9998 9f9e9d9c
47a8: bbbab9b8 bfbebdbc bbbab9b8 bfbebdbc bbbab9b8 bfbebdbc bbbab9b8 bfbebdbc
47b0: dbdad9d8 dfdedddc dbdad9d8 dfdedddc dbdad9d8 dfdedddc dbdad9d8 dfdedddc
47b8: fbfaf9f8 fffefdfc fbfaf9f8 fffefdfc fbfaf9f8 fffefdfc fbfaf9f8 fffefdfc
47c0: 1b1b1919 1f1f1d1d 1b1b1919 1f1f1d1d 1b1b1919 1f1f1d1d 1b1b1919 1f1f1d1d
47c8: 3b3b3939 3f3f3d3d 3b3b3939 3f3f3d3d 3b3b3939 3f3f3d3d 3b3b3939 3f3f3d3d
47d0: 5b5b5959 5f5f5d5d 5b5b5959 5f5f5d5d 5b5b5959 5f5f5d5d 5b5b5959 5f5f5d5d
47d8: 7b7b7979 7f7f7d7d 7b7b7979 7f7f7d7d 7b7b7979 7f7f7d7d 7b7b7979 7f7f7d7d
47e0: 9b9b9999 9f9f9d9d 9b9b9999 9f9f9d9d 9b9b9999 9f9f9d9d 9b9b9999 9f9f9d9d
47e8: bbbbb9b9 bfbfbdbd bbbbb9b9 bfbfbdbd bbbbb9b9 bfbfbdbd bbbbb9b9 bfbfbdbd
47f0: dbdbd9d9 dfdfdddd dbdbd9d9 dfdfdddd dbdbd9d9 dfdfdddd dbdbd9d9 dfdfdddd
47f8: fbfbf9f9 fffffdfd fbfbf9f9 fffffdfd fbfbf9f9 fffffdfd fbfbf9f9 fffffdfd
4800: 1b1a1b1a 1f1e1f1e 1b1a1b1a 1f1e1f1e 1b1a1b1a 1f1e1f1e 1b1a1b1a 1f1e1f1e
4808: 3b3a3b3a 3f3e3f3e 3b3a3b3a 3f3e3f3e 3b3a3b3a 3f3e3f3e 3b3a3b3a 3f3e3f3e
4810: 5b5a5b5a 5f5e5f5e 5b5a5b5a 5f5e5f5e 5b5a5b5a 5f5e5f5e 5b5a5b5a 5f5e5f5e
4818: 7b7a7b7a 7f7e7f7e 7b7a7b7a 7f7e7f7e 7b7a7b7a 7f7e7f7e 7b7a7b7a 7f7e7f7e
4820: 9b9a9b9a 9f9e9f9e 9b9a9b9a 9f9e9f9e 9b9a9b9a 9f9e9f9e 9b9a9b9a 9f9e9f9e
4828: bbbabbba bfbebfbe bbbabbba bfbebfbe bbbabbba bfbebfbe bbbabbba bfbebfbe
4830: dbdadbda dfdedfde dbdadbda dfdedfde dbdadbda dfdedfde dbdadbda dfdedfde
4838: fbfafbfa fffefffe fbfafbfa fffefffe fbfafbfa fffefffe fbfafbfa fffefffe
4840: 1b1b1b1b 1f1f1f1f 1b1b1b1b 1f1f1f1f 1b1b1b1b 1f1f1f1f 1b1b1b1b 1f1f1f1f
4848: 3b3b3b3b 3f3f3f3f 3b3b3b3b 3f3f3f3f 3b3b3b3b 3f3f3f3f 3b3b3b3b 3f3f3f3f
4850: 5b5b5b5b 5f5f5f5f 5b5b5b5b 5f5f5f5f 5b5b5b5b 5f5f5f5f 5b5b5b5b 5f5f5f5f
4858: 7b7b7b7b 7f7f7f7f 7b7b7b7b 7f7f7f7f 7b7b7b7b 7f7f7f7f 7b7b7b7b 7f7f7f7f
4860: 9b9b9b9b 9f9f9f9f 9b9b9b9b 9f9f9f9f 9b9b9b9b 9f9f9f9f 9b9b9b9b 9f9f9f9f
4868: bbbbbbbb bfbfbfbf bbbbbbbb bfbfbfbf bbbbbbbb bfbfbfbf bbbbbbbb bfbfbfbf
4870: dbdbdbdb dfdfdfdf dbdbdbdb dfdfdfdf dbdbdbdb dfdfdfdf dbdbdbdb dfdfdfdf
4878: fbfbfbfb ffffffff fbfbfbfb ffffffff fbfbfbfb ffffffff fbfbfbfb ffffffff
4880: 1f1e1d1c 1f1e1d1c 1f1e1d1c 1f1e1d1c 1f1e1d1c 1f1e1d1c 1f1e1d1c 1f1e1d1c
4888: 3f3e3d3c 3f3e3d3c 3f3e3d3c 3f3e3d3c 3f3e3d3c 3f3e3d3c 3f3e3d3c 3f3e3d3c
4890: 5f5e5d5c 5f5e5d5c 5f5e5d5c 5f5e5d5c 5f5e5d5c 5f5e5d5c 5f5e5d5c 5f5e5d5c
4898: 7f7e7d7c 7f7e7d7c 7f7e7d7c 7f7e7d7c 7f7e7d7c 7f7e7d7c 7f7e7d7c 7f7e7d7c
48a0: 9f9e9d9c 9f9e9d9c 9f9e9d9c 9f9e9d9c 9f9e9d9c 9f9e9d9c 9f9e9d9c 9f9e9d9c
48a8: bfbebdbc bfbebdbc bfbebdbc bfbebdbc bfbebdbc bfbebdbc bfbebdbc bfbebdbc
48b0: dfdedddc dfdedddc dfdedddc dfdedddc dfdedddc dfdedddc dfdedddc dfdedddc
48b8: fffefdfc fffefdfc fffefdfc fffefdfc fffefdfc fffefdfc fffefdfc fffefdfc
48c0: 1f1f1d1d 1f1f1d1d 1f1f1d1d 1f1f1d1d 1f1f1d1d 1f1f1d1d 1f1f1d1d 1f1f1d1d
48c8: 3f3f3d3d 3f3f3d3d 3f3f3d3d 3f3f3d3d 3f3f3d3d 3f3f3d3d 3f3f3d3d 3f3f3d3d
48d0: 5f5f5d5d 5f5f5d5d 5f5f5d5d 5f5f5d5d 5f5f5d5d 5f5f5d5d 5f5f5d5d 5f5f5d5d
48d8: 7f7f7d7d 7f7f7d7d 7f7f7d7d 7f7f7d7d 7f7f7d7d 7f7f7d7d 7f7f7d7d 7f7f7d7d
48e0: 9f9f9d9d 9f9f9d9d 9f9f9d9d 9f9f9d9d 9f9f9d9d 9f9f9d9d 9f9f9d9d 9f9f9d9d
48e8: bfbfbdbd bfbfbdbd bfbfbdbd bfbfbdbd bfbfbdbd bfbfbdbd bfbfbdbd bfbfbdbd
48f0: dfdfdddd dfdfdddd dfdfdddd dfdfdddd dfdfdddd dfdfdddd dfdfdddd dfdfdddd
48f8: fffffdfd fffffdfd fffffdfd fffffdfd fffffdfd fffffdfd fffffdfd fffffdfd
4900: 1f1e1f1e 1f1e1f1e 1f1e1f1e 1f1e1f1e 1f1e1f1e 1f1e1f1e 1f1e1f1e 1f1e1f1e
4908: 3f3e3f3e 3f3e3f3e 3f3e3f3e 3f3e3f3e 3f3e3f3e 3f3e3f3e 3f3e3f3e 3f3e3f3e
4910: 5f5e5f5e 5f5e5f5e 5f5e5f5e 5f5e5f5e 5f5e5f5e 5f5e5f5e 5f5e5f5e 5f5e5f5e
4918: 7f7e7f7e 7f7e7f7e 7f7e7f7e 7f7e7f7e 7f7e7f7e 7f7e7f7e 7f7e7f7e 7f7e7f7e
4920: 9f9e9f9e 9f9e9f9e 9f9e9f9e 9f9e9f9e 9f9e9f9e 9f9e9f9e 9f9e9f9e 9f9e9f9e
4928: bfbebfbe bfbebfbe bfbebfbe bfbebfbe bfbebfbe bfbebfbe bfbebfbe bfbebfbe
4930: dfdedfde dfdedfde dfdedfde dfdedfde dfdedfde dfdedfde dfdedfde dfdedfde
4938: fffefffe fffefffe fffefffe fffefffe fffefffe fffefffe fffefffe fffefffe
4940: 1f1f1f1f 1f1f1f1f 1f1f1f1f 1f1f1f1f 1f1f1f1f 1f1f1f1f 1f1f1f1f 1f1f1f1f
4948: 3f3f3f3f 3f3f3f3f 3f3f3f3f 3f3f3f3f 3f3f3f3f 3f3f3f3f 3f3f3f3f 3f3f3f3f
4950: 5f5f5f5f 5f5f5f5f 5f5f5f5f 5f5f5f5f 5f5f5f5f 5f5f5f5f 5f5f5f5f 5f5f5f5f
4958: 7f7f7f7f 7f7f7f7f 7f7f7f7f 7f7f7f7f 7f7f7f7f 7f7f7f7f 7f7f7f7f 7f7f7f7f
4960: 9f9f9f9f 9f9f9f9f 9f9f9f9f 9f9f9f9f 9f9f9f9f 9f9f9f9f 9f9f9f9f 9f9f9f9f
4968: bfbfbfbf bfbfbfbf bfbfbfbf bfbfbfbf bfbfbfbf bfbfbfbf bfbfbfbf bfbfbfbf
4970: dfdfdfdf dfdfdfdf dfdfdfdf dfdfdfdf dfdfdfdf dfdfdfdf dfdfdfdf dfdfdfdf
4978: ffffffff ffffffff ffffffff ffffffff ffffffff ffffffff ffffffff ffffffff
4980: 23222120 27262524 2b2a2928 2f2e2d2c 33323130 37363534 3b3a3938 3f3e3d3c
4988: 23222120 27262524 2b2a2928 2f2e2d2c 33323130 37363534 3b3a3938 3f3e3d3c
4990: 63626160 67666564 6b6a6968 6f6e6d6c 73727170 77767574 7b7a7978 7f7e7d7c
4998: 63626160 67666564 6b6a6968 6f6e6d6c 73727170 77767574 7b7a7978 7f7e7d7c
49a0: a3a2a1a0 a7a6a5a4 abaaa9a8 afaeadac b3b2b1b0 b7b6b5b4 bbbab9b8 bfbebdbc
49a8: a3a2a1a0 a7a6a5a4 abaaa9a8 afaeadac b3b2b1b0 b7b6b5b4 bbbab9b8 bfbebdbc
49b0: e3e2e1e0 e7e6e5e4 ebeae9e8 efeeedec f3f2f1f0 f7f6f5f4 fbfaf9f8 fffefdfc
49b8: e3e2e1e0 e7e6e5e4 ebeae9e8 efeeedec f3f2f1f0 f7f6f5f4 fbfaf9f8 fffefdfc
49c0: 23232121 27272525 2b2b2929 2f2f2d2d 33333131 37373535 3b3b3939 3f3f3d3d
49c8: 23232121 27272525 2b2b2929 2f2f2d2d 33333131 37373535 3b3b3939 3f3f3d3d
49d0: 63636161 67676565 6b6b6969 6f6f6d6d 73737171 77777575 7b7b7979 7f7f7d7d
49d8: 63636161 67676565 6b6b6969 6f6f6d6d 73737171 77777575 7b7b7979 7f7f7d7d
49e0: a3a3a1a1 a7a7a5a5 ababa9a9 afafadad b3b3b1b1 b7b7b5b5 bbbbb9b9 bfbfbdbd
49e8: a3a3a1a1 a7a7a5a5 ababa9a9 afafadad b3b3b1b1 b7b7b5b5 bbbbb9b9 bfbfbdbd
49f0: e3e3e1e1 e7e7e5e5 ebebe9e9 efefeded f3f3f1f1 f7f7f5f5 fbfbf9f9 fffffdfd
49f8: e3e3e1e1 e7e7e5e5 ebebe9e9 efefeded f3f3f1f1 f7f7f5f5 fbfbf9f9 fffffdfd
4a00: 23222322 27262726 2b2a2b2a 2f2e2f2e 33323332 37363736 3b3a3b3a 3f3e3f3e
4a08: 23222322 27262726 2b2a2b2a 2f2e2f2e 33323332 37363736 3b3a3b3a 3f3e3f3e
4a10: 63626362 67666766 6b6a6b6a 6f6e6f6e 73727372 77767776 7b7a7b7a 7f7e7f7e
4a18: 63626362 67666766 6b6a6b6a 6f6e6f6e 73727372 77767776 7b7a7b7a 7f7e7f7e
4a20: a3a2a3a2 a7a6a7a6 abaaabaa afaeafae b3b2b3b2 b7b6b7b6 bbbabbba bfbebfbe
4a28: a3a2a3a2 a7a6a7a6 abaaabaa afaeafae b3b2b3b2 b7b6b7b6 bbbabbba bfbebfbe
4a30: e3e2e3e2 e7e6e7e6 ebeaebea efeeefee f3f2f3f2 f7f6f7f6 fbfafbfa fffefffe
4a38: e3e2e3e2 e7e6e7e6 ebeaebea efeeefee f3f2f3f2 f7f6f7f6 fbfafbfa fffefffe
4a40: 23232323 27272727 2b2b2b2b 2f2f2f2f 33333333 37373737 3b3b3b3b 3f3f3f3f
4a48: 23232323 27272727 2b2b2b2b 2f2f2f2f 33333333 37373737 3b3b3b3b 3f3f3f3f
4a50: 63636363 67676767 6b6b6b6b 6f6f6f6f 73737373 77777777 7b7b7b7b 7f7f7f7f
4a58: 63636363 67676767 6b6b6b6b 6f6f6f6f 73737373 77777777 7b7b7b7b 7f7f7f7f
4a60: a3a3a3a3 a7a7a7a7 abababab afafafaf b3b3b3b3 b7b7b7b7 bbbbbbbb bfbfbfbf
4a68: a3a3a3a3 a7a7a7a7 abababab afafafaf b3b3b3b3 b7b7b7b7 bbbbbbbb bfbfbfbf
4a70: e3e3e3e3 e7e7e7e7 ebebebeb efefefef f3f3f3f3 f7f7f7f7 fbfbfbfb ffffffff
4a78: e3e3e3e3 e7e7e7e7 ebebebeb efefefef f3f3f3f3 f7f7f7f7 fbfbfbfb ffffffff
4a80: 27262524 27262524 2f2e2d2c 2f2e2d2c 37363534 37363534 3f3e3d3c 3f3e3d3c
4a88: 27262524 27262524 2f2e2d2c 2f2e2d2c 37363534 37363534 3f3e3d3c 3f3e3d3c
4a90: 67666564 67666564 6f6e6d6c 6f6e6d6c 77767574 77767574 7f7e7d7c 7f7e7d7c
4a98: 67666564 67666564 6f6e6d6c 6f6e6d6c 77767574 77767574 7f7e7d7c 7f7e7d7c
4aa0: a7a6a5a4 a7a6a5a4 afaeadac afaeadac b7b6b5b4 b7b6b5b4 bfbebdbc bfbebdbc
4aa8: a7a6a5a4 a7a6a5a4 afaeadac afaeadac b7b6b5b4 b7b6b5b4 bfbebdbc bfbebdbc
4ab0: e7e6e5e4 e7e6e5e4 efeeedec efeeedec f7f6f5f4 f7f6f5f4 fffefdfc fffefdfc
4ab8: e7e6e5e4 e7e6e5e4 efeeedec efeeedec f7f6f5f4 f7f6f5f4 fffefdfc fffefdfc
4ac0: 27272525 27272525 2f2f2d2d 2f2f2d2d 37373535 37373535 3f3f3d3d 3f3f3d3d
4ac8: 27272525 27272525 2f2f2d2d 2f2f2d2d 37373535 37373535 3f3f3d3d 3f3f3d3d
4ad0: 67676565 67676565 6f6f6d6d 6f6f6d6d 77777575 77777575 7f7f7d7d 7f7f7d7d
4ad8: 67676565 67676565 6f6f6d6d 6f6f6d6d 77777575 77777575 7f7f7d7d 7f7f7d7d
4ae0: a7a7a5a5 a7a7a5a5 afafadad afafadad b7b7b5b5 b7b7b5b5 bfbfbdbd bfbfbdbd
4ae8: a7a7a5a5 a7a7a5a5 afafadad afafadad b7b7b5b5 b7b7b5b5 bfbfbdbd bfbfbdbd
4af0: e7e7e5e5 e7e7e5e5 efefeded efefeded f7f7f5f5 f7f7f5f5 fffffdfd fffffdfd
4af8: e7e7e5e5 e7e7e5e5 efefeded efefeded f7f7f5f5 f7f7f5f5 fffffdfd fffffdfd
4b00: 27262726 27262726 2f2e2f2e 2f2e2f2e 37363736 37363736 3f3e3f3e 3f3e3f3e
4b08: 27262726 27262726 2f2e2f2e 2f2e2f2e 37363736 37363736 3f3e3f3e 3f3e3f3e
4b10: 67666766 67666766 6f6e6f6e 6f6e6f6e 77767776 77767776 7f7e7f7e 7f7e7f7e
4b18: 67666766 67666766 6f6e6f6e 6f6e6f6e 77767776 77767776 7f7e7f7e 7f7e7f7e
4b20: a7a6a7a6 a7a6a7a6 afaeafae afaeafae b7b6b7b6 b7b6b7b6 bfbebfbe bfbebfbe
4b28: a7a6a7a6 a7a6a7a6 afaeafae afaeafae b7b6b7b6 b7b6b7b6 bfbebfbe bfbebfbe
4b30: e7e6e7e6 e7e6e7e6 efeeefee efeeefee f7f6f7f6 f7f6f7f6 fffefffe fffefffe
4b38: e7e6e7e6 e7e6e7e6 efeeefee efeeefee f7f6f7f6 f7f6f7f6 fffefffe fffefffe
4b40: 27272727 27272727 2f2f2f2f 2f2f2f2f 37373737 37373737 3f3f3f3f 3f3f3f3f
4b48: 27272727 27272727 2f2f2f2f 2f2f2f2f 37373737 37373737 3f3f3f3f 3f3f3f3f
4b50: 67676767 67676767 6f6f6f6f 6f6f6f6f 77777777 77777777 7f7f7f7f 7f7f7f7f
4b58: 67676767 67676767 6f6f6f6f 6f6f6f6f 77777777 77777777 7f7f7f7f 7f7f7f7f
4b60: a7a7a7a7 a7a7a7a7 afafafaf afafafaf b7b7b7b7 b7b7b7b7 bfbfbfbf bfbfbfbf
4b68: a7a7a7a7 a7a7a7a7 afafafaf afafafaf b7b7b7b7 b7b7b7b7 bfbfbfbf bfbfbfbf
4b70: e7e7e7e7 e7e7e7e7 efefefef efefefef f7f7f7f7 f7f7f7f7 ffffffff ffffffff
4b78: e7e7e7e7 e7e7e7e7 efefefef efefefef f7f7f7f7 f7f7f7f7 ffffffff ffffffff
4b80: 2b2a2928 2f2e2d2c 2b2a2928 2f2e2d2c 3b3a3938 3f3e3d3c 3b3a3938 3f3e3d3c
4b88: 2b2a2928 2f2e2d2c 2b2a2928 2f2e2d2c 3b3a3938 3f3e3d3c 3b3a3938 3f3e3d3c
4b90: 6b6a6968 6f6e6d6c 6b6a6968 6f6e6d6c 7b7a7978 7f7e7d7c 7b7a7978 7f7e7d7c
4b98: 6b6a6968 6f6e6d6c 6b6a6968 6f6e6d6c 7b7a7978 7f7e7d7c 7b7a7978 7f7e7d7c
4ba0: abaaa9a8 afaeadac abaaa9a8 afaeadac bbbab9b8 bfbebdbc bbbab9b8 bfbebdbc
4ba8: abaaa9a8 afaeadac abaaa9a8 afaeadac bbbab9b8 bfbebdbc bbbab9b8 bfbebdbc
4bb0: ebeae9e8 efeeedec ebeae9e8 efeeedec fbfaf9f8 fffefdfc fbfaf9f8 fffefdfc
4bb8: ebeae9e8 efeeedec ebeae9e8 efeeedec fbfaf9f8 fffefdfc fbfaf9f8 fffefdfc
4bc0: 2b2b2929 2f2f2d2d 2b2b2929 2f2f2d2d 3b3b3939 3f3f3d3d 3b3b3939 3f3f3d3d
4bc8: 2b2b2929 2f2f2d2d 2b2b2929 2f2f2d2d 3b3b3939 3f3f3d3d 3b3b3939 3f3f3d3d
4bd0: 6b6b6969 6f6f6d6d 6b6b6969 6f6f6d6d 7b7b7979 7f7f7d7d 7b7b7979 7f7f7d7d
4bd8: 6b6b6969 6f6f6d6d 6b6b6969 6f6f6d6d 7b7b7979 7f7f7d7d 7b7b7979 7f7f7d7d
4be0: ababa9a9 afafadad ababa9a9 afafadad bbbbb9b9 bfbfbdbd bbbbb9b9 bfbfbdbd
4be8: ababa9a9 afafadad ababa9a9 afafadad bbbbb9b9 bfbfbdbd bbbbb9b9 bfbfbdbd
4bf0: ebebe9e9 efefeded ebebe9e9 efefeded fbfbf9f9 fffffdfd fbfbf9f9 fffffdfd
4bf8: ebebe9e9 efefeded ebebe9e9 efefeded fbfbf9f9 fffffdfd fbfbf9f9 fffffdfd
4c00: 2b2a2b2a 2f2e2f2e 2b2a2b2a 2f2e2f2e 3b3a3b3a 3f3e3f3e 3b3a3b3a 3f3e3f3e
4c08: 2b2a2b2a 2f2e2f2e 2b2a2b2a 2f2e2f2e 3b3a3b3a 3f3e3f3e 3b3a3b3a 3f3e3f3e
4c10: 6b6a6b6a 6f6e6f6e 6b6a6b6a 6f6e6f6e 7b7a7b7a 7f7e7f7e 7b7a7b7a 7f7e7f7e
4c18: 6b6a6b6a 6f6e6f6e 6b6a6b6a 6f6e6f6e 7b7a7b7a 7f7e7f7e 7b7a7b7a 7f7e7f7e
4c20: abaaabaa afaeafae abaaabaa afaeafae bbbabbba bfbebfbe bbbabbba bfbebfbe
4c28: abaaabaa afaeafae abaaabaa afaeafae bbbabbba bfbebfbe bbbabbba bfbebfbe
4c30: ebeaebea efeeefee ebeaebea efeeefee fbfafbfa fffefffe fbfafbfa fffefffe
4c38: ebeaebea efeeefee ebeaebea efeeefee fbfafbfa fffefffe fbfafbfa fffefffe
4c40: 2b2b2b2b 2f2f2f2f 2b2b2b2b 2f2f2f2f 3b3b3b3b 3f3f3f3f 3b3b3b3b 3f3f3f3f
4c48: 2b2b2b2b 2f2f2f2f 2b2b2b2b 2f2f2f2f 3b3b3b3b 3f3f3f3f 3b3b3b3b 3f3f3f3f
4c50: 6b6b6b6b 6f6f6f6f 6b6b6b6b 6f6f6f6f 7b7b7b7b 7f7f7f7f 7b7b7b7b 7f7f7f7f
4c58: 6b6b6b6b 6f6f6f6f 6b6b6b6b 6f6f6f6f 7b7b7b7b 7f7f7f7f 7b7b7b7b 7f7f7f7f
4c60: abababab afafafaf abababab afafafaf bbbbbbbb bfbfbfbf bbbbbbbb bfbfbfbf
4c68: abababab afafafaf abababab afafafaf bbbbbbbb bfbfbfbf bbbbbbbb bfbfbfbf
4c70: ebebebeb efefefef ebebebeb efefefef fbfbfbfb ffffffff fbfbfbfb ffffffff
4c78: ebebebeb efefefef ebebebeb efefefef fbfbfbfb ffffffff fbfbfbfb ffffffff
4c80: 2f2e2d2c 2f2e2d2c 2f2e2d2c 2f2e2d2c 3f3e3d3c 3f3e3d3c 3f3e3d3c 3f3e3d3c
4c88: 2f2e2d2c 2f2e2d2c 2f2e2d2c 2f2e2d2c 3f3e3d3c 3f3e3d3c 3f3e3d3c 3f3e3d3c
4c90: 6f6e6d6c 6f6e6d6c 6f6e6d6c 6f6e6d6c 7f7e7d7c 7f7e7d7c 7f7e7d7c 7f7e7d7c
4c98: 6f6e6d6c 6f6e6d6c 6f6e6d6c 6f6e6d6c 7f7e7d7c 7f7e7d7c 7f7e7d7c 7f7e7d7c
4ca0: afaeadac afaeadac afaeadac afaeadac bfbebdbc bfbebdbc bfbebdbc bfbebdbc
4ca8: afaeadac afaeadac afaeadac afaeadac bfbebdbc bfbebdbc bfbebdbc bfbebdbc
4cb0: efeeedec efeeedec efeeedec efeeedec fffefdfc fffefdfc fffefdfc fffefdfc
4cb8: efeeedec efeeedec efeeedec efeeedec fffefdfc fffefdfc fffefdfc fffefdfc
4cc0: 2f2f2d2d 2f2f2d2d 2f2f2d2d 2f2f2d2d 3f3f3d3d 3f3f3d3d 3f3f3d3d 3f3f3d3d
4cc8: 2f2f2d2d 2f2f2d2d 2f2f2d2d 2f2f2d2d 3f3f3d3d 3f3f3d3d 3f3f3d3d 3f3f3d3d
4cd0: 6f6f6d6d 6f6f6d6d 6f6f6d6d 6f6f6d6d 7f7f7d7d 7f7f7d7d 7f7f7d7d 7f7f7d7d
4cd8: 6f6f6d6d 6f6f6d6d 6f6f6d6d 6f6f6d6d 7f7f7d7d 7f7f7d7d 7f7f7d7d 7f7f7d7d
4ce0: afafadad afafadad afafadad afafadad bfbfbdbd bfbfbdbd bfbfbdbd bfbfbdbd
4ce8: afafadad afafadad afafadad afafadad bfbfbdbd bfbfbdbd bfbfbdbd bfbfbdbd
4cf0: efefeded efefeded efefeded efefeded fffffdfd fffffdfd fffffdfd fffffdfd
4cf8: efefeded efefeded efefeded efefeded fffffdfd fffffdfd fffffdfd fffffdfd
4d00: 2f2e2f2e 2f2e2f2e 2f2e2f2e 2f2e2f2e 3f3e3f3e 3f3e3f3e 3f3e3f3e 3f3e3f3e
4d08: 2f2e2f2e 2f2e2f2e 2f2e2f2e 2f2e2f2e 3f3e3f3e 3f3e3f3e 3f3e3f3e 3f3e3f3e
4d10: 6f6e6f6e 6f6e6f6e 6f6e6f6e 6f6e6f6e 7f7e7f7e 7f7e7f7e 7f7e7f7e 7f7e7f7e
4d18: 6f6e6f6e 6f6e6f6e 6f6e6f6e 6f6e6f6e 7f7e7f7e 7f7e7f7e 7f7e7f7e 7f7e7f7e
4d20: afaeafae afaeafae afaeafae afaeafae bfbebfbe bfbebfbe bfbebfbe bfbebfbe
4d28: afaeafae afaeafae afaeafae afaeafae bfbebfbe bfbebfbe bfbebfbe bfbebfbe
4d30: efeeefee efeeefee efeeefee efeeefee fffefffe fffefffe fffefffe fffefffe
4d38: efeeefee efeeefee efeeefee efeeefee fffefffe fffefffe fffefffe fffefffe
4d40: 2f2f2f2f 2f2f2f2f 2f2f2f2f 2f2f2f2f 3f3f3f3f 3f3f3f3f 3f3f3f3f 3f3f3f3f
4d48: 2f2f2f2f 2f2f2f2f 2f2f2f2f 2f2f2f2f 3f3f3f3f 3f3f3f3f 3f3f3f3f 3f3f3f3f
4d50: 6f6f6f6f 6f6f6f6f 6f6f6f6f 6f6f6f6f 7f7f7f7f 7f7f7f7f 7f7f7f7f 7f7f7f7f
4d58: 6f6f6f6f 6f6f6f6f 6f6f6f6f 6f6f6f6f 7f7f7f7f 7f7f7f7f 7f7f7f7f 7f7f7f7f
4d60: afafafaf afafafaf afafafaf afafafaf bfbfbfbf bfbfbfbf bfbfbfbf bfbfbfbf
4d68: afafafaf afafafaf afafafaf afafafaf bfbfbfbf bfbfbfbf bfbfbfbf bfbfbfbf
4d70: efefefef efefefef efefefef efefefef ffffffff ffffffff ffffffff ffffffff
4d78: efefefef efefefef efefefef efefefef ffffffff ffffffff ffffffff ffffffff
4d80: 33323130 37363534 3b3a3938 3f3e3d3c 33323130 37363534 3b3a3938 3f3e3d3c
4d88: 33323130 37363534 3b3a3938 3f3e3d3c 33323130 37363534 3b3a3938 3f3e3d3c
4d90: 73727170 77767574 7b7a7978 7f7e7d7c 73727170 77767574 7b7a7978 7f7e7d7c
4d98: 73727170 77767574 7b7a7978 7f7e7d7c 73727170 77767574 7b7a7978 7f7e7d7c
4da0: b3b2b1b0 b7b6b5b4 bbbab9b8 bfbebdbc b3b2b1b0 b7b6b5b4 bbbab9b8 bfbebdbc
4da8: b3b2b1b0 b7b6b5b4 bbbab9b8 bfbebdbc b3b2b1b0 b7b6b5b4 bbbab9b8 bfbebdbc
4db0: f3f2f1f0 f7f6f5f4 fbfaf9f8 fffefdfc f3f2f1f0 f7f6f5f4 fbfaf9f8 fffefdfc
4db8: f3f2f1f0 f7f6f5f4 fbfaf9f8 fffefdfc f3f2f1f0 f7f6f5f4 fbfaf9f8 fffefdfc
4dc0: 33333131 37373535 3b3b3939 3f3f3d3d 33333131 37373535 3b3b3939 3f3f3d3d
4dc8: 33333131 37373535 3b3b3939 3f3f3d3d 33333131 37373535 3b3b3939 3f3f3d3d
4dd0: 73737171 77777575 7b7b7979 7f7f7d7d 73737171 77777575 7b7b7979 7f7f7d7d
4dd8: 73737171 77777575 7b7b7979 7f7f7d7d 73737171 77777575 7b7b7979 7f7f7d7d
4de0: b3b3b1b1 b7b7b5b5 bbbbb9b9 bfbfbdbd b3b3b1b1 b7b7b5b5 bbbbb9b9 bfbfbdbd
4de8: b3b3b1b1 b7b7b5b5 bbbbb9b9 bfbfbdbd b3b3b1b1 b7b7b5b5 bbbbb9b9 bfbfbdbd
4df0: f3f3f1f1 f7f7f5f5 fbfbf9f9 fffffdfd f3f3f1f1 f7f7f5f5 fbfbf9f9 fffffdfd
4df8: f3f3f1f1 f7f7f5f5 fbfbf9f9 fffffdfd f3f3f1f1 f7f7f5f5 fbfbf9f9 fffffdfd
4e00: 33323332 37363736 3b3a3b3a 3f3e3f3e 33323332 37363736 3b3a3b3a 3f3e3f3e
4e08: 33323332 37363736 3b3a3b3a 3f3e3f3e 33323332 37363736 3b3a3b3a 3f3e3f3e
4e10: 73727372 77767776 7b7a7b7a 7f7e7f7e 73727372 77767776 7b7a7b7a 7f7e7f7e
4e18: 73727372 77767776 7b7a7b7a 7f7e7f7e 73727372 77767776 7b7a7b7a 7f7e7f7e
4e20: b3b2b3b2 b7b6b7b6 bbbabbba bfbebfbe b3b2b3b2 b7b6b7b6 bbbabbba bfbebfbe
4e28: b3b2b3b2 b7b6b7b6 bbbabbba bfbebfbe b3b2b3b2 b7b6b7b6 bbbabbba bfbebfbe
4e30: f3f2f3f2 f7f6f7f6 fbfafbfa fffefffe f3f2f3f2 f7f6f7f6 fbfafbfa fffefffe
4e38: f3f2f3f2 f7f6f7f6 fbfafbfa fffefffe f3f2f3f2 f7f6f7f6 fbfafbfa fffefffe
4e40: 33333333 37373737 3b3b3b3b 3f3f3f3f 33333333 37373737 3b3b3b3b 3f3f3f3f
4e48: 33333333 37373737 3b3b3b3b 3f3f3f3f 33333333 37373737 3b3b3b3b 3f3f3f3f
4e50: 73737373 77777777 7b7b7b7b 7f7f7f7f 73737373 77777777 7b7b7b7b 7f7f7f7f
4e58: 73737373 77777777 7b7b7b7b 7f7f7f7f 73737373 77777777 7b7b7b7b 7f7f7f7f
4e60: b3b3b3b3 b7b7b7b7 bbbbbbbb bfbfbfbf b3b3b3b3 b7b7b7b7 bbbbbbbb bfbfbfbf
4e68: b3b3b3b3 b7b7b7b7 bbbbbbbb bfbfbfbf b3b3b3b3 b7b7b7b7 bbbbbbbb bfbfbfbf
4e70: f3f3f3f3 f7f7f7f7 fbfbfbfb ffffffff f3f3f3f3 f7f7f7f7 fbfbfbfb ffffffff
4e78: f3f3f3f3 f7f7f7f7 fbfbfbfb ffffffff f3f3f3f3 f7f7f7f7 fbfbfbfb ffffffff
4e80: 37363534 37363534 3f3e3d3c 3f3e3d3c 37363534 37363534 3f3e3d3c 3f3e3d3c
4e88: 37363534 37363534 3f3e3d3c 3f3e3d3c 37363534 37363534 3f3e3d3c 3f3e3d3c
4e90: 77767574 77767574 7f7e7d7c 7f7e7d7c 77767574 77767574 7f7e7d7c 7f7e7d7c
4e98: 77767574 77767574 7f7e7d7c 7f7e7d7c 77767574 77767574 7f7e7d7c 7f7e7d7c
4ea0: b7b6b5b4 b7b6b5b4 bfbebdbc bfbebdbc b7b6b5b4 b7b6b5b4 bfbebdbc bfbebdbc
4ea8: b7b6b5b4 b7b6b5b4 bfbebdbc bfbebdbc b7b6b5b4 b7b6b5b4 bfbebdbc bfbebdbc
4eb0: f7f6f5f4 f7f6f5f4 fffefdfc fffefdfc f7f6f5f4 f7f6f5f4 fffefdfc fffefdfc
4eb8: f7f6f5f4 f7f6f5f4 fffefdfc fffefdfc f7f6f5f4 f7f6f5f4 fffefdfc fffefdfc
4ec0: 37373535 37373535 3f3f3d3d 3f3f3d3d 37373535 37373535 3f3f3d3d 3f3f3d3d
4ec8: 37373535 37373535 3f3f3d3d 3f3f3d3d 37373535 37373535 3f3f3d3d 3f3f3d3d
4ed0: 77777575 77777575 7f7f7d7d 7f7f7d7d 77777575 77777575 7f7f7d7d 7f7f7d7d
4ed8: 77777575 77777575 7f7f7d7d 7f7f7d7d 77777575 77777575 7f7f7d7d 7f7f7d7d
4ee0: b7b7b5b5 b7b7b5b5 bfbfbdbd bfbfbdbd b7b7b5b5 b7b7b5b5 bfbfbdbd bfbfbdbd
4ee8: b7b7b5b5 b7b7b5b5 bfbfbdbd bfbfbdbd b7b7b5b5 b7b7b5b5 bfbfbdbd bfbfbdbd
4ef0: f7f7f5f5 f7f7f5f5 fffffdfd fffffdfd f7f7f5f5 f7f7f5f5 fffffdfd fffffdfd
4ef8: f7f7f5f5 f7f7f5f5 fffffdfd fffffdfd f7f7f5f5 f7f7f5f5 fffffdfd fffffdfd
4f00: 37363736 37363736 3f3e3f3e 3f3e3f3e 37363736 37363736 3f3e3f3e 3f3e3f3e
4f08: 37363736 37363736 3f3e3f3e 3f3e3f3e 37363736 37363736 3f3e3f3e 3f3e3f3e
4f10: 77767776 77767776 7f7e7f7e 7f7e7f7e 77767776 77767776 7f7e7f7e 7f7e7f7e
4f18: 77767776 77767776 7f7e7f7e 7f7e7f7e 77767776 77767776 7f7e7f7e 7f7e7f7e
4f20: b7b6b7b6 b7b6b7b6 bfbebfbe bfbebfbe b7b6b7b6 b7b6b7b6 bfbebfbe bfbebfbe
4f28: b7b6b7b6 b7b6b7b6 bfbebfbe bfbebfbe b7b6b7b6 b7b6b7b6 bfbebfbe bfbebfbe
4f30: f7f6f7f6 f7f6f7f6 fffefffe fffefffe f7f6f7f6 f7f6f7f6 fffefffe fffefffe
4f38: f7f6f7f6 f7f6f7f6 fffefffe fffefffe f7f6f7f6 f7f6f7f6 fffefffe fffefffe
4f40: 37373737 37373737 3f3f3f3f 3f3f3f3f 37373737 37373737 3f3f3f3f 3f3f3f3f
4f48: 37373737 37373737 3f3f3f3f 3f3f3f3f 37373737 37373737 3f3f3f3f 3f3f3f3f
4f50: 77777777 77777777 7f7f7f7f 7f7f7f7f 77777777 77777777 7f7f7f7f 7f7f7f7f
4f58: 77777777 77777777 7f7f7f7f 7f7f7f7f 77777777 77777777 7f7f7f7f 7f7f7f7f
4f60: b7b7b7b7 b7b7b7b7 bfbfbfbf bfbfbfbf b7b7b7b7 b7b7b7b7 bfbfbfbf bfbfbfbf
4f68: b7b7b7b7 b7b7b7b7 bfbfbfbf bfbfbfbf b7b7b7b7 b7b7b7b7 bfbfbfbf bfbfbfbf
4f70: f7f7f7f7 f7f7f7f7 ffffffff ffffffff f7f7f7f7 f7f7f7f7 ffffffff ffffffff
4f78: f7f7f7f7 f7f7f7f7 ffffffff ffffffff f7f7f7f7 f7f7f7f7 ffffffff ffffffff
4f80: 3b3a3938 3f3e3d3c 3b3a3938 3f3e3d3c 3b3a3938 3f3e3d3c 3b3a3938 3f3e3d3c
4f88: 3b3a3938 3f3e3d3c 3b3a3938 3f3e3d3c 3b3a3938 3f3e3d3c 3b3a3938 3f3e3d3c
4f90: 7b7a7978 7f7e7d7c 7b7a7978 7f7e7d7c 7b7a7978 7f7e7d7c 7b7a7978 7f7e7d7c
4f98: 7b7a7978 7f7e7d7c 7b7a7978 7f7e7d7c 7b7a7978 7f7e7d7c 7b7a7978 7f7e7d7c
4fa0: bbbab9b8 bfbebdbc bbbab9b8 bfbebdbc bbbab9b8 bfbebdbc bbbab9b8 bfbebdbc
4fa8: bbbab9b8 bfbebdbc bbbab9b8 bfbebdbc bbbab9b8 bfbebdbc bbbab9b8 bfbebdbc
4fb0: fbfaf9f8 fffefdfc fbfaf9f8 fffefdfc fbfaf9f8 fffefdfc fbfaf9f8 fffefdfc
4fb8: fbfaf9f8 fffefdfc fbfaf9f8 fffefdfc fbfaf9f8 fffefdfc fbfaf9f8 fffefdfc
4fc0: 3b3b3939 3f3f3d3d 3b3b3939 3f3f3d3d 3b3b3939 3f3f3d3d 3b3b3939 3f3f3d3d
4fc8: 3b3b3939 3f3f3d3d 3b3b3939 3f3f3d3d 3b3b3939 3f3f3d3d 3b3b3939 3f3f3d3d
4fd0: 7b7b7979 7f7f7d7d 7b7b7979 7f7f7d7d 7b7b7979 7f7f7d7d 7b7b7979 7f7f7d7d
4fd8: 7b7b7979 7f7f7d7d 7b7b7979 7f7f7d7d 7b7b7979 7f7f7d7d 7b7b7979 7f7f7d7d
4fe0: bbbbb9b9 bfbfbdbd bbbbb9b9 bfbfbdbd bbbbb9b9 bfbfbdbd bbbbb9b9 bfbfbdbd
4fe8: bbbbb9b9 bfbfbdbd bbbbb9b9 bfbfbdbd bbbbb9b9 bfbfbdbd bbbbb9b9 bfbfbdbd
4ff0: fbfbf9f9 fffffdfd fbfbf9f9 fffffdfd fbfbf9f9 fffffdfd fbfbf9f9 fffffdfd
4ff8: fbfbf9f9 fffffdfd fbfbf9f9 fffffdfd fbfbf9f9 fffffdfd fbfbf9f9 fffffdfd
5000: 3b3a3b3a 3f3e3f3e 3b3a3b3a 3f3e3f3e 3b3a3b3a 3f3e3f3e 3b3a3b3a 3f3e3f3e
5008: 3b3a3b3a 3f3e3f3e 3b3a3b3a 3f3e3f3e 3b3a3b3a 3f3e3f3e 3b3a3b3a 3f3e3f3e
5010: 7b7a7b7a 7f7e7f7e 7b7a7b7a 7f7e7f7e 7b7a7b7a 7f7e7f7e 7b7a7b7a 7f7e7f7e
5018: 7b7a7b7a 7f7e7f7e 7b7a7b7a 7f7e7f7e 7b7a7b7a 7f7e7f7e 7b7a7b7a 7f7e7f7e
5020: bbbabbba bfbebfbe bbbabbba bfbebfbe bbbabbba bfbebfbe bbbabbba bfbebfbe
5028: bbbabbba bfbebfbe bbbabbba bfbebfbe bbbabbba bfbebfbe bbbabbba bfbebfbe
5030: fbfafbfa fffefffe fbfafbfa fffefffe fbfafbfa fffefffe fbfafbfa fffefffe
5038: fbfafbfa fffefffe fbfafbfa fffefffe fbfafbfa fffefffe fbfafbfa fffefffe
5040: 3b3b3b3b 3f3f3f3f 3b3b3b3b 3f3f3f3f 3b3b3b3b 3f3f3f3f 3b3b3b3b 3f3f3f3f
5048: 3b3b3b3b 3f3f3f3f 3b3b3b3b 3f3f3f3f 3b3b3b3b 3f3f3f3f 3b3b3b3b 3f3f3f3f
5050: 7b7b7b7b 7f7f7f7f 7b7b7b7b 7f7f7f7f 7b7b7b7b 7f7f7f7f 7b7b7b7b 7f7f7f7f
5058: 7b7b7b7b 7f7f7f7f 7b7b7b7b 7f7f7f7f 7b7b7b7b 7f7f7f7f 7b7b7b7b 7f7f7f7f
5060: bbbbbbbb bfbfbfbf bbbbbbbb bfbfbfbf bbbbbbbb bfbfbfbf bbbbbbbb bfbfbfbf
5068: bbbbbbbb bfbfbfbf bbbbbbbb bfbfbfbf bbbbbbbb bfbfbfbf bbbbbbbb bfbfbfbf
5070: fbfbfbfb ffffffff fbfbfbfb ffffffff fbfbfbfb ffffffff fbfbfbfb ffffffff
5078: fbfbfbfb ffffffff fbfbfbfb ffffffff fbfbfbfb ffffffff fbfbfbfb ffffffff
5080: 3f3e3d3c 3f3e3d3c 3f3e3d3c 3f3e3d3c 3f3e3d3c 3f3e3d3c 3f3e3d3c 3f3e3d3c
5088: 3f3e3d3c 3f3e3d3c 3f3e3d3c 3f3e3d3c 3f3e3d3c 3f3e3d3c 3f3e3d3c 3f3e3d3c
5090: 7f7e7d7c 7f7e7d7c 7f7e7d7c 7f7e7d7c 7f7e7d7c 7f7e7d7c 7f7e7d7c 7f7e7d7c
5098: 7f7e7d7c 7f7e7d7c 7f7e7d7c 7f7e7d7c 7f7e7d7c 7f7e7d7c 7f7e7d7c 7f7e7d7c
50a0: bfbebdbc bfbebdbc bfbebdbc bfbebdbc bfbebdbc bfbebdbc bfbebdbc bfbebdbc
50a8: bfbebdbc bfbebdbc bfbebdbc bfbebdbc bfbebdbc bfbebdbc bfbebdbc bfbebdbc
50b0: fffefdfc fffefdfc fffefdfc fffefdfc fffefdfc fffefdfc fffefdfc fffefdfc
50b8: fffefdfc fffefdfc fffefdfc fffefdfc fffefdfc fffefdfc fffefdfc fffefdfc
50c0: 3f3f3d3d 3f3f3d3d 3f3f3d3d 3f3f3d3d 3f3f3d3d 3f3f3d3d 3f3f3d3d 3f3f3d3d
50c8: 3f3f3d3d 3f3f3d3d 3f3f3d3d 3f3f3d3d 3f3f3d3d 3f3f3d3d 3f3f3d3d 3f3f3d3d
50d0: 7f7f7d7d 7f7f7d7d 7f7f7d7d 7f7f7d7d 7f7f7d7d 7f7f7d7d 7f7f7d7d 7f7f7d7d
50d8: 7f7f7d7d 7f7f7d7d 7f7f7d7d 7f7f7d7d 7f7f7d7d 7f7f7d7d 7f7f7d7d 7f7f7d7d
50e0: bfbfbdbd bfbfbdbd bfbfbdbd bfbfbdbd bfbfbdbd bfbfbdbd bfbfbdbd bfbfbdbd
50e8: bfbfbdbd bfbfbdbd bfbfbdbd bfbfbdbd bfbfbdbd bfbfbdbd bfbfbdbd bfbfbdbd
50f0: fffffdfd fffffdfd fffffdfd fffffdfd fffffdfd fffffdfd fffffdfd fffffdfd
50f8: fffffdfd fffffdfd fffffdfd fffffdfd fffffdfd fffffdfd fffffdfd fffffdfd
5100: 3f3e3f3e 3f3e3f3e 3f3e3f3e 3f3e3f3e 3f3e3f3e 3f3e3f3e 3f3e3f3e 3f3e3f3e
5108: 3f3e3f3e 3f3e3f3e 3f3e3f3e 3f3e3f3e 3f3e3f3e 3f3e3f3e 3f3e3f3e 3f3e3f3e
5110: 7f7e7f7e 7f7e7f7e 7f7e7f7e 7f7e7f7e 7f7e7f7e 7f7e7f7e 7f7e7f7e 7f7e7f7e
5118: 7f7e7f7e 7f7e7f7e 7f7e7f7e 7f7e7f7e 7f7e7f7e 7f7e7f7e 7f7e7f7e 7f7e7f7e
5120: bfbebfbe bfbebfbe bfbebfbe bfbebfbe bfbebfbe bfbebfbe bfbebfbe bfbebfbe
5128: bfbebfbe bfbebfbe bfbebfbe bfbebfbe bfbebfbe bfbebfbe bfbebfbe bfbebfbe
5130: fffefffe fffefffe fffefffe fffefffe fffefffe fffefffe fffefffe fffefffe
5138: fffefffe fffefffe fffefffe fffefffe fffefffe fffefffe fffefffe fffefffe
5140: 3f3f3f3f 3f3f3f3f 3f3f3f3f 3f3f3f3f 3f3f3f3f 3f3f3f3f 3f3f3f3f 3f3f3f3f
5148: 3f3f3f3f 3f3f3f3f 3f3f3f3f 3f3f3f3f 3f3f3f3f 3f3f3f3f 3f3f3f3f 3f3f3f3f
5150: 7f7f7f7f 7f7f7f7f 7f7f7f7f 7f7f7f7f 7f7f7f7f 7f7f7f7f 7f7f7f7f 7f7f7f7f
5158: 7f7f7f7f 7f7f7f7f 7f7f7f7f 7f7f7f7f 7f7f7f7f 7f7f7f7f 7f7f7f7f 7f7f7f7f
5160: bfbfbfbf bfbfbfbf bfbfbfbf bfbfbfbf bfbfbfbf bfbfbfbf bfbfbfbf bfbfbfbf
5168: bfbfbfbf bfbfbfbf bfbfbfbf bfbfbfbf bfbfbfbf bfbfbfbf bfbfbfbf bfbfbfbf
5170: ffffffff ffffffff ffffffff ffffffff ffffffff ffffffff ffffffff ffffffff
5178: ffffffff ffffffff ffffffff ffffffff ffffffff ffffffff ffffffff ffffffff
5180: 43424140 47464544 4b4a4948 4f4e4d4c 53525150 57565554 5b5a5958 5f5e5d5c
5188: 63626160 67666564 6b6a6968 6f6e6d6c 73727170 77767574 7b7a7978 7f7e7d7c
5190: 43424140 47464544 4b4a4948 4f4e4d4c 53525150 57565554 5b5a5958 5f5e5d5c
5198: 63626160 67666564 6b6a6968 6f6e6d6c 73727170 77767574 7b7a7978 7f7e7d7c
51a0: c3c2c1c0 c7c6c5c4 cbcac9c8 cfcecdcc d3d2d1d0 d7d6d5d4 dbdad9d8 dfdedddc
51a8: e3e2e1e0 e7e6e5e4 ebeae9e8 efeeedec f3f2f1f0 f7f6f5f4 fbfaf9f8 fffefdfc
51b0: c3c2c1c0 c7c6c5c4 cbcac9c8 cfcecdcc d3d2d1d0 d7d6d5d4 dbdad9d8 dfdedddc
51b8: e3e2e1e0 e7e6e5e4 ebeae9e8 efeeedec f3f2f1f0 f7f6f5f4 fbfaf9f8 fffefdfc
51c0: 43434141 47474545 4b4b4949 4f4f4d4d 53535151 57575555 5b5b5959 5f5f5d5d
51c8: 63636161 67676565 6b6b6969 6f6f6d6d 73737171 77777575 7b7b7979 7f7f7d7d
51d0: 43434141 47474545 4b4b4949 4f4f4d4d 53535151 57575555 5b5b5959 5f5f5d5d
51d8: 63636161 67676565 6b6b6969 6f6f6d6d 73737171 77777575 7b7b7979 7f7f7d7d
51e0: c3c3c1c1 c7c7c5c5 cbcbc9c9 cfcfcdcd d3d3d1d1 d7d7d5d5 dbdbd9d9 dfdfdddd
51e8: e3e3e1e1 e7e7e5e5 ebebe9e9 efefeded f3f3f1f1 f7f7f5f5 fbfbf9f9 fffffdfd
51f0: c3c3c1c1 c7c7c5c5 cbcbc9c9 cfcfcdcd d3d3d1d1 d7d7d5d5 dbdbd9d9 dfdfdddd
51f8: e3e3e1e1 e7e7e5e5 ebebe9e9 efefeded f3f3f1f1 f7f7f5f5 fbfbf9f9 fffffdfd
5200: 43424342 47464746 4b4a4b4a 4f4e4f4e 53525352 57565756 5b5a5b5a 5f5e5f5e
5208: 63626362 67666766 6b6a6b6a 6f6e6f6e 73727372 77767776 7b7a7b7a 7f7e7f7e
5210: 43424342 47464746 4b4a4b4a 4f4e4f4e 53525352 57565756 5b5a5b5a 5f5e5f5e
5218: 63626362 67666766 6b6a6b6a 6f6e6f6e 73727372 77767776 7b7a7b7a 7f7e7f7e
5220: c3c2c3c2 c7c6c7c6 cbcacbca cfcecfce d3d2d3d2 d7d6d7d6 dbdadbda dfdedfde
5228: e3e2e3e2 e7e6e7e6 ebeaebea efeeefee f3f2f3f2 f7f6f7f6 fbfafbfa fffefffe
5230: c3c2c3c2 c7c6c7c6 cbcacbca cfcecfce d3d2d3d2 d7d6d7d6 dbdadbda dfdedfde
5238: e3e2e3e2 e7e6e7e6 ebeaebea efeeefee f3f2f3f2 f7f6f7f6 fbfafbfa fffefffe
5240: 43434343 47474747 4b4b4b4b 4f4f4f4f 53535353 57575757 5b5b5b5b 5f5f5f5f
5248: 63636363 67676767 6b6b6b6b 6f6f6f6f 73737373 77777777 7b7b7b7b 7f7f7f7f
5250: 43434343 47474747 4b4b4b4b 4f4f4f4f 53535353 57575757 5b5b5b5b 5f5f5f5f
5258: 63636363 67676767 6b6b6b6b 6f6f6f6f 73737373 77777777 7b7b7b7b 7f7f7f7f
5260: c3c3c3c3 c7c7c7c7 cbcbcbcb cfcfcfcf d3d3d3d3 d7d7d7d7 dbdbdbdb dfdfdfdf
5268: e3e3e3e3 e7e7e7e7 ebebebeb efefefef f3f3f3f3 f7f7f7f7 fbfbfbfb ffffffff
5270: c3c3c3c3 c7c7c7c7 cbcbcbcb cfcfcfcf d3d3d3d3 d7d7d7d7 dbdbdbdb dfdfdfdf
5278: e3e3e3e3 e7e7e7e7 ebebebeb efefefef f3f3f3f3 f7f7f7f7 fbfbfbfb ffffffff
5280: 47464544 47464544 4f4e4d4c 4f4e4d4c 57565554 57565554 5f5e5d5c 5f5e5d5c
5288: 67666564 67666564 6f6e6d6c 6f6e6d6c 77767574 77767574 7f7e7d7c 7f7e7d7c
5290: 47464544 47464544 4f4e4d4c 4f4e4d4c 57565554 57565554 5f5e5d5c 5f5e5d5c
5298: 67666564 67666564 6f6e6d6c 6f6e6d6c 77767574 77767574 7f7e7d7c 7f7e7d7c
52a0: c7c6c5c4 c7c6c5c4 cfcecdcc cfcecdcc d7d6d5d4 d7d6d5d4 dfdedddc dfdedddc
52a8: e7e6e5e4 e7e6e5e4 efeeedec efeeedec f7f6f5f4 f7f6f5f4 fffefdfc fffefdfc
52b0: c7c6c5c4 c7c6c5c4 cfcecdcc cfcecdcc d7d6d5d4 d7d6d5d4 dfdedddc dfdedddc
52b8: e7e6e5e4 e7e6e5e4 efeeedec efeeedec f7f6f5f4 f7f6f5f4 fffefdfc fffefdfc
52c0: 47474545 47474545 4f4f4d4d 4f4f4d4d 57575555 57575555 5f5f5d5d 5f5f5d5d
52c8: 67676565 67676565 6f6f6d6d 6f6f6d6d 77777575 77777575 7f7f7d7d 7f7f7d7d
52d0: 47474545 47474545 4f4f4d4d 4f4f4d4d 57575555 57575555 5f5f5d5d 5f5f5d5d
52d8: 67676565 67676565 6f6f6d6d 6f6f6d6d 77777575 77777575 7f7f7d7d 7f7f7d7d
52e0: c7c7c5c5 c7c7c5c5 cfcfcdcd cfcfcdcd d7d7d5d5 d7d7d5d5 dfdfdddd dfdfdddd
52e8: e7e7e5e5 e7e7e5e5 efefeded efefeded f7f7f5f5 f7f7f5f5 fffffdfd fffffdfd
52f0: c7c7c5c5 c7c7c5c5 cfcfcdcd cfcfcdcd d7d7d5d5 d7d7d5d5 dfdfdddd dfdfdddd
52f8: e7e7e5e5 e7e7e5e5 efefeded efefeded f7f7f5f5 f7f7f5f5 fffffdfd fffffdfd
5300: 47464746 47464746 4f4e4f4e 4f4e4f4e 57565756 57565756 5f5e5f5e 5f5e5f5e
5308: 67666766 67666766 6f6e6f6e 6f6e6f6e 77767776 77767776 7f7e7f7e 7f7e7f7e
5310: 47464746 47464746 4f4e4f4e 4f4e4f4e 57565756 57565756 5f5e5f5e 5f5e5f5e
5318: 67666766 67666766 6f6e6f6e 6f6e6f6e 77767776 77767776 7f7e7f7e 7f7e7f7e
5320: c7c6c7c6 c7c6c7c6 cfcecfce cfcecfce d7d6d7d6 d7d6d7d6 dfdedfde dfdedfde
5328: e7e6e7e6 e7e6e7e6 efeeefee efeeefee f7f6f7f6 f7f6f7f6 fffefffe fffefffe
5330: c7c6c7c6 c7c6c7c6 cfcecfce cfcecfce d7d6d7d6 d7d6d7d6 dfdedfde dfdedfde
5338: e7e6e7e6 e7e6e7e6 efeeefee efeeefee f7f6f7f6 f7f6f7f6 fffefffe fffefffe
5340: 47474747 47474747 4f4f4f4f 4f4f4f4f 57575757 57575757 5f5f5f5f 5f5f5f5f
5348: 67676767 67676767 6f6f6f6f 6f6f6f6f 77777777 77777777 7f7f7f7f 7f7f7f7f
5350: 47474747 47474747 4f4f4f4f 4f4f4f4f 57575757 57575757 5f5f5f5f 5f5f5f5f
5358: 67676767 67676767 6f6f6f6f 6f6f6f6f 77777777 77777777 7f7f7f7f 7f7f7f7f
5360: c7c7c7c7 c7c7c7c7 cfcfcfcf cfcfcfcf d7d7d7d7 d7d7d7d7 dfdfdfdf dfdfdfdf
5368: e7e7e7e7 e7e7e7e7 efefefef efefefef f7f7f7f7 f7f7f7f7 ffffffff ffffffff
5370: c7c7c7c7 c7c7c7c7 cfcfcfcf cfcfcfcf d7d7d7d7 d7d7d7d7 dfdfdfdf dfdfdfdf
5378: e7e7e7e7 e7e7e7e7 efefefef efefefef f7f7f7f7 f7f7f7f7 ffffffff ffffffff
5380: 4b4a4948 4f4e4d4c 4b4a4948 4f4e4d4c 5b5a5958 5f5e5d5c 5b5a5958 5f5e5d5c
5388: 6b6a6968 6f6e6d6c 6b6a6968 6f6e6d6c 7b7a7978 7f7e7d7c 7b7a7978 7f7e7d7c
5390: 4b4a4948 4f4e4d4c 4b4a4948 4f4e4d4c 5b5a5958 5f5e5d5c 5b5a5958 5f5e5d5c
5398: 6b6a6968 6f6e6d6c 6b6a6968 6f6e6d6c 7b7a7978 7f7e7d7c 7b7a7978 7f7e7d7c
53a0: cbcac9c8 cfcecdcc cbcac9c8 cfcecdcc dbdad9d8 dfdedddc dbdad9d8 dfdedddc
53a8: ebeae9e8 efeeedec ebeae9e8 efeeedec fbfaf9f8 fffefdfc fbfaf9f8 fffefdfc
53b0: cbcac9c8 cfcecdcc cbcac9c8 cfcecdcc dbdad9d8 dfdedddc dbdad9d8 dfdedddc
53b8: ebeae9e8 efeeedec ebeae9e8 efeeedec fbfaf9f8 fffefdfc fbfaf9f8 fffefdfc
53c0: 4b4b4949 4f4f4d4d 4b4b4949 4f4f4d4d 5b5b5959 5f5f5d5d 5b5b5959 5f5f5d5d
53c8: 6b6b6969 6f6f6d6d 6b6b6969 6f6f6d6d 7b7b7979 7f7f7d7d 7b7b7979 7f7f7d7d
53d0: 4b4b4949 4f4f4d4d 4b4b4949 4f4f4d4d 5b5b5959 5f5f5d5d 5b5b5959 5f5f5d5d
53d8: 6b6b6969 6f6f6d6d 6b6b6969 6f6f6d6d 7b7b7979 7f7f7d7d 7b7b7979 7f7f7d7d
53e0: cbcbc9c9 cfcfcdcd cbcbc9c9 cfcfcdcd dbdbd9d9 dfdfdddd dbdbd9d9 dfdfdddd
53e8: ebebe9e9 efefeded ebebe9e9 efefeded fbfbf9f9 fffffdfd fbfbf9f9 fffffdfd
53f0: cbcbc9c9 cfcfcdcd cbcbc9c9 cfcfcdcd dbdbd9d9 dfdfdddd dbdbd9d9 dfdfdddd
53f8: ebebe9e9 efefeded ebebe9e9 efefeded fbfbf9f9 fffffdfd fbfbf9f9 fffffdfd
5400: 4b4a4b4a 4f4e4f4e 4b4a4b4a 4f4e4f4e 5b5a5b5a 5f5e5f5e 5b5a5b5a 5f5e5f5e
5408: 6b6a6b6a 6f6e6f6e 6b6a6b6a 6f6e6f6e 7b7a7b7a 7f7e7f7e 7b7a7b7a 7f7e7f7e
5410: 4b4a4b4a 4f4e4f4e 4b4a4b4a 4f4e4f4e 5b5a5b5a 5f5e5f5e 5b5a5b5a 5f5e5f5e
5418: 6b6a6b6a 6f6e6f6e 6b6a6b6a 6f6e6f6e 7b7a7b7a 7f7e7f7e 7b7a7b7a 7f7e7f7e
5420: cbcacbca cfcecfce cbcacbca cfcecfce dbdadbda dfdedfde dbdadbda dfdedfde
5428: ebeaebea efeeefee ebeaebea efeeefee fbfafbfa fffefffe fbfafbfa fffefffe
5430: cbcacbca cfcecfce cbcacbca cfcecfce dbdadbda dfdedfde dbdadbda dfdedfde
5438: ebeaebea efeeefee ebeaebea efeeefee fbfafbfa fffefffe fbfafbfa fffefffe
5440: 4b4b4b4b 4f4f4f4f 4b4b4b4b 4f4f4f4f 5b5b5b5b 5f5f5f5f 5b5b5b5b 5f5f5f5f
5448: 6b6b6b6b 6f6f6f6f 6b6b6b6b 6f6f6f6f 7b7b7b7b 7f7f7f7f 7b7b7b7b 7f7f7f7f
5450: 4b4b4b4b 4f4f4f4f 4b4b4b4b 4f4f4f4f 5b5b5b5b 5f5f5f5f 5b5b5b5b 5f5f5f5f
5458: 6b6b6b6b 6f6f6f6f 6b6b6b6b 6f6f6f6f 7b7b7b7b 7f7f7f7f 7b7b7b7b 7f7f7f7f
5460: cbcbcbcb cfcfcfcf cbcbcbcb cfcfcfcf dbdbdbdb dfdfdfdf dbdbdbdb dfdfdfdf
5468: ebebebeb efefefef ebebebeb efefefef fbfbfbfb ffffffff fbfbfbfb ffffffff
5470: cbcbcbcb cfcfcfcf cbcbcbcb cfcfcfcf dbdbdbdb dfdfdfdf dbdbdbdb dfdfdfdf
5478: ebebebeb efefefef ebebebeb efefefef fbfbfbfb ffffffff fbfbfbfb ffffffff
5480: 4f4e4d4c 4f4e4d4c 4f4e4d4c 4f4e4d4c 5f5e5d5c 5f5e5d5c 5f5e5d5c 5f5e5d5c
5488: 6f6e6d6c 6f6e6d6c 6f6e6d6c 6f6e6d6c 7f7e7d7c 7f7e7d7c 7f7e7d7c 7f7e7d7c
5490: 4f4e4d4c 4f4e4d4c 4f4e4d4c 4f4e4d4c 5f5e5d5c 5f5e5d5c 5f5e5d5c 5f5e5d5c
5498: 6f6e6d6c 6f6e6d6c 6f6e6d6c 6f6e6d6c 7f7e7d7c 7f7e7d7c 7f7e7d7c 7f7e7d7c
54a0: cfcecdcc cfcecdcc cfcecdcc cfcecdcc dfdedddc dfdedddc dfdedddc dfdedddc
54a8: efeeedec efeeedec efeeedec efeeedec fffefdfc fffefdfc fffefdfc fffefdfc
54b0: cfcecdcc cfcecdcc cfcecdcc cfcecdcc dfdedddc dfdedddc dfdedddc dfdedddc
54b8: efeeedec efeeedec efeeedec efeeedec fffefdfc fffefdfc fffefdfc fffefdfc
54c0: 4f4f4d4d 4f4f4d4d 4f4f4d4d 4f4f4d4d 5f5f5d5d 5f5f5d5d 5f5f5d5d 5f5f5d5d
54c8: 6f6f6d6d 6f6f6d6d 6f6f6d6d 6f6f6d6d 7f7f7d7d 7f7f7d7d 7f7f7d7d 7f7f7d7d
54d0: 4f4f4d4d 4f4f4d4d 4f4f4d4d 4f4f4d4d 5f5f5d5d 5f5f5d5d 5f5f5d5d 5f5f5d5d
54d8: 6f6f6d6d 6f6f6d6d 6f6f6d6d 6f6f6d6d 7f7f7d7d 7f7f7d7d 7f7f7d7d 7f7f7d7d
54e0: cfcfcdcd cfcfcdcd cfcfcdcd cfcfcdcd dfdfdddd dfdfdddd dfdfdddd dfdfdddd
54e8: efefeded efefeded efefeded efefeded fffffdfd fffffdfd fffffdfd fffffdfd
54f0: cfcfcdcd cfcfcdcd cfcfcdcd cfcfcdcd dfdfdddd dfdfdddd dfdfdddd dfdfdddd
54f8: efefeded efefeded efefeded efefeded fffffdfd fffffdfd fffffdfd fffffdfd
5500: 4f4e4f4e 4f4e4f4e 4f4e4f4e 4f4e4f4e 5f5e5f5e 5f5e5f5e 5f5e5f5e 5f5e5f5e
5508: 6f6e6f6e 6f6e6f6e 6f6e6f6e 6f6e6f6e 7f7e7f7e 7f7e7f7e 7f7e7f7e 7f7e7f7e
5510: 4f4e4f4e 4f4e4f4e 4f4e4f4e 4f4e4f4e 5f5e5f5e 5f5e5f5e 5f5e5f5e 5f5e5f5e
5518: 6f6e6f6e 6f6e6f6e 6f6e6f6e 6f6e6f6e 7f7e7f7e 7f7e7f7e 7f7e7f7e 7f7e7f7e
5520: cfcecfce cfcecfce cfcecfce cfcecfce dfdedfde dfdedfde dfdedfde dfdedfde
5528: efeeefee efeeefee efeeefee efeeefee fffefffe fffefffe fffefffe fffefffe
5530: cfcecfce cfcecfce cfcecfce cfcecfce dfdedfde dfdedfde dfdedfde dfdedfde
5538: efeeefee efeeefee efeeefee efeeefee fffefffe fffefffe fffefffe fffefffe
5540: 4f4f4f4f 4f4f4f4f 4f4f4f4f 4f4f4f4f 5f5f5f5f 5f5f5f5f 5f5f5f5f 5f5f5f5f
5548: 6f6f6f6f 6f6f6f6f 6f6f6f6f 6f6f6f6f 7f7f7f7f 7f7f7f7f 7f7f7f7f 7f7f7f7f
5550: 4f4f4f4f 4f4f4f4f 4f4f4f4f 4f4f4f4f 5f5f5f5f 5f5f5f5f 5f5f5f5f 5f5f5f5f
5558: 6f6f6f6f 6f6f6f6f 6f6f6f6f 6f6f6f6f 7f7f7f7f 7f7f7f7f 7f7f7f7f 7f7f7f7f
5560: cfcfcfcf cfcfcfcf cfcfcfcf cfcfcfcf dfdfdfdf dfdfdfdf dfdfdfdf dfdfdfdf
5568: efefefef efefefef efefefef efefefef ffffffff ffffffff ffffffff ffffffff
5570: cfcfcfcf cfcfcfcf cfcfcfcf cfcfcfcf dfdfdfdf dfdfdfdf dfdfdfdf dfdfdfdf
5578: efefefef efefefef efefefef efefefef ffffffff ffffffff ffffffff ffffffff
5580: 53525150 57565554 5b5a5958 5f5e5d5c 53525150 57565554 5b5a5958 5f5e5d5c
5588: 73727170 77767574 7b7a7978 7f7e7d7c 73727170 77767574 7b7a7978 7f7e7d7c
5590: 53525150 57565554 5b5a5958 5f5e5d5c 53525150 57565554 5b5a5958 5f5e5d5c
5598: 73727170 77767574 7b7a7978 7f7e7d7c 73727170 77767574 7b7a7978 7f7e7d7c
55a0: d3d2d1d0 d7d6d5d4 dbdad9d8 dfdedddc d3d2d1d0 d7d6d5d4 dbdad9d8 dfdedddc
55a8: f3f2f1f0 f7f6f5f4 fbfaf9f8 fffefdfc f3f2f1f0 f7f6f5f4 fbfaf9f8 fffefdfc
55b0: d3d2d1d0 d7d6d5d4 dbdad9d8 dfdedddc d3d2d1d0 d7d6d5d4 dbdad9d8 dfdedddc
55b8: f3f2f1f0 f7f6f5f4 fbfaf9f8 fffefdfc f3f2f1f0 f7f6f5f4 fbfaf9f8 fffefdfc
55c0: 53535151 57575555 5b5b5959 5f5f5d5d 53535151 57575555 5b5b5959 5f5f5d5d
55c8: 73737171 77777575 7b7b7979 7f7f7d7d 73737171 77777575 7b7b7979 7f7f7d7d
55d0: 53535151 57575555 5b5b5959 5f5f5d5d 53535151 57575555 5b5b5959 5f5f5d5d
55d8: 73737171 77777575 7b7b7979 7f7f7d7d 73737171 77777575 7b7b7979 7f7f7d7d
55e0: d3d3d1d1 d7d7d5d5 dbdbd9d9 dfdfdddd d3d3d1d1 d7d7d5d5 dbdbd9d9 dfdfdddd
55e8: f3f3f1f1 f7f7f5f5 fbfbf9f9 fffffdfd f3f3f1f1 f7f7f5f5 fbfbf9f9 fffffdfd
55f0: d3d3d1d1 d7d7d5d5 dbdbd9d9 dfdfdddd d3d3d1d1 d7d7d5d5 dbdbd9d9 dfdfdddd
55f8: f3f3f1f1 f7f7f5f5 fbfbf9f9 fffffdfd f3f3f1f1 f7f7f5f5 fbfbf9f9 fffffdfd
5600: 53525352 57565756 5b5a5b5a 5f5e5f5e 53525352 57565756 5b5a5b5a 5f5e5f5e
5608: 73727372 77767776 7b7a7b7a 7f7e7f7e 73727372 77767776 7b7a7b7a 7f7e7f7e
5610: 53525352 57565756 5b5a5b5a 5f5e5f5e 53525352 57565756 5b5a5b5a 5f5e5f5e
5618: 73727372 77767776 7b7a7b7a 7f7e7f7e 73727372 77767776 7b7a7b7a 7f7e7f7e
5620: d3d2d3d2 d7d6d7d6 dbdadbda dfdedfde d3d2d3d2 d7d6d7d6 dbdadbda dfdedfde
5628: f3f2f3f2 f7f6f7f6 fbfafbfa fffefffe f3f2f3f2 f7f6f7f6 fbfafbfa fffefffe
5630: d3d2d3d2 d7d6d7d6 dbdadbda dfdedfde d3d2d3d2 d7d6d7d6 dbdadbda dfdedfde
5638: f3f2f3f2 f7f6f7f6 fbfafbfa fffefffe f3f2f3f2 f7f6f7f6 fbfafbfa fffefffe
5640: 53535353 57575757 5b5b5b5b 5f5f5f5f 53535353 57575757 5b5b5b5b 5f5f5f5f
5648: 73737373 77777777 7b7b7b7b 7f7f7f7f 73737373 77777777 7b7b7b7b 7f7f7f7f
5650: 53535353 57575757 5b5b5b5b 5f5f5f5f 53535353 57575757 5b5b5b5b 5f5f5f5f
5658: 73737373 77777777 7b7b7b7b 7f7f7f7f 73737373 77777777 7b7b7b7b 7f7f7f7f
5660: d3d3d3d3 d7d7d7d7 dbdbdbdb dfdfdfdf d3d3d3d3 d7d7d7d7 dbdbdbdb dfdfdfdf
5668: f3f3f3f3 f7f7f7f7 fbfbfbfb ffffffff f3f3f3f3 f7f7f7f7 fbfbfbfb ffffffff
5670: d3d3d3d3 d7d7d7d7 dbdbdbdb dfdfdfdf d3d3d3d3 d7d7d7d7 dbdbdbdb dfdfdfdf
5678: f3f3f3f3 f7f7f7f7 fbfbfbfb ffffffff f3f3f3f3 f7f7f7f7 fbfbfbfb ffffffff
5680: 57565554 57565554 5f5e5d5c 5f5e5d5c 57565554 57565554 5f5e5d5c 5f5e5d5c
5688: 77767574 77767574 7f7e7d7c 7f7e7d7c 77767574 77767574 7f7e7d7c 7f7e7d7c
5690: 57565554 57565554 5f5e5d5c 5f5e5d5c 57565554 57565554 5f5e5d5c 5f5e5d5c
5698: 77767574 77767574 7f7e7d7c 7f7e7d7c 77767574 77767574 7f7e7d7c 7f7e7d7c
56a0: d7d6d5d4 d7d6d5d4 dfdedddc dfdedddc d7d6d5d4 d7d6d5d4 dfdedddc dfdedddc
56a8: f7f6f5f4 f7f6f5f4 fffefdfc fffefdfc f7f6f5f4 f7f6f5f4 fffefdfc fffefdfc
56b0: d7d6d5d4 d7d6d5d4 dfdedddc dfdedddc d7d6d5d4 d7d6d5d4 dfdedddc dfdedddc
56b8: f7f6f5f4 f7f6f5f4 fffefdfc fffefdfc f7f6f5f4 f7f6f5f4 fffefdfc fffefdfc
56c0: 57575555 57575555 5f5f5d5d 5f5f5d5d 57575555 57575555 5f5f5d5d 5f5f5d5d
56c8: 77777575 77777575 7f7f7d7d 7f7f7d7d 77777575 77777575 7f7f7d7d 7f7f7d7d
56d0: 57575555 57575555 5f5f5d5d 5f5f5d5d 57575555 57575555 5f5f5d5d 5f5f5d5d
56d8: 77777575 77777575 7f7f7d7d 7f7f7d7d 77777575 77777575 7f7f7d7d 7f7f7d7d
56e0: d7d7d5d5 d7d7d5d5 dfdfdddd dfdfdddd d7d7d5d5 d7d7d5d5 dfdfdddd dfdfdddd
56e8: f7f7f5f5 f7f7f5f5 fffffdfd fffffdfd f7f7f5f5 f7f7f5f5 fffffdfd fffffdfd
56f0: d7d7d5d5 d7d7d5d5 dfdfdddd dfdfdddd d7d7d5d5 d7d7d5d5 dfdfdddd dfdfdddd
56f8: f7f7f5f5 f7f7f5f5 fffffdfd fffffdfd f7f7f5f5 f7f7f5f5 fffffdfd fffffdfd
5700: 57565756 57565756 5f5e5f5e 5f5e5f5e 57565756 57565756 5f5e5f5e 5f5e5f5e
5708: 77767776 77767776 7f7e7f7e 7f7e7f7e 77767776 77767776 7f7e7f7e 7f7e7f7e
5710: 57565756 57565756 5f5e5f5e 5f5e5f5e 57565756 57565756 5f5e5f5e 5f5e5f5e
5718: 77767776 77767776 7f7e7f7e 7f7e7f7e 77767776 77767776 7f7e7f7e 7f7e7f7e
5720: d7d6d7d6 d7d6d7d6 dfdedfde dfdedfde d7d6d7d6 d7d6d7d6 dfdedfde dfdedfde
5728: f7f6f7f6 f7f6f7f6 fffefffe fffefffe f7f6f7f6 f7f6f7f6 fffefffe fffefffe
5730: d7d6d7d6 d7d6d7d6 dfdedfde dfdedfde d7d6d7d6 d7d6d7d6 dfdedfde dfdedfde
5738: f7f6f7f6 f7f6f7f6 fffefffe fffefffe f7f6f7f6 f7f6f7f6 fffefffe fffefffe
5740: 57575757 57575757 5f5f5f5f 5f5f5f5f 57575757 57575757 5f5f5f5f 5f5f5f5f
5748: 77777777 77777777 7f7f7f7f 7f7f7f7f 77777777 77777777 7f7f7f7f 7f7f7f7f
5750: 57575757 57575757 5f5f5f5f 5f5f5f5f 57575757 57575757 5f5f5f5f 5f5f5f5f
5758: 77777777 77777777 7f7f7f7f 7f7f7f7f 77777777 77777777 7f7f7f7f 7f7f7f7f
5760: d7d7d7d7 d7d7d7d7 dfdfdfdf dfdfdfdf d7d7d7d7 d7d7d7d7 dfdfdfdf dfdfdfdf
5768: f7f7f7f7 f7f7f7f7 ffffffff ffffffff f7f7f7f7 f7f7f7f7 ffffffff ffffffff
5770: d7d7d7d7 d7d7d7d7 dfdfdfdf dfdfdfdf d7d7d7d7 d7d7d7d7 dfdfdfdf dfdfdfdf
5778: f7f7f7f7 f7f7f7f7 ffffffff ffffffff f7f7f7f7 f7f7f7f7 ffffffff ffffffff
5780: 5b5a5958 5f5e5d5c 5b5a5958 5f5e5d5c 5b5a5958 5f5e5d5c 5b5a5958 5f5e5d5c
5788: 7b7a7978 7f7e7d7c 7b7a7978 7f7e7d7c 7b7a7978 7f7e7d7c 7b7a7978 7f7e7d7c
5790: 5b5a5958 5f5e5d5c 5b5a5958 5f5e5d5c 5b5a5958 5f5e5d5c 5b5a5958 5f5e5d5c
5798: 7b7a7978 7f7e7d7c 7b7a7978 7f7e7d7c 7b7a7978 7f7e7d7c 7b7a7978 7f7e7d7c
57a0: dbdad9d8 dfdedddc dbdad9d8 dfdedddc dbdad9d8 dfdedddc dbdad9d8 dfdedddc
57a8: fbfaf9f8 fffefdfc fbfaf9f8 fffefdfc fbfaf9f8 fffefdfc fbfaf9f8 fffefdfc
57b0: dbdad9d8 dfdedddc dbdad9d8 dfdedddc dbdad9d8 dfdedddc dbdad9d8 dfdedddc
57b8: fbfaf9f8 fffefdfc fbfaf9f8 fffefdfc fbfaf9f8 fffefdfc fbfaf9f8 fffefdfc
57c0: 5b5b5959 5f5f5d5d 5b5b5959 5f5f5d5d 5b5b5959 5f5f5d5d 5b5b5959 5f5f5d5d
57c8: 7b7b7979 7f7f7d7d 7b7b7979 7f7f7d7d 7b7b7979 7f7f7d7d 7b7b7979 7f7f7d7d
57d0: 5b5b5959 5f5f5d5d 5b5b5959 5f5f5d5d 5b5b5959 5f5f5d5d 5b5b5959 5f5f5d5d
57d8: 7b7b7979 7f7f7d7d 7b7b7979 7f7f7d7d 7b7b7979 7f7f7d7d 7b7b7979 7f7f7d7d
57e0: dbdbd9d9 dfdfdddd dbdbd9d9 dfdfdddd dbdbd9d9 dfdfdddd dbdbd9d9 dfdfdddd
57e8: fbfbf9f9 fffffdfd fbfbf9f9 fffffdfd fbfbf9f9 fffffdfd fbfbf9f9 fffffdfd
57f0: dbdbd9d9 dfdfdddd dbdbd9d9 dfdfdddd dbdbd9d9 dfdfdddd dbdbd9d9 dfdfdddd
57f8: fbfbf9f9 fffffdfd fbfbf9f9 fffffdfd fbfbf9f9 fffffdfd fbfbf9f9 fffffdfd
5800: 5b5a5b5a 5f5e5f5e 5b5a5b5a 5f5e5f5e 5b5a5b5a 5f5e5f5e 5b5a5b5a 5f5e5f5e
5808: 7b7a7b7a 7f7e7f7e 7b7a7b7a 7f7e7f7e 7b7a7b7a 7f7e7f7e 7b7a7b7a 7f7e7f7e
5810: 5b5a5b5a 5f5e5f5e 5b5a5b5a 5f5e5f5e 5b5a5b5a 5f5e5f5e 5b5a5b5a 5f5e5f5e
5818: 7b7a7b7a 7f7e7f7e 7b7a7b7a 7f7e7f7e 7b7a7b7a 7f7e7f7e 7b7a7b7a 7f7e7f7e
5820: dbdadbda dfdedfde dbdadbda dfdedfde dbdadbda dfdedfde dbdadbda dfdedfde
5828: fbfafbfa fffefffe fbfafbfa fffefffe fbfafbfa fffefffe fbfafbfa fffefffe
5830: dbdadbda dfdedfde dbdadbda dfdedfde dbdadbda dfdedfde dbdadbda dfdedfde
5838: fbfafbfa fffefffe fbfafbfa fffefffe fbfafbfa fffefffe fbfafbfa fffefffe
5840: 5b5b5b5b 5f5f5f5f 5b5b5b5b 5f5f5f5f 5b5b5b5b 5f5f5f5f 5b5b5b5b 5f5f5f5f
5848: 7b7b7b7b 7f7f7f7f 7b7b7b7b 7f7f7f7f 7b7b7b7b 7f7f7f7f 7b7b7b7b 7f7f7f7f
5850: 5b5b5b5b 5f5f5f5f 5b5b5b5b 5f5f5f5f 5b5b5b5b 5f5f5f5f 5b5b5b5b 5f5f5f5f
5858: 7b7b7b7b 7f7f7f7f 7b7b7b7b 7f7f7f7f 7b7b7b7b 7f7f7f7f 7b7b7b7b 7f7f7f7f
5860: dbdbdbdb dfdfdfdf dbdbdbdb dfdfdfdf dbdbdbdb dfdfdfdf dbdbdbdb dfdfdfdf
5868: fbfbfbfb ffffffff fbfbfbfb ffffffff fbfbfbfb ffffffff fbfbfbfb ffffffff
5870: dbdbdbdb dfdfdfdf dbdbdbdb dfdfdfdf dbdbdbdb dfdfdfdf dbdbdbdb dfdfdfdf
5878: fbfbfbfb ffffffff fbfbfbfb ffffffff fbfbfbfb ffffffff fbfbfbfb ffffffff
5880: 5f5e5d5c 5f5e5d5c 5f5e5d5c 5f5e5d5c 5f5e5d5c 5f5e5d5c 5f5e5d5c 5f5e5d5c
5888: 7f7e7d7c 7f7e7d7c 7f7e7d7c 7f7e7d7c 7f7e7d7c 7f7e7d7c 7f7e7d7c 7f7e7d7c
5890: 5f5e5d5c 5f5e5d5c 5f5e5d5c 5f5e5d5c 5f5e5d5c 5f5e5d5c 5f5e5d5c 5f5e5d5c
5898: 7f7e7d7c 7f7e7d7c 7f7e7d7c 7f7e7d7c 7f7e7d7c 7f7e7d7c 7f7e7d7c 7f7e7d7c
58a0: dfdedddc dfdedddc dfdedddc dfdedddc dfdedddc dfdedddc dfdedddc dfdedddc
58a8: fffefdfc fffefdfc fffefdfc fffefdfc fffefdfc fffefdfc fffefdfc fffefdfc
58b0: dfdedddc dfdedddc dfdedddc dfdedddc dfdedddc dfdedddc dfdedddc dfdedddc
58b8: fffefdfc fffefdfc fffefdfc fffefdfc fffefdfc fffefdfc fffefdfc fffefdfc
58c0: 5f5f5d5d 5f5f5d5d 5f5f5d5d 5f5f5d5d 5f5f5d5d 5f5f5d5d 5f5f5d5d 5f5f5d5d
58c8: 7f7f7d7d 7f7f7d7d 7f7f7d7d 7f7f7d7d 7f7f7d7d 7f7f7d7d 7f7f7d7d 7f7f7d7d
58d0: 5f5f5d5d 5f5f5d5d 5f5f5d5d 5f5f5d5d 5f5f5d5d 5f5f5d5d 5f5f5d5d 5f5f5d5d
58d8: 7f7f7d7d 7f7f7d7d 7f7f7d7d 7f7f7d7d 7f7f7d7d 7f7f7d7d 7f7f7d7d 7f7f7d7d
58e0: dfdfdddd dfdfdddd dfdfdddd dfdfdddd dfdfdddd dfdfdddd dfdfdddd dfdfdddd
58e8: fffffdfd fffffdfd fffffdfd fffffdfd fffffdfd fffffdfd fffffdfd fffffdfd
58f0: dfdfdddd dfdfdddd dfdfdddd dfdfdddd dfdfdddd dfdfdddd dfdfdddd dfdfdddd
58f8: fffffdfd fffffdfd fffffdfd fffffdfd fffffdfd fffffdfd fffffdfd fffffdfd
5900: 5f5e5f5e 5f5e5f5e 5f5e5f5e 5f5e5f5e 5f5e5f5e 5f5e5f5e 5f5e5f5e 5f5e5f5e
5908: 7f7e7f7e 7f7e7f7e 7f7e7f7e 7f7e7f7e 7f7e7f7e 7f7e7f7e 7f7e7f7e 7f7e7f7e
5910: 5f5e5f5e 5f5e5f5e 5f5e5f5e 5f5e5f5e 5f5e5f5e 5f5e5f5e 5f5e5f5e 5f5e5f5e
5918: 7f7e7f7e 7f7e7f7e 7f7e7f7e 7f7e7f7e 7f7e7f7e 7f7e7f7e 7f7e7f7e 7f7e7f7e
5920: dfdedfde dfdedfde dfdedfde dfdedfde dfdedfde dfdedfde dfdedfde dfdedfde
5928: fffefffe fffefffe fffefffe fffefffe fffefffe fffefffe fffefffe fffefffe
5930: dfdedfde dfdedfde dfdedfde dfdedfde dfdedfde dfdedfde dfdedfde dfdedfde
5938: fffefffe fffefffe fffefffe fffefffe fffefffe fffefffe fffefffe fffefffe
5940: 5f5f5f5f 5f5f5f5f 5f5f5f5f 5f5f5f5f 5f5f5f5f 5f5f5f5f 5f5f5f5f 5f5f5f5f
5948: 7f7f7f7f 7f7f7f7f 7f7f7f7f 7f7f7f7f 7f7f7f7f 7f7f7f7f 7f7f7f7f 7f7f7f7f
5950: 5f5f5f5f 5f5f5f5f 5f5f5f5f 5f5f5f5f 5f5f5f5f 5f5f5f5f 5f5f5f5f 5f5f5f5f
5958: 7f7f7f7f 7f7f7f7f 7f7f7f7f 7f7f7f7f 7f7f7f7f 7f7f7f7f 7f7f7f7f 7f7f7f7f
5960: dfdfdfdf dfdfdfdf dfdfdfdf dfdfdfdf dfdfdfdf dfdfdfdf dfdfdfdf dfdfdfdf
5968: ffffffff ffffffff ffffffff ffffffff ffffffff ffffffff ffffffff ffffffff
5970: dfdfdfdf dfdfdfdf dfdfdfdf dfdfdfdf dfdfdfdf dfdfdfdf dfdfdfdf dfdfdfdf
5978: ffffffff ffffffff ffffffff ffffffff ffffffff ffffffff ffffffff ffffffff
5980: 63626160 67666564 6b6a6968 6f6e6d6c 73727170 77767574 7b7a7978 7f7e7d7c
5988: 63626160 67666564 6b6a6968 6f6e6d6c 73727170 77767574 7b7a7978 7f7e7d7c
5990: 63626160 67666564 6b6a6968 6f6e6d6c 73727170 77767574 7b7a7978 7f7e7d7c
5998: 63626160 67666564 6b6a6968 6f6e6d6c 73727170 77767574 7b7a7978 7f7e7d7c
59a0: e3e2e1e0 e7e6e5e4 ebeae9e8 efeeedec f3f2f1f0 f7f6f5f4 fbfaf9f8 fffefdfc
59a8: e3e2e1e0 e7e6e5e4 ebeae9e8 efeeedec f3f2f1f0 f7f6f5f4 fbfaf9f8 fffefdfc
59b0: e3e2e1e0 e7e6e5e4 ebeae9e8 efeeedec f3f2f1f0 f7f6f5f4 fbfaf9f8 fffefdfc
59b8: e3e2e1e0 e7e6e5e4 ebeae9e8 efeeedec f3f2f1f0 f7f6f5f4 fbfaf9f8 fffefdfc
59c0: 63636161 67676565 6b6b6969 6f6f6d6d 73737171 77777575 7b7b7979 7f7f7d7d
59c8: 63636161 67676565 6b6b6969 6f6f6d6d 73737171 77777575 7b7b7979 7f7f7d7d
59d0: 63636161 67676565 6b6b6969 6f6f6d6d 73737171 77777575 7b7b7979 7f7f7d7d
59d8: 63636161 67676565 6b6b6969 6f6f6d6d 73737171 77777575 7b7b7979 7f7f7d7d
59e0: e3e3e1e1 e7e7e5e5 ebebe9e9 efefeded f3f3f1f1 f7f7f5f5 fbfbf9f9 fffffdfd
59e8: e3e3e1e1 e7e7e5e5 ebebe9e9 efefeded f3f3f1f1 f7f7f5f5 fbfbf9f9 fffffdfd
59f0: e3e3e1e1 e7e7e5e5 ebebe9e9 efefeded f3f3f1f1 f7f7f5f5 fbfbf9f9 fffffdfd
59f8: e3e3e1e1 e7e7e5e5 ebebe9e9 efefeded f3f3f1f1 f7f7f5f5 fbfbf9f9 fffffdfd
5a00: 63626362 67666766 6b6a6b6a 6f6e6f6e 73727372 77767776 7b7a7b7a 7f7e7f7e
5a08: 63626362 67666766 6b6a6b6a 6f6e6f6e 73727372 77767776 7b7a7b7a 7f7e7f7e
5a10: 63626362 67666766 6b6a6b6a 6f6e6f6e 73727372 77767776 7b7a7b7a 7f7e7f7e
5a18: 63626362 67666766 6b6a6b6a 6f6e6f6e 73727372 77767776 7b7a7b7a 7f7e7f7e
5a20: e3e2e3e2 e7e6e7e6 ebeaebea efeeefee f3f2f3f2 f7f6f7f6 fbfafbfa fffefffe
5a28: e3e2e3e2 e7e6e7e6 ebeaebea efeeefee f3f2f3f2 f7f6f7f6 fbfafbfa fffefffe
5a30: e3e2e3e2 e7e6e7e6 ebeaebea efeeefee f3f2f3f2 f7f6f7f6 fbfafbfa fffefffe
5a38: e3e2e3e2 e7e6e7e6 ebeaebea efeeefee f3f2f3f2 f7f6f7f6 fbfafbfa fffefffe
5a40: 63636363 67676767 6b6b6b6b 6f6f6f6f 73737373 77777777 7b7b7b7b 7f7f7f7f
5a48: 63636363 67676767 6b6b6b6b 6f6f6f6f 73737373 77777777 7b7b7b7b 7f7f7f7f
5a50: 63636363 67676767 6b6b6b6b 6f6f6f6f 73737373 77777777 7b7b7b7b 7f7f7f7f
5a58: 63636363 67676767 6b6b6b6b 6f6f6f6f 73737373 77777777 7b7b7b7b 7f7f7f7f
5a60: e3e3e3e3 e7e7e7e7 ebebebeb efefefef f3f3f3f3 f7f7f7f7 fbfbfbfb ffffffff
5a68: e3e3e3e3 e7e7e7e7 ebebebeb efefefef f3f3f3f3 f7f7f7f7 fbfbfbfb ffffffff
5a70: e3e3e3e3 e7e7e7e7 ebebebeb efefefef f3f3f3f3 f7f7f7f7 fbfbfbfb ffffffff
5a78: e3e3e3e3 e7e7e7e7 ebebebeb efefefef f3f3f3f3 f7f7f7f7 fbfbfbfb ffffffff
5a80: 67666564 67666564 6f6e6d6c 6f6e6d6c 77767574 77767574 7f7e7d7c 7f7e7d7c
5a88: 67666564 67666564 6f6e6d6c 6f6e6d6c 77767574 77767574 7f7e7d7c 7f7e7d7c
5a90: 67666564 67666564 6f6e6d6c 6f6e6d6c 77767574 77767574 7f7e7d7c 7f7e7d7c
5a98: 67666564 67666564 6f6e6d6c 6f6e6d6c 77767574 77767574 7f7e7d7c 7f7e7d7c
5aa0: e7e6e5e4 e7e6e5e4 efeeedec efeeedec f7f6f5f4 f7f6f5f4 fffefdfc fffefdfc
5aa8: e7e6e5e4 e7e6e5e4 efeeedec efeeedec f7f6f5f4 f7f6f5f4 fffefdfc fffefdfc
5ab0: e7e6e5e4 e7e6e5e4 efeeedec efeeedec f7f6f5f4 f7f6f5f4 fffefdfc fffefdfc
5ab8: e7e6e5e4 e7e6e5e4 efeeedec efeeedec f7f6f5f4 f7f6f5f4 fffefdfc fffefdfc
5ac0: 67676565 67676565 6f6f6d6d 6f6f6d6d 77777575 77777575 7f7f7d7d 7f7f7d7d
5ac8: 67676565 67676565 6f6f6d6d 6f6f6d6d 77777575 77777575 7f7f7d7d 7f7f7d7d
5ad0: 67676565 67676565 6f6f6d6d 6f6f6d6d 77777575 77777575 7f7f7d7d 7f7f7d7d
5ad8: 67676565 67676565 6f6f6d6d 6f6f6d6d 77777575 77777575 7f7f7d7d 7f7f7d7d
5ae0: e7e7e5e5 e7e7e5e5 efefeded efefeded f7f7f5f5 f7f7f5f5 fffffdfd fffffdfd
5ae8: e7e7e5e5 e7e7e5e5 efefeded efefeded f7f7f5f5 f7f7f5f5 fffffdfd fffffdfd
5af0: e7e7e5e5 e7e7e5e5 efefeded efefeded f7f7f5f5 f7f7f5f5 fffffdfd fffffdfd
5af8: e7e7e5e5 e7e7e5e5 efefeded efefeded f7f7f5f5 f7f7f5f5 fffffdfd fffffdfd
5b00: 67666766 67666766 6f6e6f6e 6f6e6f6e 77767776 77767776 7f7e7f7e 7f7e7f7e
5b08: 67666766 67666766 6f6e6f6e 6f6e6f6e 77767776 77767776 7f7e7f7e 7f7e7f7e
5b10: 67666766 67666766 6f6e6f6e 6f6e6f6e 77767776 77767776 7f7e7f7e 7f7e7f7e
5b18: 67666766 67666766 6f6e6f6e 6f6e6f6e 77767776 77767776 7f7e7f7e 7f7e7f7e
5b20: e7e6e7e6 e7e6e7e6 efeeefee efeeefee f7f6f7f6 f7f6f7f6 fffefffe fffefffe
5b28: e7e6e7e6 e7e6e7e6 efeeefee efeeefee f7f6f7f6 f7f6f7f6 fffefffe fffefffe
5b30: e7e6e7e6 e7e6e7e6 efeeefee efeeefee f7f6f7f6 f7f6f7f6 fffefffe fffefffe
5b38: e7e6e7e6 e7e6e7e6 efeeefee efeeefee f7f6f7f6 f7f6f7f6 fffefffe fffefffe
5b40: 67676767 67676767 6f6f6f6f 6f6f6f6f 77777777 77777777 7f7f7f7f 7f7f7f7f
5b48: 67676767 67676767 6f6f6f6f 6f6f6f6f 77777777 77777777 7f7f7f7f 7f7f7f7f
5b50: 67676767 67676767 6f6f6f6f 6f6f6f6f 77777777 77777777 7f7f7f7f 7f7f7f7f
5b58: 67676767 67676767 6f6f6f6f 6f6f6f6f 77777777 77777777 7f7f7f7f 7f7f7f7f
5b60: e7e7e7e7 e7e7e7e7 efefefef efefefef f7f7f7f7 f7f7f7f7 ffffffff ffffffff
5b68: e7e7e7e7 e7e7e7e7 efefefef efefefef f7f7f7f7 f7f7f7f7 ffffffff ffffffff
5b70: e7e7e7e7 e7e7e7e7 efefefef efefefef f7f7f7f7 f7f7f7f7 ffffffff ffffffff
5b78: e7e7e7e7 e7e7e7e7 efefefef efefefef f7f7f7f7 f7f7f7f7 ffffffff ffffffff
5b80: 6b6a6968 6f6e6d6c 6b6a6968 6f6e6d6c 7b7a7978 7f7e7d7c 7b7a7978 7f7e7d7c
5b88: 6b6a6968 6f6e6d6c 6b6a6968 6f6e6d6c 7b7a7978 7f7e7d7c 7b7a7978 7f7e7d7c
5b90: 6b6a6968 6f6e6d6c 6b6a6968 6f6e6d6c 7b7a7978 7f7e7d7c 7b7a7978 7f7e7d7c
5b98: 6b6a6968 6f6e6d6c 6b6a6968 6f6e6d6c 7b7a7978 7f7e7d7c 7b7a7978 7f7e7d7c
5ba0: ebeae9e8 efeeedec ebeae9e8 efeeedec fbfaf9f8 fffefdfc fbfaf9f8 fffefdfc
5ba8: ebeae9e8 efeeedec ebeae9e8 efeeedec fbfaf9f8 fffefdfc fbfaf9f8 fffefdfc
5bb0: ebeae9e8 efeeedec ebeae9e8 efeeedec fbfaf9f8 fffefdfc fbfaf9f8 fffefdfc
5bb8: ebeae9e8 efeeedec ebeae9e8 efeeedec fbfaf9f8 fffefdfc fbfaf9f8 fffefdfc
5bc0: 6b6b6969 6f6f6d6d 6b6b6969 6f6f6d6d 7b7b7979 7f7f7d7d 7b7b7979 7f7f7d7d
5bc8: 6b6b6969 6f6f6d6d 6b6b6969 6f6f6d6d 7b7b7979 7f7f7d7d 7b7b7979 7f7f7d7d
5bd0: 6b6b6969 6f6f6d6d 6b6b6969 6f6f6d6d 7b7b7979 7f7f7d7d 7b7b7979 7f7f7d7d
5bd8: 6b6b6969 6f6f6d6d 6b6b6969 6f6f6d6d 7b7b7979 7f7f7d7d 7b7b7979 7f7f7d7d
5be0: ebebe9e9 efefeded ebebe9e9 efefeded fbfbf9f9 fffffdfd fbfbf9f9 fffffdfd
5be8: ebebe9e9 efefeded ebebe9e9 efefeded fbfbf9f9 fffffdfd fbfbf9f9 fffffdfd
5bf0: ebebe9e9 efefeded ebebe9e9 efefeded fbfbf9f9 fffffdfd fbfbf9f9 fffffdfd
5bf8: ebebe9e9 efefeded ebebe9e9 efefeded fbfbf9f9 fffffdfd fbfbf9f9 fffffdfd
5c00: 6b6a6b6a 6f6e6f6e 6b6a6b6a 6f6e6f6e 7b7a7b7a 7f7e7f7e 7b7a7b7a 7f7e7f7e
5c08: 6b6a6b6a 6f6e6f6e 6b6a6b6a 6f6e6f6e 7b7a7b7a 7f7e7f7e 7b7a7b7a 7f7e7f7e
5c10: 6b6a6b6a 6f6e6f6e 6b6a6b6a 6f6e6f6e 7b7a7b7a 7f7e7f7e 7b7a7b7a 7f7e7f7e
5c18: 6b6a6b6a 6f6e6f6e 6b6a6b6a 6f6e6f6e 7b7a7b7a 7f7e7f7e 7b7a7b7a 7f7e7f7e
5c20: ebeaebea efeeefee ebeaebea efeeefee fbfafbfa fffefffe fbfafbfa fffefffe
5c28: ebeaebea efeeefee ebeaebea efeeefee fbfafbfa fffefffe fbfafbfa fffefffe
5c30: ebeaebea efeeefee ebeaebea efeeefee fbfafbfa fffefffe fbfafbfa fffefffe
5c38: ebeaebea efeeefee ebeaebea efeeefee fbfafbfa fffefffe fbfafbfa fffefffe
5c40: 6b6b6b6b 6f6f6f6f 6b6b6b6b 6f6f6f6f 7b7b7b7b 7f7f7f7f 7b7b7b7b 7f7f7f7f
5c48: 6b6b6b6b 6f6f6f6f 6b6b6b6b 6f6f6f6f 7b7b7b7b 7f7f7f7f 7b7b7b7b 7f7f7f7f
5c50: 6b6b6b6b 6f6f6f6f 6b6b6b6b 6f6f6f6f 7b7b7b7b 7f7f7f7f 7b7b7b7b 7f7f7f7f
5c58: 6b6b6b6b 6f6f6f6f 6b6b6b6b 6f6f6f6f 7b7b7b7b 7f7f7f7f 7b7b7b7b 7f7f7f7f
5c60: ebebebeb efefefef ebebebeb efefefef fbfbfbfb ffffffff fbfbfbfb ffffffff
5c68: ebebebeb efefefef ebebebeb efefefef fbfbfbfb ffffffff fbfbfbfb ffffffff
5c70: ebebebeb efefefef ebebebeb efefefef fbfbfbfb ffffffff fbfbfbfb ffffffff
5c78: ebebebeb efefefef ebebebeb efefefef fbfbfbfb ffffffff fbfbfbfb ffffffff
5c80: 6f6e6d6c 6f6e6d6c 6f6e6d6c 6f6e6d6c 7f7e7d7c 7f7e7d7c 7f7e7d7c 7f7e7d7c
5c88: 6f6e6d6c 6f6e6d6c 6f6e6d6c 6f6e6d6c 7f7e7d7c 7f7e7d7c 7f7e7d7c 7f7e7d7c
5c90: 6f6e6d6c 6f6e6d6c 6f6e6d6c 6f6e6d6c 7f7e7d7c 7f7e7d7c 7f7e7d7c 7f7e7d7c
5c98: 6f6e6d6c 6f6e6d6c 6f6e6d6c 6f6e6d6c 7f7e7d7c 7f7e7d7c 7f7e7d7c 7f7e7d7c
5ca0: efeeedec efeeedec efeeedec efeeedec fffefdfc fffefdfc fffefdfc fffefdfc
5ca8: efeeedec efeeedec efeeedec efeeedec fffefdfc fffefdfc fffefdfc fffefdfc
5cb0: efeeedec efeeedec efeeedec efeeedec fffefdfc fffefdfc fffefdfc fffefdfc
5cb8: efeeedec efeeedec efeeedec efeeedec fffefdfc fffefdfc fffefdfc fffefdfc
5cc0: 6f6f6d6d 6f6f6d6d 6f6f6d6d 6f6f6d6d 7f7f7d7d 7f7f7d7d 7f7f7d7d 7f7f7d7d
5cc8: 6f6f6d6d 6f6f6d6d 6f6f6d6d 6f6f6d6d 7f7f7d7d 7f7f7d7d 7f7f7d7d 7f7f7d7d
5cd0: 6f6f6d6d 6f6f6d6d 6f6f6d6d 6f6f6d6d 7f7f7d7d 7f7f7d7d 7f7f7d7d 7f7f7d7d
5cd8: 6f6f6d6d 6f6f6d6d 6f6f6d6d 6f6f6d6d 7f7f7d7d 7f7f7d7d 7f7f7d7d 7f7f7d7d
5ce0: efefeded efefeded efefeded efefeded fffffdfd fffffdfd fffffdfd fffffdfd
5ce8: efefeded efefeded efefeded efefeded fffffdfd fffffdfd fffffdfd fffffdfd
5cf0: efefeded efefeded efefeded efefeded fffffdfd fffffdfd fffffdfd fffffdfd
5cf8: efefeded efefeded efefeded efefeded fffffdfd fffffdfd fffffdfd fffffdfd
5d00: 6f6e6f6e 6f6e6f6e 6f6e6f6e 6f6e6f6e 7f7e7f7e 7f7e7f7e 7f7e7f7e 7f7e7f7e
5d08: 6f6e6f6e 6f6e6f6e 6f6e6f6e 6f6e6f6e 7f7e7f7e 7f7e7f7e 7f7e7f7e 7f7e7f7e
5d10: 6f6e6f6e 6f6e6f6e 6f6e6f6e 6f6e6f6e 7f7e7f7e 7f7e7f7e 7f7e7f7e 7f7e7f7e
5d18: 6f6e6f6e 6f6e6f6e 6f6e6f6e 6f6e6f6e 7f7e7f7e 7f7e7f7e 7f7e7f7e 7f7e7f7e
5d20: efeeefee efeeefee efeeefee efeeefee fffefffe fffefffe fffefffe fffefffe
5d28: efeeefee efeeefee efeeefee efeeefee fffefffe fffefffe fffefffe fffefffe
5d30: efeeefee efeeefee efeeefee efeeefee fffefffe fffefffe fffefffe fffefffe
5d38: efeeefee efeeefee efeeefee efeeefee fffefffe fffefffe fffefffe fffefffe
5d40: 6f6f6f6f 6f6f6f6f 6f6f6f6f 6f6f6f6f 7f7f7f7f 7f7f7f7f 7f7f7f7f 7f7f7f7f
5d48: 6f6f6f6f 6f6f6f6f 6f6f6f6f 6f6f6f6f 7f7f7f7f 7f7f7f7f 7f7f7f7f 7f7f7f7f
5d50: 6f6f6f6f 6f6f6f6f 6f6f6f6f 6f6f6f6f 7f7f7f7f 7f7f7f7f 7f7f7f7f 7f7f7f7f
5d58: 6f6f6f6f 6f6f6f6f 6f6f6f6f 6f6f6f6f 7f7f7f7f 7f7f7f7f 7f7f7f7f 7f7f7f7f
5d60: efefefef efefefef efefefef efefefef ffffffff ffffffff ffffffff ffffffff
5d68: efefefef efefefef efefefef efefefef ffffffff ffffffff ffffffff ffffffff
5d70: efefefef efefefef efefefef efefefef ffffffff ffffffff ffffffff ffffffff
5d78: efefefef efefefef efefefef efefefef ffffffff ffffffff ffffffff ffffffff
5d80: 73727170 77767574 7b7a7978 7f7e7d7c 73727170 77767574 7b7a7978 7f7e7d7c
5d88: 73727170 77767574 7b7a7978 7f7e7d7c 73727170 77767574 7b7a7978 7f7e7d7c
5d90: 73727170 77767574 7b7a7978 7f7e7d7c 73727170 77767574 7b7a7978 7f7e7d7c
5d98: 73727170 77767574 7b7a7978 7f7e7d7c 73727170 77767574 7b7a7978 7f7e7d7c
5da0: f3f2f1f0 f7f6f5f4 fbfaf9f8 fffefdfc f3f2f1f0 f7f6f5f4 fbfaf9f8 fffefdfc
5da8: f3f2f1f0 f7f6f5f4 fbfaf9f8 fffefdfc f3f2f1f0 f7f6f5f4 fbfaf9f8 fffefdfc
5db0: f3f2f1f0 f7f6f5f4 fbfaf9f8 fffefdfc f3f2f1f0 f7f6f5f4 fbfaf9f8 fffefdfc
5db8: f3f2f1f0 f7f6f5f4 fbfaf9f8 fffefdfc f3f2f1f0 f7f6f5f4 fbfaf9f8 fffefdfc
5dc0: 73737171 77777575 7b7b7979 7f7f7d7d 73737171 77777575 7b7b7979 7f7f7d7d
5dc8: 73737171 77777575 7b7b7979 7f7f7d7d 73737171 77777575 7b7b7979 7f7f7d7d
5dd0: 73737171 77777575 7b7b7979 7f7f7d7d 73737171 77777575 7b7b7979 7f7f7d7d
5dd8: 73737171 77777575 7b7b7979 7f7f7d7d 73737171 77777575 7b7b7979 7f7f7d7d
5de0: f3f3f1f1 f7f7f5f5 fbfbf9f9 fffffdfd f3f3f1f1 f7f7f5f5 fbfbf9f9 fffffdfd
5de8: f3f3f1f1 f7f7f5f5 fbfbf9f9 fffffdfd f3f3f1f1 f7f7f5f5 fbfbf9f9 fffffdfd
5df0: f3f3f1f1 f7f7f5f5 fbfbf9f9 fffffdfd f3f3f1f1 f7f7f5f5 fbfbf9f9 fffffdfd
5df8: f3f3f1f1 f7f7f5f5 fbfbf9f9 fffffdfd f3f3f1f1 f7f7f5f5 fbfbf9f9 fffffdfd
5e00: 73727372 77767776 7b7a7b7a 7f7e7f7e 73727372 77767776 7b7a7b7a 7f7e7f7e
5e08: 73727372 77767776 7b7a7b7a 7f7e7f7e 73727372 77767776 7b7a7b7a 7f7e7f7e
5e10: 73727372 77767776 7b7a7b7a 7f7e7f7e 73727372 77767776 7b7a7b7a 7f7e7f7e
5e18: 73727372 77767776 7b7a7b7a 7f7e7f7e 73727372 77767776 7b7a7b7a 7f7e7f7e
5e20: f3f2f3f2 f7f6f7f6 fbfafbfa fffefffe f3f2f3f2 f7f6f7f6 fbfafbfa fffefffe
5e28: f3f2f3f2 f7f6f7f6 fbfafbfa fffefffe f3f2f3f2 f7f6f7f6 fbfafbfa fffefffe
5e30: f3f2f3f2 f7f6f7f6 fbfafbfa fffefffe f3f2f3f2 f7f6f7f6 fbfafbfa fffefffe
5e38: f3f2f3f2 f7f6f7f6 fbfafbfa fffefffe f3f2f3f2 f7f6f7f6 fbfafbfa fffefffe
5e40: 73737373 77777777 7b7b7b7b 7f7f7f7f 73737373 77777777 7b7b7b7b 7f7f7f7f
5e48: 73737373 77777777 7b7b7b7b 7f7f7f7f 73737373 77777777 7b7b7b7b 7f7f7f7f
5e50: 73737373 77777777 7b7b7b7b 7f7f7f7f 73737373 77777777 7b7b7b7b 7f7f7f7f
5e58: 73737373 77777777 7b7b7b7b 7f7f7f7f 73737373 77777777 7b7b7b7b 7f7f7f7f
5e60: f3f3f3f3 f7f7f7f7 fbfbfbfb ffffffff f3f3f3f3 f7f7f7f7 fbfbfbfb ffffffff
5e68: f3f3f3f3 f7f7f7f7 fbfbfbfb ffffffff f3f3f3f3 f7f7f7f7 fbfbfbfb ffffffff
5e70: f3f3f3f3 f7f7f7f7 fbfbfbfb ffffffff f3f3f3f3 f7f7f7f7 fbfbfbfb ffffffff
5e78: f3f3f3f3 f7f7f7f7 fbfbfbfb ffffffff f3f3f3f3 f7f7f7f7 fbfbfbfb ffffffff
5e80: 77767574 77767574 7f7e7d7c 7f7e7d7c 77767574 77767574 7f7e7d7c 7f7e7d7c
5e88: 77767574 77767574 7f7e7d7c 7f7e7d7c 77767574 77767574 7f7e7d7c 7f7e7d7c
5e90: 77767574 77767574 7f7e7d7c 7f7e7d7c 77767574 77767574 7f7e7d7c 7f7e7d7c
5e98: 77767574 77767574 7f7e7d7c 7f7e7d7c 77767574 77767574 7f7e7d7c 7f7e7d7c
5ea0: f7f6f5f4 f7f6f5f4 fffefdfc fffefdfc f7f6f5f4 f7f6f5f4 fffefdfc fffefdfc
5ea8: f7f6f5f4 f7f6f5f4 fffefdfc fffefdfc f7f6f5f4 f7f6f5f4 fffefdfc fffefdfc
5eb0: f7f6f5f4 f7f6f5f4 fffefdfc fffefdfc f7f6f5f4 f7f6f5f4 fffefdfc fffefdfc
5eb8: f7f6f5f4 f7f6f5f4 fffefdfc fffefdfc f7f6f5f4 f7f6f5f4 fffefdfc fffefdfc
5ec0: 77777575 77777575 7f7f7d7d 7f7f7d7d 77777575 77777575 7f7f7d7d 7f7f7d7d
5ec8: 77777575 77777575 7f7f7d7d 7f7f7d7d 77777575 77777575 7f7f7d7d 7f7f7d7d
5ed0: 77777575 77777575 7f7f7d7d 7f7f7d7d 77777575 77777575 7f7f7d7d 7f7f7d7d
5ed8: 77777575 77777575 7f7f7d7d 7f7f7d7d 77777575 77777575 7f7f7d7d 7f7f7d7d
5ee0: f7f7f5f5 f7f7f5f5 fffffdfd fffffdfd f7f7f5f5 f7f7f5f5 fffffdfd fffffdfd
5ee8: f7f7f5f5 f7f7f5f5 fffffdfd fffffdfd f7f7f5f5 f7f7f5f5 fffffdfd fffffdfd
5ef0: f7f7f5f5 f7f7f5f5 fffffdfd fffffdfd f7f7f5f5 f7f7f5f5 fffffdfd fffffdfd
5ef8: f7f7f5f5 f7f7f5f5 fffffdfd fffffdfd f7f7f5f5 f7f7f5f5 fffffdfd fffffdfd
5f00: 77767776 77767776 7f7e7f7e 7f7e7f7e 77767776 77767776 7f7e7f7e 7f7e7f7e
5f08: 77767776 77767776 7f7e7f7e 7f7e7f7e 77767776 77767776 7f7e7f7e 7f7e7f7e
5f10: 77767776 77767776 7f7e7f7e 7f7e7f7e 77767776 77767776 7f7e7f7e 7f7e7f7e
5f18: 77767776 77767776 7f7e7f7e 7f7e7f7e 77767776 77767776 7f7e7f7e 7f7e7f7e
5f20: f7f6f7f6 f7f6f7f6 fffefffe fffefffe f7f6f7f6 f7f6f7f6 fffefffe fffefffe
5f28: f7f6f7f6 f7f6f7f6 fffefffe fffefffe f7f6f7f6 f7f6f7f6 fffefffe fffefffe
5f30: f7f6f7f6 f7f6f7f6 fffefffe fffefffe f7f6f7f6 f7f6f7f6 fffefffe fffefffe
5f38: f7f6f7f6 f7f6f7f6 fffefffe fffefffe f7f6f7f6 f7f6f7f6 fffefffe fffefffe
5f40: 77777777 77777777 7f7f7f7f 7f7f7f7f 77777777 77777777 7f7f7f7f 7f7f7f7f
5f48: 77777777 77777777 7f7f7f7f 7f7f7f7f 77777777 77777777 7f7f7f7f 7f7f7f7f
5f50: 77777777 77777777 7f7f7f7f 7f7f7f7f 77777777 77777777 7f7f7f7f 7f7f7f7f
5f58: 77777777 77777777 7f7f7f7f 7f7f7f7f 77777777 77777777 7f7f7f7f 7f7f7f7f
5f60: f7f7f7f7 f7f7f7f7 ffffffff ffffffff f7f7f7f7 f7f7f7f7 ffffffff ffffffff
5f68: f7f7f7f7 f7f7f7f7 ffffffff ffffffff f7f7f7f7 f7f7f7f7 ffffffff ffffffff
5f70: f7f7f7f7 f7f7f7f7 ffffffff ffffffff f7f7f7f7 f7f7f7f7 ffffffff ffffffff
5f78: f7f7f7f7 f7f7f7f7 ffffffff ffffffff f7f7f7f7 f7f7f7f7 ffffffff ffffffff
5f80: 7b7a7978 7f7e7d7c 7b7a7978 7f7e7d7c 7b7a7978 7f7e7d7c 7b7a7978 7f7e7d7c
5f88: 7b7a7978 7f7e7d7c 7b7a7978 7f7e7d7c 7b7a7978 7f7e7d7c 7b7a7978 7f7e7d7c
5f90: 7b7a7978 7f7e7d7c 7b7a7978 7f7e7d7c 7b7a7978 7f7e7d7c 7b7a7978 7f7e7d7c
5f98: 7b7a7978 7f7e7d7c 7b7a7978 7f7e7d7c 7b7a7978 7f7e7d7c 7b7a7978 7f7e7d7c
5fa0: fbfaf9f8 fffefdfc fbfaf9f8 fffefdfc fbfaf9f8 fffefdfc fbfaf9f8 fffefdfc
5fa8: fbfaf9f8 fffefdfc fbfaf9f8 fffefdfc fbfaf9f8 fffefdfc fbfaf9f8 fffefdfc
5fb0: fbfaf9f8 fffefdfc fbfaf9f8 fffefdfc fbfaf9f8 fffefdfc fbfaf9f8 fffefdfc
5fb8: fbfaf9f8 fffefdfc fbfaf9f8 fffefdfc fbfaf9f8 fffefdfc fbfaf9f8 fffefdfc
5fc0: 7b7b7979 7f7f7d7d 7b7b7979 7f7f7d7d 7b7b7979 7f7f7d7d 7b7b7979 7f7f7d7d
5fc8: 7b7b7979 7f7f7d7d 7b7b7979 7f7f7d7d 7b7b7979 7f7f7d7d 7b7b7979 7f7f7d7d
5fd0: 7b7b7979 7f7f7d7d 7b7b7979 7f7f7d7d 7b7b7979 7f7f7d7d 7b7b7979 7f7f7d7d
5fd8: 7b7b7979 7f7f7d7d 7b7b7979 7f7f7d7d 7b7b7979 7f7f7d7d 7b7b7979 7f7f7d7d
5fe0: fbfbf9f9 fffffdfd fbfbf9f9 fffffdfd fbfbf9f9 fffffdfd fbfbf9f9 fffffdfd
5fe8: fbfbf9f9 fffffdfd fbfbf9f9 fffffdfd fbfbf9f9 fffffdfd fbfbf9f9 fffffdfd
5ff0: fbfbf9f9 fffffdfd fbfbf9f9 fffffdfd fbfbf9f9 fffffdfd fbfbf9f9 fffffdfd
5ff8: fbfbf9f9 fffffdfd fbfbf9f9 fffffdfd fbfbf9f9 fffffdfd fbfbf9f9 fffffdfd
6000: 7b7a7b7a 7f7e7f7e 7b7a7b7a 7f7e7f7e 7b7a7b7a 7f7e7f7e 7b7a7b7a 7f7e7f7e
6008: 7b7a7b7a 7f7e7f7e 7b7a7b7a 7f7e7f7e 7b7a7b7a 7f7e7f7e 7b7a7b7a 7f7e7f7e
6010: 7b7a7b7a 7f7e7f7e 7b7a7b7a 7f7e7f7e 7b7a7b7a 7f7e7f7e 7b7a7b7a 7f7e7f7e
6018: 7b7a7b7a 7f7e7f7e 7b7a7b7a 7f7e7f7e 7b7a7b7a 7f7e7f7e 7b7a7b7a 7f7e7f7e
6020: fbfafbfa fffefffe fbfafbfa fffefffe fbfafbfa fffefffe fbfafbfa fffefffe
6028: fbfafbfa fffefffe fbfafbfa fffefffe fbfafbfa fffefffe fbfafbfa fffefffe
6030: fbfafbfa fffefffe fbfafbfa fffefffe fbfafbfa fffefffe fbfafbfa fffefffe
6038: fbfafbfa fffefffe fbfafbfa fffefffe fbfafbfa fffefffe fbfafbfa fffefffe
6040: 7b7b7b7b 7f7f7f7f 7b7b7b7b 7f7f7f7f 7b7b7b7b 7f7f7f7f 7b7b7b7b 7f7f7f7f
6048: 7b7b7b7b 7f7f7f7f 7b7b7b7b 7f7f7f7f 7b7b7b7b 7f7f7f7f 7b7b7b7b 7f7f7f7f
6050: 7b7b7b7b 7f7f7f7f 7b7b7b7b 7f7f7f7f 7b7b7b7b 7f7f7f7f 7b7b7b7b 7f7f7f7f
6058: 7b7b7b7b 7f7f7f7f 7b7b7b7b 7f7f7f7f 7b7b7b7b 7f7f7f7f 7b7b7b7b 7f7f7f7f
6060: fbfbfbfb ffffffff fbfbfbfb ffffffff fbfbfbfb ffffffff fbfbfbfb ffffffff
6068: fbfbfbfb ffffffff fbfbfbfb ffffffff fbfbfbfb ffffffff fbfbfbfb ffffffff
6070: fbfbfbfb ffffffff fbfbfbfb ffffffff fbfbfbfb ffffffff fbfbfbfb ffffffff
6078: fbfbfbfb ffffffff fbfbfbfb ffffffff fbfbfbfb ffffffff fbfbfbfb ffffffff
6080: 7f7e7d7c 7f7e7d7c 7f7e7d7c 7f7e7d7c 7f7e7d7c 7f7e7d7c 7f7e7d7c 7f7e7d7c
6088: 7f7e7d7c 7f7e7d7c 7f7e7d7c 7f7e7d7c 7f7e7d7c 7f7e7d7c 7f7e7d7c 7f7e7d7c
6090: 7f7e7d7c 7f7e7d7c 7f7e7d7c 7f7e7d7c 7f7e7d7c 7f7e7d7c 7f7e7d7c 7f7e7d7c
6098: 7f7e7d7c 7f7e7d7c 7f7e7d7c 7f7e7d7c 7f7e7d7c 7f7e7d7c 7f7e7d7c 7f7e7d7c
60a0: fffefdfc fffefdfc fffefdfc fffefdfc fffefdfc fffefdfc fffefdfc fffefdfc
60a8: fffefdfc fffefdfc fffefdfc fffefdfc fffefdfc fffefdfc fffefdfc fffefdfc
60b0: fffefdfc fffefdfc fffefdfc fffefdfc fffefdfc fffefdfc fffefdfc fffefdfc
60b8: fffefdfc fffefdfc fffefdfc fffefdfc fffefdfc fffefdfc fffefdfc fffefdfc
60c0: 7f7f7d7d 7f7f7d7d 7f7f7d7d 7f7f7d7d 7f7f7d7d 7f7f7d7d 7f7f7d7d 7f7f7d7d
60c8: 7f7f7d7d 7f7f7d7d 7f7f7d7d 7f7f7d7d 7f7f7d7d 7f7f7d7d 7f7f7d7d 7f7f7d7d
60d0: 7f7f7d7d 7f7f7d7d 7f7f7d7d 7f7f7d7d 7f7f7d7d 7f7f7d7d 7f7f7d7d 7f7f7d7d
60d8: 7f7f7d7d 7f7f7d7d 7f7f7d7d 7f7f7d7d 7f7f7d7d 7f7f7d7d 7f7f7d7d 7f7f7d7d
60e0: fffffdfd fffffdfd fffffdfd fffffdfd fffffdfd fffffdfd fffffdfd fffffdfd
60e8: fffffdfd fffffdfd fffffdfd fffffdfd fffffdfd fffffdfd fffffdfd fffffdfd
60f0: fffffdfd fffffdfd fffffdfd fffffdfd fffffdfd fffffdfd fffffdfd fffffdfd
60f8: fffffdfd fffffdfd fffffdfd fffffdfd fffffdfd fffffdfd fffffdfd fffffdfd
6100: 7f7e7f7e 7f7e7f7e 7f7e7f7e 7f7e7f7e 7f7e7f7e 7f7e7f7e 7f7e7f7e 7f7e7f7e
6108: 7f7e7f7e 7f7e7f7e 7f7e7f7e 7f7e7f7e 7f7e7f7e 7f7e7f7e 7f7e7f7e 7f7e7f7e
6110: 7f7e7f7e 7f7e7f7e 7f7e7f7e 7f7e7f7e 7f7e7f7e 7f7e7f7e 7f7e7f7e 7f7e7f7e
6118: 7f7e7f7e 7f7e7f7e 7f7e7f7e 7f7e7f7e 7f7e7f7e 7f7e7f7e 7f7e7f7e 7f7e7f7e
6120: fffefffe fffefffe fffefffe fffefffe fffefffe fffefffe fffefffe fffefffe
6128: fffefffe fffefffe fffefffe fffefffe fffefffe fffefffe fffefffe fffefffe
6130: fffefffe fffefffe fffefffe fffefffe fffefffe fffefffe fffefffe fffefffe
6138: fffefffe fffefffe fffefffe fffefffe fffefffe fffefffe fffefffe fffefffe
6140: 7f7f7f7f 7f7f7f7f 7f7f7f7f 7f7f7f7f 7f7f7f7f 7f7f7f7f 7f7f7f7f 7f7f7f7f
6148: 7f7f7f7f 7f7f7f7f 7f7f7f7f 7f7f7f7f 7f7f7f7f 7f7f7f7f 7f7f7f7f 7f7f7f7f
6150: 7f7f7f7f 7f7f7f7f 7f7f7f7f 7f7f7f7f 7f7f7f7f 7f7f7f7f 7f7f7f7f 7f7f7f7f
6158: 7f7f7f7f 7f7f7f7f 7f7f7f7f 7f7f7f7f 7f7f7f7f 7f7f7f7f 7f7f7f7f 7f7f7f7f
6160: ffffffff ffffffff ffffffff ffffffff ffffffff ffffffff ffffffff ffffffff
6168: ffffffff ffffffff ffffffff ffffffff ffffffff ffffffff ffffffff ffffffff
6170: ffffffff ffffffff ffffffff ffffffff ffffffff ffffffff ffffffff ffffffff
6178: ffffffff ffffffff ffffffff ffffffff ffffffff ffffffff ffffffff ffffffff
6180: 83828180 87868584 8b8a8988 8f8e8d8c 93929190 97969594 9b9a9998 9f9e9d9c
6188: a3a2a1a0 a7a6a5a4 abaaa9a8 afaeadac b3b2b1b0 b7b6b5b4 bbbab9b8 bfbebdbc
6190: c3c2c1c0 c7c6c5c4 cbcac9c8 cfcecdcc d3d2d1d0 d7d6d5d4 dbdad9d8 dfdedddc
6198: e3e2e1e0 e7e6e5e4 ebeae9e8 efeeedec f3f2f1f0 f7f6f5f4 fbfaf9f8 fffefdfc
61a0: 83828180 87868584 8b8a8988 8f8e8d8c 93929190 97969594 9b9a9998 9f9e9d9c
61a8: a3a2a1a0 a7a6a5a4 abaaa9a8 afaeadac b3b2b1b0 b7b6b5b4 bbbab9b8 bfbebdbc
61b0: c3c2c1c0 c7c6c5c4 cbcac9c8 cfcecdcc d3d2d1d0 d7d6d5d4 dbdad9d8 dfdedddc
61b8: e3e2e1e0 e7e6e5e4 ebeae9e8 efeeedec f3f2f1f0 f7f6f5f4 fbfaf9f8 fffefdfc
61c0: 83838181 87878585 8b8b8989 8f8f8d8d 93939191 97979595 9b9b9999 9f9f9d9d
61c8: a3a3a1a1 a7a7a5a5 ababa9a9 afafadad b3b3b1b1 b7b7b5b5 bbbbb9b9 bfbfbdbd
61d0: c3c3c1c1 c7c7c5c5 cbcbc9c9 cfcfcdcd d3d3d1d1 d7d7d5d5 dbdbd9d9 dfdfdddd
61d8: e3e3e1e1 e7e7e5e5 ebebe9e9 efefeded f3f3f1f1 f7f7f5f5 fbfbf9f9 fffffdfd
61e0: 83838181 87878585 8b8b8989 8f8f8d8d 93939191 97979595 9b9b9999 9f9f9d9d
61e8: a3a3a1a1 a7a7a5a5 ababa9a9 afafadad b3b3b1b1 b7b7b5b5 bbbbb9b9 bfbfbdbd
61f0: c3c3c1c1 c7c7c5c5 cbcbc9c9 cfcfcdcd d3d3d1d1 d7d7d5d5 dbdbd9d9 dfdfdddd
61f8: e3e3e1e1 e7e7e5e5 ebebe9e9 efefeded f3f3f1f1 f7f7f5f5 fbfbf9f9 fffffdfd
6200: 83828382 87868786 8b8a8b8a 8f8e8f8e 93929392 97969796 9b9a9b9a 9f9e9f9e
6208: a3a2a3a2 a7a6a7a6 abaaabaa afaeafae b3b2b3b2 b7b6b7b6 bbbabbba bfbebfbe
6210: c3c2c3c2 c7c6c7c6 cbcacbca cfcecfce d3d2d3d2 d7d6d7d6 dbdadbda dfdedfde
6218: e3e2e3e2 e7e6e7e6 ebeaebea efeeefee f3f2f3f2 f7f6f7f6 fbfafbfa fffefffe
6220: 83828382 87868786 8b8a8b8a 8f8e8f8e 93929392 97969796 9b9a9b9a 9f9e9f9e
6228: a3a2a3a2 a7a6a7a6 abaaabaa afaeafae b3b2b3b2 b7b6b7b6 bbbabbba bfbebfbe
6230: c3c2c3c2 c7c6c7c6 cbcacbca cfcecfce d3d2d3d2 d7d6d7d6 dbdadbda dfdedfde
6238: e3e2e3e2 e7e6e7e6 ebeaebea efeeefee f3f2f3f2 f7f6f7f6 fbfafbfa fffefffe
6240: 83838383 87878787 8b8b8b8b 8f8f8f8f 93939393 97979797 9b9b9b9b 9f9f9f9f
6248: a3a3a3a3 a7a7a7a7 abababab afafafaf b3b3b3b3 b7b7b7b7 bbbbbbbb bfbfbfbf
6250: c3c3c3c3 c7c7c7c7 cbcbcbcb cfcfcfcf d3d3d3d3 d7d7d7d7 dbdbdbdb dfdfdfdf
6258: e3e3e3e3 e7e7e7e7 ebebebeb efefefef f3f3f3f3 f7f7f7f7 fbfbfbfb ffffffff
6260: 83838383 87878787 8b8b8b8b 8f8f8f8f 93939393 97979797 9b9b9b9b 9f9f9f9f
6268: a3a3a3a3 a7a7a7a7 abababab afafafaf b3b3b3b3 b7b7b7b7 bbbbbbbb bfbfbfbf
6270: c3c3c3c3 c7c7c7c7 cbcbcbcb cfcfcfcf d3d3d3d3 d7d7d7d7 dbdbdbdb dfdfdfdf
6278: e3e3e3e3 e7e7e7e7 ebebebeb efefefef f3f3f3f3 f7f7f7f7 fbfbfbfb ffffffff
6280: 87868584 87868584 8f8e8d8c 8f8e8d8c 97969594 97969594 9f9e9d9c 9f9e9d9c
6288: a7a6a5a4 a7a6a5a4 afaeadac afaeadac b7b6b5b4 b7b6b5b4 bfbebdbc bfbebdbc
6290: c7c6c5c4 c7c6c5c4 cfcecdcc cfcecdcc d7d6d5d4 d7d6d5d4 dfdedddc dfdedddc
6298: e7e6e5e4 e7e6e5e4 efeeedec efeeedec f7f6f5f4 f7f6f5f4 fffefdfc fffefdfc
62a0: 87868584 87868584 8f8e8d8c 8f8e8d8c 97969594 97969594 9f9e9d9c 9f9e9d9c
62a8: a7a6a5a4 a7a6a5a4 afaeadac afaeadac b7b6b5b4 b7b6b5b4 bfbebdbc bfbebdbc
62b0: c7c6c5c4 c7c6c5c4 cfcecdcc cfcecdcc d7d6d5d4 d7d6d5d4 dfdedddc dfdedddc
62b8: e7e6e5e4 e7e6e5e4 efeeedec efeeedec f7f6f5f4 f7f6f5f4 fffefdfc fffefdfc
62c0: 87878585 87878585 8f8f8d8d 8f8f8d8d 97979595 97979595 9f9f9d9d 9f9f9d9d
62c8: a7a7a5a5 a7a7a5a5 afafadad afafadad b7b7b5b5 b7b7b5b5 bfbfbdbd bfbfbdbd
62d0: c7c7c5c5 c7c7c5c5 cfcfcdcd cfcfcdcd d7d7d5d5 d7d7d5d5 dfdfdddd dfdfdddd
62d8: e7e7e5e5 e7e7e5e5 efefeded efefeded f7f7f5f5 f7f7f5f5 fffffdfd fffffdfd
62e0: 87878585 87878585 8f8f8d8d 8f8f8d8d 97979595 97979595 9f9f9d9d 9f9f9d9d
62e8: a7a7a5a5 a7a7a5a5 afafadad afafadad b7b7b5b5 b7b7b5b5 bfbfbdbd bfbfbdbd
62f0: c7c7c5c5 c7c7c5c5 cfcfcdcd cfcfcdcd d7d7d5d5 d7d7d5d5 dfdfdddd dfdfdddd
62f8: e7e7e5e5 e7e7e5e5 efefeded efefeded f7f7f5f5 f7f7f5f5 fffffdfd fffffdfd
6300: 87868786 87868786 8f8e8f8e 8f8e8f8e 97969796 97969796 9f9e9f9e 9f9e9f9e
6308: a7a6a7a6 a7a6a7a6 afaeafae afaeafae b7b6b7b6 b7b6b7b6 bfbebfbe bfbebfbe
6310: c7c6c7c6 c7c6c7c6 cfcecfce cfcecfce d7d6d7d6 d7d6d7d6 dfdedfde dfdedfde
6318: e7e6e7e6 e7e6e7e6 efeeefee efeeefee f7f6f7f6 f7f6f7f6 fffefffe fffefffe
6320: 87868786 87868786 8f8e8f8e 8f8e8f8e 97969796 97969796 9f9e9f9e 9f9e9f9e
6328: a7a6a7a6 a7a6a7a6 afaeafae afaeafae b7b6b7b6 b7b6b7b6 bfbebfbe bfbebfbe
6330: c7c6c7c6 c7c6c7c6 cfcecfce cfcecfce d7d6d7d6 d7d6d7d6 dfdedfde dfdedfde
6338: e7e6e7e6 e7e6e7e6 efeeefee efeeefee f7f6f7f6 f7f6f7f6 fffefffe fffefffe
6340: 87878787 87878787 8f8f8f8f 8f8f8f8f 97979797 97979797 9f9f9f9f 9f9f9f9f
6348: a7a7a7a7 a7a7a7a7 afafafaf afafafaf b7b7b7b7 b7b7b7b7 bfbfbfbf bfbfbfbf
6350: c7c7c7c7 c7c7c7c7 cfcfcfcf cfcfcfcf d7d7d7d7 d7d7d7d7 dfdfdfdf dfdfdfdf
6358: e7e7e7e7 e7e7e7e7 efefefef efefefef f7f7f7f7 f7f7f7f7 ffffffff ffffffff
6360: 87878787 87878787 8f8f8f8f 8f8f8f8f 97979797 97979797 9f9f9f9f 9f9f9f9f
6368: a7a7a7a7 a7a7a7a7 afafafaf afafafaf b7b7b7b7 b7b7b7b7 bfbfbfbf bfbfbfbf
6370: c7c7c7c7 c7c7c7c7 cfcfcfcf cfcfcfcf d7d7d7d7 d7d7d7d7 dfdfdfdf dfdfdfdf
6378: e7e7e7e7 e7e7e7e7 efefefef efefefef f7f7f7f7 f7f7f7f7 ffffffff ffffffff
6380: 8b8a8988 8f8e8d8c 8b8a8988 8f8e8d8c 9b9a9998 9f9e9d9c 9b9a9998 9f9e9d9c
6388: abaaa9a8 afaeadac abaaa9a8 afaeadac bbbab9b8 bfbebdbc bbbab9b8 bfbebdbc
6390: cbcac9c8 cfcecdcc cbcac9c8 cfcecdcc dbdad9d8 dfdedddc dbdad9d8 dfdedddc
6398: ebeae9e8 efeeedec ebeae9e8 efeeedec fbfaf9f8 fffefdfc fbfaf9f8 fffefdfc
63a0: 8b8a8988 8f8e8d8c 8b8a8988 8f8e8d8c 9b9a9998 9f9e9d9c 9b9a9998 9f9e9d9c
63a8: abaaa9a8 afaeadac abaaa9a8 afaeadac bbbab9b8 bfbebdbc bbbab9b8 bfbebdbc
63b0: cbcac9c8 cfcecdcc cbcac9c8 cfcecdcc dbdad9d8 dfdedddc dbdad9d8 dfdedddc
63b8: ebeae9e8 efeeedec ebeae9e8 efeeedec fbfaf9f8 fffefdfc fbfaf9f8 fffefdfc
63c0: 8b8b8989 8f8f8d8d 8b8b8989 8f8f8d8d 9b9b9999 9f9f9d9d 9b9b9999 9f9f9d9d
63c8: ababa9a9 afafadad ababa9a9 afafadad bbbbb9b9 bfbfbdbd bbbbb9b9 bfbfbdbd
63d0: cbcbc9c9 cfcfcdcd cbcbc9c9 cfcfcdcd dbdbd9d9 dfdfdddd dbdbd9d9 dfdfdddd
63d8: ebebe9e9 efefeded ebebe9e9 efefeded fbfbf9f9 fffffdfd fbfbf9f9 fffffdfd
63e0: 8b8b8989 8f8f8d8d 8b8b8989 8f8f8d8d 9b9b9999 9f9f9d9d 9b9b9999 9f9f9d9d
63e8: ababa9a9 afafadad ababa9a9 afafadad bbbbb9b9 bfbfbdbd bbbbb9b9 bfbfbdbd
63f0: cbcbc9c9 cfcfcdcd cbcbc9c9 cfcfcdcd dbdbd9d9 dfdfdddd dbdbd9d9 dfdfdddd
63f8: ebebe9e9 efefeded ebebe9e9 efefeded fbfbf9f9 fffffdfd fbfbf9f9 fffffdfd
6400: 8b8a8b8a 8f8e8f8e 8b8a8b8a 8f8e8f8e 9b9a9b9a 9f9e9f9e 9b9a9b9a 9f9e9f9e
6408: abaaabaa afaeafae abaaabaa afaeafae bbbabbba bfbebfbe bbbabbba bfbebfbe
6410: cbcacbca cfcecfce cbcacbca cfcecfce dbdadbda dfdedfde dbdadbda dfdedfde
6418: ebeaebea efeeefee ebeaebea efeeefee fbfafbfa fffefffe fbfafbfa fffefffe
6420: 8b8a8b8a 8f8e8f8e 8b8a8b8a 8f8e8f8e 9b9a9b9a 9f9e9f9e 9b9a9b9a 9f9e9f9e
6428: abaaabaa afaeafae abaaabaa afaeafae bbbabbba bfbebfbe bbbabbba bfbebfbe
6430: cbcacbca cfcecfce cbcacbca cfcecfce dbdadbda dfdedfde dbdadbda dfdedfde
6438: ebeaebea efeeefee ebeaebea efeeefee fbfafbfa fffefffe fbfafbfa fffefffe
6440: 8b8b8b8b 8f8f8f8f 8b8b8b8b 8f8f8f8f 9b9b9b9b 9f9f9f9f 9b9b9b9b 9f9f9f9f
6448: abababab afafafaf abababab afafafaf bbbbbbbb bfbfbfbf bbbbbbbb bfbfbfbf
6450: cbcbcbcb cfcfcfcf cbcbcbcb cfcfcfcf dbdbdbdb dfdfdfdf dbdbdbdb dfdfdfdf
6458: ebebebeb efefefef ebebebeb efefefef fbfbfbfb ffffffff fbfbfbfb ffffffff
6460: 8b8b8b8b 8f8f8f8f 8b8b8b8b 8f8f8f8f 9b9b9b9b 9f9f9f9f 9b9b9b9b 9f9f9f9f
6468: abababab afafafaf abababab afafafaf bbbbbbbb bfbfbfbf bbbbbbbb bfbfbfbf
6470: cbcbcbcb cfcfcfcf cbcbcbcb cfcfcfcf dbdbdbdb dfdfdfdf dbdbdbdb dfdfdfdf
6478: ebebebeb efefefef ebebebeb efefefef fbfbfbfb ffffffff fbfbfbfb ffffffff
6480: 8f8e8d8c 8f8e8d8c 8f8e8d8c 8f8e8d8c 9f9e9d9c 9f9e9d9c 9f9e9d9c 9f9e9d9c
6488: afaeadac afaeadac afaeadac afaeadac bfbebdbc bfbebdbc bfbebdbc bfbebdbc
6490: cfcecdcc cfcecdcc cfcecdcc cfcecdcc dfdedddc dfdedddc dfdedddc dfdedddc
6498: efeeedec efeeedec efeeedec efeeedec fffefdfc fffefdfc fffefdfc fffefdfc
64a0: 8f8e8d8c 8f8e8d8c 8f8e8d8c 8f8e8d8c 9f9e9d9c 9f9e9d9c 9f9e9d9c 9f9e9d9c
64a8: afaeadac afaeadac afaeadac afaeadac bfbebdbc bfbebdbc bfbebdbc bfbebdbc
64b0: cfcecdcc cfcecdcc cfcecdcc cfcecdcc dfdedddc dfdedddc dfdedddc dfdedddc
64b8: efeeedec efeeedec efeeedec efeeedec fffefdfc fffefdfc fffefdfc fffefdfc
64c0: 8f8f8d8d 8f8f8d8d 8f8f8d8d 8f8f8d8d 9f9f9d9d 9f9f9d9d 9f9f9d9d 9f9f9d9d
64c8: afafadad afafadad afafadad afafadad bfbfbdbd bfbfbdbd bfbfbdbd bfbfbdbd
64d0: cfcfcdcd cfcfcdcd cfcfcdcd cfcfcdcd dfdfdddd dfdfdddd dfdfdddd dfdfdddd
64d8: efefeded efefeded efefeded efefeded fffffdfd fffffdfd fffffdfd fffffdfd
64e0: 8f8f8d8d 8f8f8d8d 8f8f8d8d 8f8f8d8d 9f9f9d9d 9f9f9d9d 9f9f9d9d 9f9f9d9d
64e8: afafadad afafadad afafadad afafadad bfbfbdbd bfbfbdbd bfbfbdbd bfbfbdbd
64f0: cfcfcdcd cfcfcdcd cfcfcdcd cfcfcdcd dfdfdddd dfdfdddd dfdfdddd dfdfdddd
64f8: efefeded efefeded efefeded efefeded fffffdfd fffffdfd fffffdfd fffffdfd
6500: 8f8e8f8e 8f8e8f8e 8f8e8f8e 8f8e8f8e 9f9e9f9e 9f9e9f9e 9f9e9f9e 9f9e9f9e
6508: afaeafae afaeafae afaeafae afaeafae bfbebfbe bfbebfbe bfbebfbe bfbebfbe
6510: cfcecfce cfcecfce cfcecfce cfcecfce dfdedfde dfdedfde dfdedfde dfdedfde
6518: efeeefee efeeefee efeeefee efeeefee fffefffe fffefffe fffefffe fffefffe
6520: 8f8e8f8e 8f8e8f8e 8f8e8f8e 8f8e8f8e 9f9e9f9e 9f9e9f9e 9f9e9f9e 9f9e9f9e
6528: afaeafae afaeafae afaeafae afaeafae bfbebfbe bfbebfbe bfbebfbe bfbebfbe
6530: cfcecfce cfcecfce cfcecfce cfcecfce dfdedfde dfdedfde dfdedfde dfdedfde
6538: efeeefee efeeefee efeeefee efeeefee fffefffe fffefffe fffefffe fffefffe
6540: 8f8f8f8f 8f8f8f8f 8f8f8f8f 8f8f8f8f 9f9f9f9f 9f9f9f9f 9f9f9f9f 9f9f9f9f
6548: afafafaf afafafaf afafafaf afafafaf bfbfbfbf bfbfbfbf bfbfbfbf bfbfbfbf
6550: cfcfcfcf cfcfcfcf cfcfcfcf cfcfcfcf dfdfdfdf dfdfdfdf dfdfdfdf dfdfdfdf
6558: efefefef efefefef efefefef efefefef ffffffff ffffffff ffffffff ffffffff
6560: 8f8f8f8f 8f8f8f8f 8f8f8f8f 8f8f8f8f 9f9f9f9f 9f9f9f9f 9f9f9f9f 9f9f9f9f
6568: afafafaf afafafaf afafafaf afafafaf bfbfbfbf bfbfbfbf bfbfbfbf bfbfbfbf
6570: cfcfcfcf cfcfcfcf cfcfcfcf cfcfcfcf dfdfdfdf dfdfdfdf dfdfdfdf dfdfdfdf
6578: efefefef efefefef efefefef efefefef ffffffff ffffffff ffffffff ffffffff
6580: 93929190 97969594 9b9a9998 9f9e9d9c 93929190 97969594 9b9a9998 9f9e9d9c
6588: b3b2b1b0 b7b6b5b4 bbbab9b8 bfbebdbc b3b2b1b0 b7b6b5b4 bbbab9b8 bfbebdbc
6590: d3d2d1d0 d7d6d5d4 dbdad9d8 dfdedddc d3d2d1d0 d7d6d5d4 dbdad9d8 dfdedddc
6598: f3f2f1f0 f7f6f5f4 fbfaf9f8 fffefdfc f3f2f1f0 f7f6f5f4 fbfaf9f8 fffefdfc
65a0: 93929190 97969594 9b9a9998 9f9e9d9c 93929190 97969594 9b9a9998 9f9e9d9c
65a8: b3b2b1b0 b7b6b5b4 bbbab9b8 bfbebdbc b3b2b1b0 b7b6b5b4 bbbab9b8 bfbebdbc
65b0: d3d2d1d0 d7d6d5d4 dbdad9d8 dfdedddc d3d2d1d0 d7d6d5d4 dbdad9d8 dfdedddc
65b8: f3f2f1f0 f7f6f5f4 fbfaf9f8 fffefdfc f3f2f1f0 f7f6f5f4 fbfaf9f8 fffefdfc
65c0: 93939191 97979595 9b9b9999 9f9f9d9d 93939191 97979595 9b9b9999 9f9f9d9d
65c8: b3b3b1b1 b7b7b5b5 bbbbb9b9 bfbfbdbd b3b3b1b1 b7b7b5b5 bbbbb9b9 bfbfbdbd
65d0: d3d3d1d1 d7d7d5d5 dbdbd9d9 dfdfdddd d3d3d1d1 d7d7d5d5 dbdbd9d9 dfdfdddd
65d8: f3f3f1f1 f7f7f5f5 fbfbf9f9 fffffdfd f3f3f1f1 f7f7f5f5 fbfbf9f9 fffffdfd
65e0: 93939191 97979595 9b9b9999 9f9f9d9d 93939191 97979595 9b9b9999 9f9f9d9d
65e8: b3b3b1b1 b7b7b5b5 bbbbb9b9 bfbfbdbd b3b3b1b1 b7b7b5b5 bbbbb9b9 bfbfbdbd
65f0: d3d3d1d1 d7d7d5d5 dbdbd9d9 dfdfdddd d3d3d1d1 d7d7d5d5 dbdbd9d9 dfdfdddd
65f8: f3f3f1f1 f7f7f5f5 fbfbf9f9 fffffdfd f3f3f1f1 f7f7f5f5 fbfbf9f9 fffffdfd
6600: 93929392 97969796 9b9a9b9a 9f9e9f9e 93929392 97969796 9b9a9b9a 9f9e9f9e
6608: b3b2b3b2 b7b6b7b6 bbbabbba bfbebfbe b3b2b3b2 b7b6b7b6 bbbabbba bfbebfbe
6610: d3d2d3d2 d7d6d7d6 dbdadbda dfdedfde d3d2d3d2 d7d6d7d6 dbdadbda dfdedfde
6618: f3f2f3f2 f7f6f7f6 fbfafbfa fffefffe f3f2f3f2 f7f6f7f6 fbfafbfa fffefffe
6620: 93929392 97969796 9b9a9b9a 9f9e9f9e 93929392 97969796 9b9a9b9a 9f9e9f9e
6628: b3b2b3b2 b7b6b7b6 bbbabbba bfbebfbe b3b2b3b2 b7b6b7b6 bbbabbba bfbebfbe
6630: d3d2d3d2 d7d6d7d6 dbdadbda dfdedfde d3d2d3d2 d7d6d7d6 dbdadbda dfdedfde
6638: f3f2f3f2 f7f6f7f6 fbfafbfa fffefffe f3f2f3f2 f7f6f7f6 fbfafbfa fffefffe
6640: 93939393 97979797 9b9b9b9b 9f9f9f9f 93939393 97979797 9b9b9b9b 9f9f9f9f
6648: b3b3b3b3 b7b7b7b7 bbbbbbbb bfbfbfbf b3b3b3b3 b7b7b7b7 bbbbbbbb bfbfbfbf
6650: d3d3d3d3 d7d7d7d7 dbdbdbdb dfdfdfdf d3d3d3d3 d7d7d7d7 dbdbdbdb dfdfdfdf
6658: f3f3f3f3 f7f7f7f7 fbfbfbfb ffffffff f3f3f3f3 f7f7f7f7 fbfbfbfb ffffffff
6660: 93939393 97979797 9b9b9b9b 9f9f9f9f 93939393 97979797 9b9b9b9b 9f9f9f9f
6668: b3b3b3b3 b7b7b7b7 bbbbbbbb bfbfbfbf b3b3b3b3 b7b7b7b7 bbbbbbbb bfbfbfbf
6670: d3d3d3d3 d7d7d7d7 dbdbdbdb dfdfdfdf d3d3d3d3 d7d7d7d7 dbdbdbdb dfdfdfdf
6678: f3f3f3f3 f7f7f7f7 fbfbfbfb ffffffff f3f3f3f3 f7f7f7f7 fbfbfbfb ffffffff
6680: 97969594 97969594 9f9e9d9c 9f9e9d9c 97969594 97969594 9f9e9d9c 9f9e9d9c
6688: b7b6b5b4 b7b6b5b4 bfbebdbc bfbebdbc b7b6b5b4 b7b6b5b4 bfbebdbc bfbebdbc
6690: d7d6d5d4 d7d6d5d4 dfdedddc dfdedddc d7d6d5d4 d7d6d5d4 dfdedddc dfdedddc
6698: f7f6f5f4 f7f6f5f4 fffefdfc fffefdfc f7f6f5f4 f7f6f5f4 fffefdfc fffefdfc
66a0: 97969594 97969594 9f9e9d9c 9f9e9d9c 97969594 97969594 9f9e9d9c 9f9e9d9c
66a8: b7b6b5b4 b7b6b5b4 bfbebdbc bfbebdbc b7b6b5b4 b7b6b5b4 bfbebdbc bfbebdbc
66b0: d7d6d5d4 d7d6d5d4 dfdedddc dfdedddc d7d6d5d4 d7d6d5d4 dfdedddc dfdedddc
66b8: f7f6f5f4 f7f6f5f4 fffefdfc fffefdfc f7f6f5f4 f7f6f5f4 fffefdfc fffefdfc
66c0: 97979595 97979595 9f9f9d9d 9f9f9d9d 97979595 97979595 9f9f9d9d 9f9f9d9d
66c8: b7b7b5b5 b7b7b5b5 bfbfbdbd bfbfbdbd b7b7b5b5 b7b7b5b5 bfbfbdbd bfbfbdbd
66d0: d7d7d5d5 d7d7d5d5 dfdfdddd dfdfdddd d7d7d5d5 d7d7d5d5 dfdfdddd dfdfdddd
66d8: f7f7f5f5 f7f7f5f5 fffffdfd fffffdfd f7f7f5f5 f7f7f5f5 fffffdfd fffffdfd
66e0: 97979595 97979595 9f9f9d9d 9f9f9d9d 97979595 97979595 9f9f9d9d 9f9f9d9d
66e8: b7b7b5b5 b7b7b5b5 bfbfbdbd bfbfbdbd b7b7b5b5 b7b7b5b5 bfbfbdbd bfbfbdbd
66f0: d7d7d5d5 d7d7d5d5 dfdfdddd dfdfdddd d7d7d5d5 d7d7d5d5 dfdfdddd dfdfdddd
66f8: f7f7f5f5 f7f7f5f5 fffffdfd fffffdfd f7f7f5f5 f7f7f5f5 fffffdfd fffffdfd
6700: 97969796 97969796 9f9e9f9e 9f9e9f9e 97969796 97969796 9f9e9f9e 9f9e9f9e
6708: b7b6b7b6 b7b6b7b6 bfbebfbe bfbebfbe b7b6b7b6 b7b6b7b6 bfbebfbe bfbebfbe
6710: d7d6d7d6 d7d6d7d6 dfdedfde dfdedfde d7d6d7d6 d7d6d7d6 dfdedfde dfdedfde
6718: f7f6f7f6 f7f6f7f6 fffefffe fffefffe f7f6f7f6 f7f6f7f6 fffefffe fffefffe
6720: 97969796 97969796 9f9e9f9e 9f9e9f9e 97969796 97969796 9f9e9f9e 9f9e9f9e
6728: b7b6b7b6 b7b6b7b6 bfbebfbe bfbebfbe b7b6b7b6 b7b6b7b6 bfbebfbe bfbebfbe
6730: d7d6d7d6 d7d6d7d6 dfdedfde dfdedfde d7d6d7d6 d7d6d7d6 dfdedfde dfdedfde
6738: f7f6f7f6 f7f6f7f6 fffefffe fffefffe f7f6f7f6 f7f6f7f6 fffefffe fffefffe
6740: 97979797 97979797 9f9f9f9f 9f9f9f9f 97979797 97979797 9f9f9f9f 9f9f9f9f
6748: b7b7b7b7 b7b7b7b7 bfbfbfbf bfbfbfbf b7b7b7b7 b7b7b7b7 bfbfbfbf bfbfbfbf
6750: d7d7d7d7 d7d7d7d7 dfdfdfdf dfdfdfdf d7d7d7d7 d7d7d7d7 dfdfdfdf dfdfdfdf
6758: f7f7f7f7 f7f7f7f7 ffffffff ffffffff f7f7f7f7 f7f7f7f7 ffffffff ffffffff
6760: 97979797 97979797 9f9f9f9f 9f9f9f9f 97979797 97979797 9f9f9f9f 9f9f9f9f
6768: b7b7b7b7 b7b7b7b7 bfbfbfbf bfbfbfbf b7b7b7b7 b7b7b7b7 bfbfbfbf bfbfbfbf
6770: d7d7d7d7 d7d7d7d7 dfdfdfdf dfdfdfdf d7d7d7d7 d7d7d7d7 dfdfdfdf dfdfdfdf
6778: f7f7f7f7 f7f7f7f7 ffffffff ffffffff f7f7f7f7 f7f7f7f7 ffffffff ffffffff
6780: 9b9a9998 9f9e9d9c 9b9a9998 9f9e9d9c 9b9a9998 9f9e9d9c 9b9a9998 9f9e9d9c
6788: bbbab9b8 bfbebdbc bbbab9b8 bfbebdbc bbbab9b8 bfbebdbc bbbab9b8 bfbebdbc
6790: dbdad9d8 dfdedddc dbdad9d8 dfdedddc dbdad9d8 dfdedddc dbdad9d8 dfdedddc
6798: fbfaf9f8 fffefdfc fbfaf9f8 fffefdfc fbfaf9f8 fffefdfc fbfaf9f8 fffefdfc
67a0: 9b9a9998 9f9e9d9c 9b9a9998 9f9e9d9c 9b9a9998 9f9e9d9c 9b9a9998 9f9e9d9c
67a8: bbbab9b8 bfbebdbc bbbab9b8 bfbebdbc bbbab9b8 bfbebdbc bbbab9b8 bfbebdbc
67b0: dbdad9d8 dfdedddc dbdad9d8 dfdedddc dbdad9d8 dfdedddc dbdad9d8 dfdedddc
67b8: fbfaf9f8 fffefdfc fbfaf9f8 fffefdfc fbfaf9f8 fffefdfc fbfaf9f8 fffefdfc
67c0: 9b9b9999 9f9f9d9d 9b9b9999 9f9f9d9d 9b9b9999 9f9f9d9d 9b9b9999 9f9f9d9d
67c8: bbbbb9b9 bfbfbdbd bbbbb9b9 bfbfbdbd bbbbb9b9 bfbfbdbd bbbbb9b9 bfbfbdbd
67d0: dbdbd9d9 dfdfdddd dbdbd9d9 dfdfdddd dbdbd9d9 dfdfdddd dbdbd9d9 dfdfdddd
67d8: fbfbf9f9 fffffdfd fbfbf9f9 fffffdfd fbfbf9f9 fffffdfd fbfbf9f9 fffffdfd
67e0: 9b9b9999 9f9f9d9d 9b9b9999 9f9f9d9d 9b9b9999 9f9f9d9d 9b9b9999 9f9f9d9d
67e8: bbbbb9b9 bfbfbdbd bbbbb9b9 bfbfbdbd bbbbb9b9 bfbfbdbd bbbbb9b9 bfbfbdbd
67f0: dbdbd9d9 dfdfdddd dbdbd9d9 dfdfdddd dbdbd9d9 dfdfdddd dbdbd9d9 dfdfdddd
67f8: fbfbf9f9 fffffdfd fbfbf9f9 fffffdfd fbfbf9f9 fffffdfd fbfbf9f9 fffffdfd
6800: 9b9a9b9a 9f9e9f9e 9b9a9b9a 9f9e9f9e 9b9a9b9a 9f9e9f9e 9b9a9b9a 9f9e9f9e
6808: bbbabbba bfbebfbe bbbabbba bfbebfbe bbbabbba bfbebfbe bbbabbba bfbebfbe
6810: dbdadbda dfdedfde dbdadbda dfdedfde dbdadbda dfdedfde dbdadbda dfdedfde
6818: fbfafbfa fffefffe fbfafbfa fffefffe fbfafbfa fffefffe fbfafbfa fffefffe
6820: 9b9a9b9a 9f9e9f9e 9b9a9b9a 9f9e9f9e 9b9a9b9a 9f9e9f9e 9b9a9b9a 9f9e9f9e
6828: bbbabbba bfbebfbe bbbabbba bfbebfbe bbbabbba bfbebfbe bbbabbba bfbebfbe
6830: dbdadbda dfdedfde dbdadbda dfdedfde dbdadbda dfdedfde dbdadbda dfdedfde
6838: fbfafbfa fffefffe fbfafbfa fffefffe fbfafbfa fffefffe fbfafbfa fffefffe
6840: 9b9b9b9b 9f9f9f9f 9b9b9b9b 9f9f9f9f 9b9b9b9b 9f9f9f9f 9b9b9b9b 9f9f9f9f
6848: bbbbbbbb bfbfbfbf bbbbbbbb bfbfbfbf bbbbbbbb bfbfbfbf bbbbbbbb bfbfbfbf
6850: dbdbdbdb dfdfdfdf dbdbdbdb dfdfdfdf dbdbdbdb dfdfdfdf dbdbdbdb dfdfdfdf
6858: fbfbfbfb ffffffff fbfbfbfb ffffffff fbfbfbfb ffffffff fbfbfbfb ffffffff
6860: 9b9b9b9b 9f9f9f9f 9b9b9b9b 9f9f9f9f 9b9b9b9b 9f9f9f9f 9b9b9b9b 9f9f9f9f
6868: bbbbbbbb bfbfbfbf bbbbbbbb bfbfbfbf bbbbbbbb bfbfbfbf bbbbbbbb bfbfbfbf
6870: dbdbdbdb dfdfdfdf dbdbdbdb dfdfdfdf dbdbdbdb dfdfdfdf dbdbdbdb dfdfdfdf
6878: fbfbfbfb ffffffff fbfbfbfb ffffffff fbfbfbfb ffffffff fbfbfbfb ffffffff
6880: 9f9e9d9c 9f9e9d9c 9f9e9d9c 9f9e9d9c 9f9e9d9c 9f9e9d9c 9f9e9d9c 9f9e9d9c
6888: bfbebdbc bfbebdbc bfbebdbc bfbebdbc bfbebdbc bfbebdbc bfbebdbc bfbebdbc
6890: dfdedddc dfdedddc dfdedddc dfdedddc dfdedddc dfdedddc dfdedddc dfdedddc
6898: fffefdfc fffefdfc fffefdfc fffefdfc fffefdfc fffefdfc fffefdfc fffefdfc
68a0: 9f9e9d9c 9f9e9d9c 9f9e9d9c 9f9e9d9c 9f9e9d9c 9f9e9d9c 9f9e9d9c 9f9e9d9c
68a8: bfbebdbc bfbebdbc bfbebdbc bfbebdbc bfbebdbc bfbebdbc bfbebdbc bfbebdbc
68b0: dfdedddc dfdedddc dfdedddc dfdedddc dfdedddc dfdedddc dfdedddc dfdedddc
68b8: fffefdfc fffefdfc fffefdfc fffefdfc fffefdfc fffefdfc fffefdfc fffefdfc
68c0: 9f9f9d9d 9f9f9d9d 9f9f9d9d 9f9f9d9d 9f9f9d9d 9f9f9d9d 9f9f9d9d 9f9f9d9d
68c8: bfbfbdbd bfbfbdbd bfbfbdbd bfbfbdbd bfbfbdbd bfbfbdbd bfbfbdbd bfbfbdbd
68d0: dfdfdddd dfdfdddd dfdfdddd dfdfdddd dfdfdddd dfdfdddd dfdfdddd dfdfdddd
68d8: fffffdfd fffffdfd fffffdfd fffffdfd fffffdfd fffffdfd fffffdfd fffffdfd
68e0: 9f9f9d9d 9f9f9d9d 9f9f9d9d 9f9f9d9d 9f9f9d9d 9f9f9d9d 9f9f9d9d 9f9f9d9d
68e8: bfbfbdbd bfbfbdbd bfbfbdbd bfbfbdbd bfbfbdbd bfbfbdbd bfbfbdbd bfbfbdbd
68f0: dfdfdddd dfdfdddd dfdfdddd dfdfdddd dfdfdddd dfdfdddd dfdfdddd dfdfdddd
68f8: fffffdfd fffffdfd fffffdfd fffffdfd fffffdfd fffffdfd fffffdfd fffffdfd
6900: 9f9e9f9e 9f9e9f9e 9f9e9f9e 9f9e9f9e 9f9e9f9e 9f9e9f9e 9f9e9f9e 9f9e9f9e
6908: bfbebfbe bfbebfbe bfbebfbe bfbebfbe bfbebfbe bfbebfbe bfbebfbe bfbebfbe
6910: dfdedfde dfdedfde dfdedfde dfdedfde dfdedfde dfdedfde dfdedfde dfdedfde
6918: fffefffe fffefffe fffefffe fffefffe fffefffe fffefffe fffefffe fffefffe
6920: 9f9e9f9e 9f9e9f9e 9f9e9f9e 9f9e9f9e 9f9e9f9e 9f9e9f9e 9f9e9f9e 9f9e9f9e
6928: bfbebfbe bfbebfbe bfbebfbe bfbebfbe bfbebfbe bfbebfbe bfbebfbe bfbebfbe
6930: dfdedfde dfdedfde dfdedfde dfdedfde dfdedfde dfdedfde dfdedfde dfdedfde
6938: fffefffe fffefffe fffefffe fffefffe fffefffe fffefffe fffefffe fffefffe
6940: 9f9f9f9f 9f9f9f9f 9f9f9f9f 9f9f9f9f 9f9f9f9f 9f9f9f9f 9f9f9f9f 9f9f9f9f
6948: bfbfbfbf bfbfbfbf bfbfbfbf bfbfbfbf bfbfbfbf bfbfbfbf bfbfbfbf bfbfbfbf
6950: dfdfdfdf dfdfdfdf dfdfdfdf dfdfdfdf dfdfdfdf dfdfdfdf dfdfdfdf dfdfdfdf
6958: ffffffff ffffffff ffffffff ffffffff ffffffff ffffffff ffffffff ffffffff
6960: 9f9f9f9f 9f9f9f9f 9f9f9f9f 9f9f9f9f 9f9f9f9f 9f9f9f9f 9f9f9f9f 9f9f9f9f
6968: bfbfbfbf bfbfbfbf bfbfbfbf bfbfbfbf bfbfbfbf bfbfbfbf bfbfbfbf bfbfbfbf
6970: dfdfdfdf dfdfdfdf dfdfdfdf dfdfdfdf dfdfdfdf dfdfdfdf dfdfdfdf dfdfdfdf
6978: ffffffff ffffffff ffffffff ffffffff ffffffff ffffffff ffffffff ffffffff
6980: a3a2a1a0 a7a6a5a4 abaaa9a8 afaeadac b3b2b1b0 b7b6b5b4 bbbab9b8 bfbebdbc
6988: a3a2a1a0 a7a6a5a4 abaaa9a8 afaeadac b3b2b1b0 b7b6b5b4 bbbab9b8 bfbebdbc
6990: e3e2e1e0 e7e6e5e4 ebeae9e8 efeeedec f3f2f1f0 f7f6f5f4 fbfaf9f8 fffefdfc
6998: e3e2e1e0 e7e6e5e4 ebeae9e8 efeeedec f3f2f1f0 f7f6f5f4 fbfaf9f8 fffefdfc
69a0: a3a2a1a0 a7a6a5a4 abaaa9a8 afaeadac b3b2b1b0 b7b6b5b4 bbbab9b8 bfbebdbc
69a8: a3a2a1a0 a7a6a5a4 abaaa9a8 afaeadac b3b2b1b0 b7b6b5b4 bbbab9b8 bfbebdbc
69b0: e3e2e1e0 e7e6e5e4 ebeae9e8 efeeedec f3f2f1f0 f7f6f5f4 fbfaf9f8 fffefdfc
69b8: e3e2e1e0 e7e6e5e4 ebeae9e8 efeeedec f3f2f1f0 f7f6f5f4 fbfaf9f8 fffefdfc
69c0: a3a3a1a1 a7a7a5a5 ababa9a9 afafadad b3b3b1b1 b7b7b5b5 bbbbb9b9 bfbfbdbd
69c8: a3a3a1a1 a7a7a5a5 ababa9a9 afafadad b3b3b1b1 b7b7b5b5 bbbbb9b9 bfbfbdbd
69d0: e3e3e1e1 e7e7e5e5 ebebe9e9 efefeded f3f3f1f1 f7f7f5f5 fbfbf9f9 fffffdfd
69d8: e3e3e1e1 e7e7e5e5 ebebe9e9 efefeded f3f3f1f1 f7f7f5f5 fbfbf9f9 fffffdfd
69e0: a3a3a1a1 a7a7a5a5 ababa9a9 afafadad b3b3b1b1 b7b7b5b5 bbbbb9b9 bfbfbdbd
69e8: a3a3a1a1 a7a7a5a5 ababa9a9 afafadad b3b3b1b1 b7b7b5b5 bbbbb9b9 bfbfbdbd
69f0: e3e3e1e1 e7e7e5e5 ebebe9e9 efefeded f3f3f1f1 f7f7f5f5 fbfbf9f9 fffffdfd
69f8: e3e3e1e1 e7e7e5e5 ebebe9e9 efefeded f3f3f1f1 f7f7f5f5 fbfbf9f9 fffffdfd
6a00: a3a2a3a2 a7a6a7a6 abaaabaa afaeafae b3b2b3b2 b7b6b7b6 bbbabbba bfbebfbe
6a08: a3a2a3a2 a7a6a7a6 abaaabaa afaeafae b3b2b3b2 b7b6b7b6 bbbabbba bfbebfbe
6a10: e3e2e3e2 e7e6e7e6 ebeaebea efeeefee f3f2f3f2 f7f6f7f6 fbfafbfa fffefffe
6a18: e3e2e3e2 e7e6e7e6 ebeaebea efeeefee f3f2f3f2 f7f6f7f6 fbfafbfa fffefffe
6a20: a3a2a3a2 a7a6a7a6 abaaabaa afaeafae b3b2b3b2 b7b6b7b6 bbbabbba bfbebfbe
6a28: a3a2a3a2 a7a6a7a6 abaaabaa afaeafae b3b2b3b2 b7b6b7b6 bbbabbba bfbebfbe
6a30: e3e2e3e2 e7e6e7e6 ebeaebea efeeefee f3f2f3f2 f7f6f7f6 fbfafbfa fffefffe
6a38: e3e2e3e2 e7e6e7e6 ebeaebea efeeefee f3f2f3f2 f7f6f7f6 fbfafbfa fffefffe
6a40: a3a3a3a3 a7a7a7a7 abababab afafafaf b3b3b3b3 b7b7b7b7 bbbbbbbb bfbfbfbf
6a48: a3a3a3a3 a7a7a7a7 abababab afafafaf b3b3b3b3 b7b7b7b7 bbbbbbbb bfbfbfbf
6a50: e3e3e3e3 e7e7e7e7 ebebebeb efefefef f3f3f3f3 f7f7f7f7 fbfbfbfb ffffffff
6a58: e3e3e3e3 e7e7e7e7 ebebebeb efefefef f3f3f3f3 f7f7f7f7 fbfbfbfb ffffffff
6a60: a3a3a3a3 a7a7a7a7 abababab afafafaf b3b3b3b3 b7b7b7b7 bbbbbbbb bfbfbfbf
6a68: a3a3a3a3 a7a7a7a7 abababab afafafaf b3b3b3b3 b7b7b7b7 bbbbbbbb bfbfbfbf
6a70: e3e3e3e3 e7e7e7e7 ebebebeb efefefef f3f3f3f3 f7f7f7f7 fbfbfbfb ffffffff
6a78: e3e3e3e3 e7e7e7e7 ebebebeb efefefef f3f3f3f3 f7f7f7f7 fbfbfbfb ffffffff
6a80: a7a6a5a4 a7a6a5a4 afaeadac afaeadac b7b6b5b4 b7b6b5b4 bfbebdbc bfbebdbc
6a88: a7a6a5a4 a7a6a5a4 afaeadac afaeadac b7b6b5b4 b7b6b5b4 bfbebdbc bfbebdbc
6a90: e7e6e5e4 e7e6e5e4 efeeedec efeeedec f7f6f5f4 f7f6f5f4 fffefdfc fffefdfc
6a98: e7e6e5e4 e7e6e5e4 efeeedec efeeedec f7f6f5f4 f7f6f5f4 fffefdfc fffefdfc
6aa0: a7a6a5a4 a7a6a5a4 afaeadac afaeadac b7b6b5b4 b7b6b5b4 bfbebdbc bfbebdbc
6aa8: a7a6a5a4 a7a6a5a4 afaeadac afaeadac b7b6b5b4 b7b6b5b4 bfbebdbc bfbebdbc
6ab0: e7e6e5e4 e7e6e5e4 efeeedec efeeedec f7f6f5f4 f7f6f5f4 fffefdfc fffefdfc
6ab8: e7e6e5e4 e7e6e5e4 efeeedec efeeedec f7f6f5f4 f7f6f5f4 fffefdfc fffefdfc
6ac0: a7a7a5a5 a7a7a5a5 afafadad afafadad b7b7b5b5 b7b7b5b5 bfbfbdbd bfbfbdbd
6ac8: a7a7a5a5 a7a7a5a5 afafadad afafadad b7b7b5b5 b7b7b5b5 bfbfbdbd bfbfbdbd
6ad0: e7e7e5e5 e7e7e5e5 efefeded efefeded f7f7f5f5 f7f7f5f5 fffffdfd fffffdfd
6ad8: e7e7e5e5 e7e7e5e5 efefeded efefeded f7f7f5f5 f7f7f5f5 fffffdfd fffffdfd
6ae0: a7a7a5a5 a7a7a5a5 afafadad afafadad b7b7b5b5 b7b7b5b5 bfbfbdbd bfbfbdbd
6ae8: a7a7a5a5 a7a7a5a5 afafadad afafadad b7b7b5b5 b7b7b5b5 bfbfbdbd bfbfbdbd
6af0: e7e7e5e5 e7e7e5e5 efefeded efefeded f7f7f5f5 f7f7f5f5 fffffdfd fffffdfd
6af8: e7e7e5e5 e7e7e5e5 efefeded efefeded f7f7f5f5 f7f7f5f5 fffffdfd fffffdfd
6b00: a7a6a7a6 a7a6a7a6 afaeafae afaeafae b7b6b7b6 b7b6b7b6 bfbebfbe bfbebfbe
6b08: a7a6a7a6 a7a6a7a6 afaeafae afaeafae b7b6b7b6 b7b6b7b6 bfbebfbe bfbebfbe
6b10: e7e6e7e6 e7e6e7e6 efeeefee efeeefee f7f6f7f6 f7f6f7f6 fffefffe fffefffe
6b18: e7e6e7e6 e7e6e7e6 efeeefee efeeefee f7f6f7f6 f7f6f7f6 fffefffe fffefffe
6b20: a7a6a7a6 a7a6a7a6 afaeafae afaeafae b7b6b7b6 b7b6b7b6 bfbebfbe bfbebfbe
6b28: a7a6a7a6 a7a6a7a6 afaeafae afaeafae b7b6b7b6 b7b6b7b6 bfbebfbe bfbebfbe
6b30: e7e6e7e6 e7e6e7e6 efeeefee efeeefee f7f6f7f6 f7f6f7f6 fffefffe fffefffe
6b38: e7e6e7e6 e7e6e7e6 efeeefee efeeefee f7f6f7f6 f7f6f7f6 fffefffe fffefffe
6b40: a7a7a7a7 a7a7a7a7 afafafaf afafafaf b7b7b7b7 b7b7b7b7 bfbfbfbf bfbfbfbf
6b48: a7a7a7a7 a7a7a7a7 afafafaf afafafaf b7b7b7b7 b7b7b7b7 bfbfbfbf bfbfbfbf
6b50: e7e7e7e7 e7e7e7e7 efefefef efefefef f7f7f7f7 f7f7f7f7 ffffffff ffffffff
6b58: e7e7e7e7 e7e7e7e7 efefefef efefefef f7f7f7f7 f7f7f7f7 ffffffff ffffffff
6b60: a7a7a7a7 a7a7a7a7 afafafaf afafafaf b7b7b7b7 b7b7b7b7 bfbfbfbf bfbfbfbf
6b68: a7a7a7a7 a7a7a7a7 afafafaf afafafaf b7b7b7b7 b7b7b7b7 bfbfbfbf bfbfbfbf
6b70: e7e7e7e7 e7e7e7e7 efefefef efefefef f7f7f7f7 f7f7f7f7 ffffffff ffffffff
6b78: e7e7e7e7 e7e7e7e7 efefefef efefefef f7f7f7f7 f7f7f7f7 ffffffff ffffffff
6b80: abaaa9a8 afaeadac abaaa9a8 afaeadac bbbab9b8 bfbebdbc bbbab9b8 bfbebdbc
6b88: abaaa9a8 afaeadac abaaa9a8 afaeadac bbbab9b8 bfbebdbc bbbab9b8 bfbebdbc
6b90: ebeae9e8 efeeedec ebeae9e8 efeeedec fbfaf9f8 fffefdfc fbfaf9f8 fffefdfc
6b98: ebeae9e8 efeeedec ebeae9e8 efeeedec fbfaf9f8 fffefdfc fbfaf9f8 fffefdfc
6ba0: abaaa9a8 afaeadac abaaa9a8 afaeadac bbbab9b8 bfbebdbc bbbab9b8 bfbebdbc
6ba8: abaaa9a8 afaeadac abaaa9a8 afaeadac bbbab9b8 bfbebdbc bbbab9b8 bfbebdbc
6bb0: ebeae9e8 efeeedec ebeae9e8 efeeedec fbfaf9f8 fffefdfc fbfaf9f8 fffefdfc
6bb8: ebeae9e8 efeeedec ebeae9e8 efeeedec fbfaf9f8 fffefdfc fbfaf9f8 fffefdfc
6bc0: ababa9a9 afafadad ababa9a9 afafadad bbbbb9b9 bfbfbdbd bbbbb9b9 bfbfbdbd
6bc8: ababa9a9 afafadad ababa9a9 afafadad bbbbb9b9 bfbfbdbd bbbbb9b9 bfbfbdbd
6bd0: ebebe9e9 efefeded ebebe9e9 efefeded fbfbf9f9 fffffdfd fbfbf9f9 fffffdfd
6bd8: ebebe9e9 efefeded ebebe9e9 efefeded fbfbf9f9 fffffdfd fbfbf9f9 fffffdfd
6be0: ababa9a9 afafadad ababa9a9 afafadad bbbbb9b9 bfbfbdbd bbbbb9b9 bfbfbdbd
6be8: ababa9a9 afafadad ababa9a9 afafadad bbbbb9b9 bfbfbdbd bbbbb9b9 bfbfbdbd
6bf0: ebebe9e9 efefeded ebebe9e9 efefeded fbfbf9f9 fffffdfd fbfbf9f9 fffffdfd
6bf8: ebebe9e9 efefeded ebebe9e9 efefeded fbfbf9f9 fffffdfd fbfbf9f9 fffffdfd
6c00: abaaabaa afaeafae abaaabaa afaeafae bbbabbba bfbebfbe bbbabbba bfbebfbe
6c08: abaaabaa afaeafae abaaabaa afaeafae bbbabbba bfbebfbe bbbabbba bfbebfbe
6c10: ebeaebea efeeefee ebeaebea efeeefee fbfafbfa fffefffe fbfafbfa fffefffe
6c18: ebeaebea efeeefee ebeaebea efeeefee fbfafbfa fffefffe fbfafbfa fffefffe
6c20: abaaabaa afaeafae abaaabaa afaeafae bbbabbba bfbebfbe bbbabbba bfbebfbe
6c28: abaaabaa afaeafae abaaabaa afaeafae bbbabbba bfbebfbe bbbabbba bfbebfbe
6c30: ebeaebea efeeefee ebeaebea efeeefee fbfafbfa fffefffe fbfafbfa fffefffe
6c38: ebeaebea efeeefee ebeaebea efeeefee fbfafbfa fffefffe fbfafbfa fffefffe
6c40: abababab afafafaf abababab afafafaf bbbbbbbb bfbfbfbf bbbbbbbb bfbfbfbf
6c48: abababab afafafaf abababab afafafaf bbbbbbbb bfbfbfbf bbbbbbbb bfbfbfbf
6c50: ebebebeb efefefef ebebebeb efefefef fbfbfbfb ffffffff fbfbfbfb ffffffff
6c58: ebebebeb efefefef ebebebeb efefefef fbfbfbfb ffffffff fbfbfbfb ffffffff
6c60: abababab afafafaf abababab afafafaf bbbbbbbb bfbfbfbf bbbbbbbb bfbfbfbf
6c68: abababab afafafaf abababab afafafaf bbbbbbbb bfbfbfbf bbbbbbbb bfbfbfbf
6c70: ebebebeb efefefef ebebebeb efefefef fbfbfbfb ffffffff fbfbfbfb ffffffff
6c78: ebebebeb efefefef ebebebeb efefefef fbfbfbfb ffffffff fbfbfbfb ffffffff
6c80: afaeadac afaeadac afaeadac afaeadac bfbebdbc bfbebdbc bfbebdbc bfbebdbc
6c88: afaeadac afaeadac afaeadac afaeadac bfbebdbc bfbebdbc bfbebdbc bfbebdbc
6c90: efeeedec efeeedec efeeedec efeeedec fffefdfc fffefdfc fffefdfc fffefdfc
6c98: efeeedec efeeedec efeeedec efeeedec fffefdfc fffefdfc fffefdfc fffefdfc
6ca0: afaeadac afaeadac afaeadac afaeadac bfbebdbc bfbebdbc bfbebdbc bfbebdbc
6ca8: afaeadac afaeadac afaeadac afaeadac bfbebdbc bfbebdbc bfbebdbc bfbebdbc
6cb0: efeeedec efeeedec efeeedec efeeedec fffefdfc fffefdfc fffefdfc fffefdfc
6cb8: efeeedec efeeedec efeeedec efeeedec fffefdfc fffefdfc fffefdfc fffefdfc
6cc0: afafadad afafadad afafadad afafadad bfbfbdbd bfbfbdbd bfbfbdbd bfbfbdbd
6cc8: afafadad afafadad afafadad afafadad bfbfbdbd bfbfbdbd bfbfbdbd bfbfbdbd
6cd0: efefeded efefeded efefeded efefeded fffffdfd fffffdfd fffffdfd fffffdfd
6cd8: efefeded efefeded efefeded efefeded fffffdfd fffffdfd fffffdfd fffffdfd
6ce0: afafadad afafadad afafadad afafadad bfbfbdbd bfbfbdbd bfbfbdbd bfbfbdbd
6ce8: afafadad afafadad afafadad afafadad bfbfbdbd bfbfbdbd bfbfbdbd bfbfbdbd
6cf0: efefeded efefeded efefeded efefeded fffffdfd fffffdfd fffffdfd fffffdfd
6cf8: efefeded efefeded efefeded efefeded fffffdfd fffffdfd fffffdfd fffffdfd
6d00: afaeafae afaeafae afaeafae afaeafae bfbebfbe bfbebfbe bfbebfbe bfbebfbe
6d08: afaeafae afaeafae afaeafae afaeafae bfbebfbe bfbebfbe bfbebfbe bfbebfbe
6d10: efeeefee efeeefee efeeefee efeeefee fffefffe fffefffe fffefffe fffefffe
6d18: efeeefee efeeefee efeeefee efeeefee fffefffe fffefffe fffefffe fffefffe
6d20: afaeafae afaeafae afaeafae afaeafae bfbebfbe bfbebfbe bfbebfbe bfbebfbe
6d28: afaeafae afaeafae afaeafae afaeafae bfbebfbe bfbebfbe bfbebfbe bfbebfbe
6d30: efeeefee efeeefee efeeefee efeeefee fffefffe fffefffe fffefffe fffefffe
6d38: efeeefee efeeefee efeeefee efeeefee fffefffe fffefffe fffefffe fffefffe
6d40: afafafaf afafafaf afafafaf afafafaf bfbfbfbf bfbfbfbf bfbfbfbf bfbfbfbf
6d48: afafafaf afafafaf afafafaf afafafaf bfbfbfbf bfbfbfbf bfbfbfbf bfbfbfbf
6d50: efefefef efefefef efefefef efefefef ffffffff ffffffff ffffffff ffffffff
6d58: efefefef efefefef efefefef efefefef ffffffff ffffffff ffffffff ffffffff
6d60: afafafaf afafafaf afafafaf afafafaf bfbfbfbf bfbfbfbf bfbfbfbf bfbfbfbf
6d68: afafafaf afafafaf afafafaf afafafaf bfbfbfbf bfbfbfbf bfbfbfbf bfbfbfbf
6d70: efefefef efefefef efefefef efefefef ffffffff ffffffff ffffffff ffffffff
6d78: efefefef efefefef efefefef efefefef ffffffff ffffffff ffffffff ffffffff
6d80: b3b2b1b0 b7b6b5b4 bbbab9b8 bfbebdbc b3b2b1b0 b7b6b5b4 bbbab9b8 bfbebdbc
6d88: b3b2b1b0 b7b6b5b4 bbbab9b8 bfbebdbc b3b2b1b0 b7b6b5b4 bbbab9b8 bfbebdbc
6d90: f3f2f1f0 f7f6f5f4 fbfaf9f8 fffefdfc f3f2f1f0 f7f6f5f4 fbfaf9f8 fffefdfc
6d98: f3f2f1f0 f7f6f5f4 fbfaf9f8 fffefdfc f3f2f1f0 f7f6f5f4 fbfaf9f8 fffefdfc
6da0: b3b2b1b0 b7b6b5b4 bbbab9b8 bfbebdbc b3b2b1b0 b7b6b5b4 bbbab9b8 bfbebdbc
6da8: b3b2b1b0 b7b6b5b4 bbbab9b8 bfbebdbc b3b2b1b0 b7b6b5b4 bbbab9b8 bfbebdbc
6db0: f3f2f1f0 f7f6f5f4 fbfaf9f8 fffefdfc f3f2f1f0 f7f6f5f4 fbfaf9f8 fffefdfc
6db8: f3f2f1f0 f7f6f5f4 fbfaf9f8 fffefdfc f3f2f1f0 f7f6f5f4 fbfaf9f8 fffefdfc
6dc0: b3b3b1b1 b7b7b5b5 bbbbb9b9 bfbfbdbd b3b3b1b1 b7b7b5b5 bbbbb9b9 bfbfbdbd
6dc8: b3b3b1b1 b7b7b5b5 bbbbb9b9 bfbfbdbd b3b3b1b1 b7b7b5b5 bbbbb9b9 bfbfbdbd
6dd0: f3f3f1f1 f7f7f5f5 fbfbf9f9 fffffdfd f3f3f1f1 f7f7f5f5 fbfbf9f9 fffffdfd
6dd8: f3f3f1f1 f7f7f5f5 fbfbf9f9 fffffdfd f3f3f1f1 f7f7f5f5 fbfbf9f9 fffffdfd
6de0: b3b3b1b1 b7b7b5b5 bbbbb9b9 bfbfbdbd b3b3b1b1 b7b7b5b5 bbbbb9b9 bfbfbdbd
6de8: b3b3b1b1 b7b7b5b5 bbbbb9b9 bfbfbdbd b3b3b1b1 b7b7b5b5 bbbbb9b9 bfbfbdbd
6df0: f3f3f1f1 f7f7f5f5 fbfbf9f9 fffffdfd f3f3f1f1 f7f7f5f5 fbfbf9f9 fffffdfd
6df8: f3f3f1f1 f7f7f5f5 fbfbf9f9 fffffdfd f3f3f1f1 f7f7f5f5 fbfbf9f9 fffffdfd
6e00: b3b2b3b2 b7b6b7b6 bbbabbba bfbebfbe b3b2b3b2 b7b6b7b6 bbbabbba bfbebfbe
6e08: b3b2b3b2 b7b6b7b6 bbbabbba bfbebfbe b3b2b3b2 b7b6b7b6 bbbabbba bfbebfbe
6e10: f3f2f3f2 f7f6f7f6 fbfafbfa fffefffe f3f2f3f2 f7f6f7f6 fbfafbfa fffefffe
6e18: f3f2f3f2 f7f6f7f6 fbfafbfa fffefffe f3f2f3f2 f7f6f7f6 fbfafbfa fffefffe
6e20: b3b2b3b2 b7b6b7b6 bbbabbba bfbebfbe b3b2b3b2 b7b6b7b6 bbbabbba bfbebfbe
6e28: b3b2b3b2 b7b6b7b6 bbbabbba bfbebfbe b3b2b3b2 b7b6b7b6 bbbabbba bfbebfbe
6e30: f3f2f3f2 f7f6f7f6 fbfafbfa fffefffe f3f2f3f2 f7f6f7f6 fbfafbfa fffefffe
6e38: f3f2f3f2 f7f6f7f6 fbfafbfa fffefffe f3f2f3f2 f7f6f7f6 fbfafbfa fffefffe
6e40: b3b3b3b3 b7b7b7b7 bbbbbbbb bfbfbfbf b3b3b3b3 b7b7b7b7 bbbbbbbb bfbfbfbf
6e48: b3b3b3b3 b7b7b7b7 bbbbbbbb bfbfbfbf b3b3b3b3 b7b7b7b7 bbbbbbbb bfbfbfbf
6e50: f3f3f3f3 f7f7f7f7 fbfbfbfb ffffffff f3f3f3f3 f7f7f7f7 fbfbfbfb ffffffff
6e58: f3f3f3f3 f7f7f7f7 fbfbfbfb ffffffff f3f3f3f3 f7f7f7f7 fbfbfbfb ffffffff
6e60: b3b3b3b3 b7b7b7b7 bbbbbbbb bfbfbfbf b3b3b3b3 b7b7b7b7 bbbbbbbb bfbfbfbf
6e68: b3b3b3b3 b7b7b7b7 bbbbbbbb bfbfbfbf b3b3b3b3 b7b7b7b7 bbbbbbbb bfbfbfbf
6e70: f3f3f3f3 f7f7f7f7 fbfbfbfb ffffffff f3f3f3f3 f7f7f7f7 fbfbfbfb ffffffff
6e78: f3f3f3f3 f7f7f7f7 fbfbfbfb ffffffff f3f3f3f3 f7f7f7f7 fbfbfbfb ffffffff
6e80: b7b6b5b4 b7b6b5b4 bfbebdbc bfbebdbc b7b6b5b4 b7b6b5b4 bfbebdbc bfbebdbc
6e88: b7b6b5b4 b7b6b5b4 bfbebdbc bfbebdbc b7b6b5b4 b7b6b5b4 bfbebdbc bfbebdbc
6e90: f7f6f5f4 f7f6f5f4 fffefdfc fffefdfc f7f6f5f4 f7f6f5f4 fffefdfc fffefdfc
6e98: f7f6f5f4 f7f6f5f4 fffefdfc fffefdfc f7f6f5f4 f7f6f5f4 fffefdfc fffefdfc
6ea0: b7b6b5b4 b7b6b5b4 bfbebdbc bfbebdbc b7b6b5b4 b7b6b5b4 bfbebdbc bfbebdbc
6ea8: b7b6b5b4 b7b6b5b4 bfbebdbc bfbebdbc b7b6b5b4 b7b6b5b4 bfbebdbc bfbebdbc
6eb0: f7f6f5f4 f7f6f5f4 fffefdfc fffefdfc f7f6f5f4 f7f6f5f4 fffefdfc fffefdfc
6eb8: f7f6f5f4 f7f6f5f4 fffefdfc fffefdfc f7f6f5f4 f7f6f5f4 fffefdfc fffefdfc
6ec0: b7b7b5b5 b7b7b5b5 bfbfbdbd bfbfbdbd b7b7b5b5 b7b7b5b5 bfbfbdbd bfbfbdbd
6ec8: b7b7b5b5 b7b7b5b5 bfbfbdbd bfbfbdbd b7b7b5b5 b7b7b5b5 bfbfbdbd bfbfbdbd
6ed0: f7f7f5f5 f7f7f5f5 fffffdfd fffffdfd f7f7f5f5 f7f7f5f5 fffffdfd fffffdfd
6ed8: f7f7f5f5 f7f7f5f5 fffffdfd fffffdfd f7f7f5f5 f7f7f5f5 fffffdfd fffffdfd
6ee0: b7b7b5b5 b7b7b5b5 bfbfbdbd bfbfbdbd b7b7b5b5 b7b7b5b5 bfbfbdbd bfbfbdbd
6ee8: b7b7b5b5 b7b7b5b5 bfbfbdbd bfbfbdbd b7b7b5b5 b7b7b5b5 bfbfbdbd bfbfbdbd
6ef0: f7f7f5f5 f7f7f5f5 fffffdfd fffffdfd f7f7f5f5 f7f7f5f5 fffffdfd fffffdfd
6ef8: f7f7f5f5 f7f7f5f5 fffffdfd fffffdfd f7f7f5f5 f7f7f5f5 fffffdfd fffffdfd
6f00: b7b6b7b6 b7b6b7b6 bfbebfbe bfbebfbe b7b6b7b6 b7b6b7b6 bfbebfbe bfbebfbe
6f08: b7b6b7b6 b7b6b7b6 bfbebfbe bfbebfbe b7b6b7b6 b7b6b7b6 bfbebfbe bfbebfbe
6f10: f7f6f7f6 f7f6f7f6 fffefffe fffefffe f7f6f7f6 f7f6f7f6 fffefffe fffefffe
6f18: f7f6f7f6 f7f6f7f6 fffefffe fffefffe f7f6f7f6 f7f6f7f6 fffefffe fffefffe
6f20: b7b6b7b6 b7b6b7b6 bfbebfbe bfbebfbe b7b6b7b6 b7b6b7b6 bfbebfbe bfbebfbe
6f28: b7b6b7b6 b7b6b7b6 bfbebfbe bfbebfbe b7b6b7b6 b7b6b7b6 bfbebfbe bfbebfbe
6f30: f7f6f7f6 f7f6f7f6 fffefffe fffefffe f7f6f7f6 f7f6f7f6 fffefffe fffefffe
6f38: f7f6f7f6 f7f6f7f6 fffefffe fffefffe f7f6f7f6 f7f6f7f6 fffefffe fffefffe
6f40: b7b7b7b7 b7b7b7b7 bfbfbfbf bfbfbfbf b7b7b7b7 b7b7b7b7 bfbfbfbf bfbfbfbf
6f48: b7b7b7b7 b7b7b7b7 bfbfbfbf bfbfbfbf b7b7b7b7 b7b7b7b7 bfbfbfbf bfbfbfbf
6f50: f7f7f7f7 f7f7f7f7 ffffffff ffffffff f7f7f7f7 f7f7f7f7 ffffffff ffffffff
6f58: f7f7f7f7 f7f7f7f7 ffffffff ffffffff f7f7f7f7 f7f7f7f7 ffffffff ffffffff
6f60: b7b7b7b7 b7b7b7b7 bfbfbfbf bfbfbfbf b7b7b7b7 b7b7b7b7 bfbfbfbf bfbfbfbf
6f68: b7b7b7b7 b7b7b7b7 bfbfbfbf bfbfbfbf b7b7b7b7 b7b7b7b7 bfbfbfbf bfbfbfbf
6f70: f7f7f7f7 f7f7f7f7 ffffffff ffffffff f7f7f7f7 f7f7f7f7 ffffffff ffffffff
6f78: f7f7f7f7 f7f7f7f7 ffffffff ffffffff f7f7f7f7 f7f7f7f7 ffffffff ffffffff
6f80: bbbab9b8 bfbebdbc bbbab9b8 bfbebdbc bbbab9b8 bfbebdbc bbbab9b8 bfbebdbc
6f88: bbbab9b8 bfbebdbc bbbab9b8 bfbebdbc bbbab9b8 bfbebdbc bbbab9b8 bfbebdbc
6f90: fbfaf9f8 fffefdfc fbfaf9f8 fffefdfc fbfaf9f8 fffefdfc fbfaf9f8 fffefdfc
6f98: fbfaf9f8 fffefdfc fbfaf9f8 fffefdfc fbfaf9f8 fffefdfc fbfaf9f8 fffefdfc
6fa0: bbbab9b8 bfbebdbc bbbab9b8 bfbebdbc bbbab9b8 bfbebdbc bbbab9b8 bfbebdbc
6fa8: bbbab9b8 bfbebdbc bbbab9b8 bfbebdbc bbbab9b8 bfbebdbc bbbab9b8 bfbebdbc
6fb0: fbfaf9f8 fffefdfc fbfaf9f8 fffefdfc fbfaf9f8 fffefdfc fbfaf9f8 fffefdfc
6fb8: fbfaf9f8 fffefdfc fbfaf9f8 fffefdfc fbfaf9f8 fffefdfc fbfaf9f8 fffefdfc
6fc0: bbbbb9b9 bfbfbdbd bbbbb9b9 bfbfbdbd bbbbb9b9 bfbfbdbd bbbbb9b9 bfbfbdbd
6fc8: bbbbb9b9 bfbfbdbd bbbbb9b9 bfbfbdbd bbbbb9b9 bfbfbdbd bbbbb9b9 bfbfbdbd
6fd0: fbfbf9f9 fffffdfd fbfbf9f9 fffffdfd fbfbf9f9 fffffdfd fbfbf9f9 fffffdfd
6fd8: fbfbf9f9 fffffdfd fbfbf9f9 fffffdfd fbfbf9f9 fffffdfd fbfbf9f9 fffffdfd
6fe0: bbbbb9b9 bfbfbdbd bbbbb9b9 bfbfbdbd bbbbb9b9 bfbfbdbd bbbbb9b9 bfbfbdbd
6fe8: bbbbb9b9 bfbfbdbd bbbbb9b9 bfbfbdbd bbbbb9b9 bfbfbdbd bbbbb9b9 bfbfbdbd
6ff0: fbfbf9f9 fffffdfd fbfbf9f9 fffffdfd fbfbf9f9 fffffdfd fbfbf9f9 fffffdfd
6ff8: fbfbf9f9 fffffdfd fbfbf9f9 fffffdfd fbfbf9f9 fffffdfd fbfbf9f9 fffffdfd
7000: bbbabbba bfbebfbe bbbabbba bfbebfbe bbbabbba bfbebfbe bbbabbba bfbebfbe
7008: bbbabbba bfbebfbe bbbabbba bfbebfbe bbbabbba bfbebfbe bbbabbba bfbebfbe
7010: fbfafbfa fffefffe fbfafbfa fffefffe fbfafbfa fffefffe fbfafbfa fffefffe
7018: fbfafbfa fffefffe fbfafbfa fffefffe fbfafbfa fffefffe fbfafbfa fffefffe
7020: bbbabbba bfbebfbe bbbabbba bfbebfbe bbbabbba bfbebfbe bbbabbba bfbebfbe
7028: bbbabbba bfbebfbe bbbabbba bfbebfbe bbbabbba bfbebfbe bbbabbba bfbebfbe
7030: fbfafbfa fffefffe fbfafbfa fffefffe fbfafbfa fffefffe fbfafbfa fffefffe
7038: fbfafbfa fffefffe fbfafbfa fffefffe fbfafbfa fffefffe fbfafbfa fffefffe
7040: bbbbbbbb bfbfbfbf bbbbbbbb bfbfbfbf bbbbbbbb bfbfbfbf bbbbbbbb bfbfbfbf
7048: bbbbbbbb bfbfbfbf bbbbbbbb bfbfbfbf bbbbbbbb bfbfbfbf bbbbbbbb bfbfbfbf
7050: fbfbfbfb ffffffff fbfbfbfb ffffffff fbfbfbfb ffffffff fbfbfbfb ffffffff
7058: fbfbfbfb ffffffff fbfbfbfb ffffffff fbfbfbfb ffffffff fbfbfbfb ffffffff
7060: bbbbbbbb bfbfbfbf bbbbbbbb bfbfbfbf bbbbbbbb bfbfbfbf bbbbbbbb bfbfbfbf
7068: bbbbbbbb bfbfbfbf bbbbbbbb bfbfbfbf bbbbbbbb bfbfbfbf bbbbbbbb bfbfbfbf
7070: fbfbfbfb ffffffff fbfbfbfb ffffffff fbfbfbfb ffffffff fbfbfbfb ffffffff
7078: fbfbfbfb ffffffff fbfbfbfb ffffffff fbfbfbfb ffffffff fbfbfbfb ffffffff
7080: bfbebdbc bfbebdbc bfbebdbc bfbebdbc bfbebdbc bfbebdbc bfbebdbc bfbebdbc
7088: bfbebdbc bfbebdbc bfbebdbc bfbebdbc bfbebdbc bfbebdbc bfbebdbc bfbebdbc
7090: fffefdfc fffefdfc fffefdfc fffefdfc fffefdfc fffefdfc fffefdfc fffefdfc
7098: fffefdfc fffefdfc fffefdfc fffefdfc fffefdfc fffefdfc fffefdfc fffefdfc
70a0: bfbebdbc bfbebdbc bfbebdbc bfbebdbc bfbebdbc bfbebdbc bfbebdbc bfbebdbc
70a8: bfbebdbc bfbebdbc bfbebdbc bfbebdbc bfbebdbc bfbebdbc bfbebdbc bfbebdbc
70b0: fffefdfc fffefdfc fffefdfc fffefdfc fffefdfc fffefdfc fffefdfc fffefdfc
70b8: fffefdfc fffefdfc fffefdfc fffefdfc fffefdfc fffefdfc fffefdfc fffefdfc
70c0: bfbfbdbd bfbfbdbd bfbfbdbd bfbfbdbd bfbfbdbd bfbfbdbd bfbfbdbd bfbfbdbd
70c8: bfbfbdbd bfbfbdbd bfbfbdbd bfbfbdbd bfbfbdbd bfbfbdbd bfbfbdbd bfbfbdbd
70d0: fffffdfd fffffdfd fffffdfd fffffdfd fffffdfd fffffdfd fffffdfd fffffdfd
70d8: fffffdfd fffffdfd fffffdfd fffffdfd fffffdfd fffffdfd fffffdfd fffffdfd
70e0: bfbfbdbd bfbfbdbd bfbfbdbd bfbfbdbd bfbfbdbd bfbfbdbd bfbfbdbd bfbfbdbd
70e8: bfbfbdbd bfbfbdbd bfbfbdbd bfbfbdbd bfbfbdbd bfbfbdbd bfbfbdbd bfbfbdbd
70f0: fffffdfd fffffdfd fffffdfd fffffdfd fffffdfd fffffdfd fffffdfd fffffdfd
70f8: fffffdfd fffffdfd fffffdfd fffffdfd fffffdfd fffffdfd fffffdfd fffffdfd
7100: bfbebfbe bfbebfbe bfbebfbe bfbebfbe bfbebfbe bfbebfbe bfbebfbe bfbebfbe
7108: bfbebfbe bfbebfbe bfbebfbe bfbebfbe bfbebfbe bfbebfbe bfbebfbe bfbebfbe
7110: fffefffe fffefffe fffefffe fffefffe fffefffe fffefffe fffefffe fffefffe
7118: fffefffe fffefffe fffefffe fffefffe fffefffe fffefffe fffefffe fffefffe
7120: bfbebfbe bfbebfbe bfbebfbe bfbebfbe bfbebfbe bfbebfbe bfbebfbe bfbebfbe
7128: bfbebfbe bfbebfbe bfbebfbe bfbebfbe bfbebfbe bfbebfbe bfbebfbe bfbebfbe
7130: fffefffe fffefffe fffefffe fffefffe fffefffe fffefffe fffefffe fffefffe
7138: fffefffe fffefffe fffefffe fffefffe fffefffe fffefffe fffefffe fffefffe
7140: bfbfbfbf bfbfbfbf bfbfbfbf bfbfbfbf bfbfbfbf bfbfbfbf bfbfbfbf bfbfbfbf
7148: bfbfbfbf bfbfbfbf bfbfbfbf bfbfbfbf bfbfbfbf bfbfbfbf bfbfbfbf bfbfbfbf
7150: ffffffff ffffffff ffffffff ffffffff ffffffff ffffffff ffffffff ffffffff
7158: ffffffff ffffffff ffffffff ffffffff ffffffff ffffffff ffffffff ffffffff
7160: bfbfbfbf bfbfbfbf bfbfbfbf bfbfbfbf bfbfbfbf bfbfbfbf bfbfbfbf bfbfbfbf
7168: bfbfbfbf bfbfbfbf bfbfbfbf bfbfbfbf bfbfbfbf bfbfbfbf bfbfbfbf bfbfbfbf
7170: ffffffff ffffffff ffffffff ffffffff ffffffff ffffffff ffffffff ffffffff
7178: ffffffff ffffffff ffffffff ffffffff ffffffff ffffffff ffffffff ffffffff
7180: c3c2c1c0 c7c6c5c4 cbcac9c8 cfcecdcc d3d2d1d0 d7d6d5d4 dbdad9d8 dfdedddc
7188: e3e2e1e0 e7e6e5e4 ebeae9e8 efeeedec f3f2f1f0 f7f6f5f4 fbfaf9f8 fffefdfc
7190: c3c2c1c0 c7c6c5c4 cbcac9c8 cfcecdcc d3d2d1d0 d7d6d5d4 dbdad9d8 dfdedddc
7198: e3e2e1e0 e7e6e5e4 ebeae9e8 efeeedec f3f2f1f0 f7f6f5f4 fbfaf9f8 fffefdfc
71a0: c3c2c1c0 c7c6c5c4 cbcac9c8 cfcecdcc d3d2d1d0 d7d6d5d4 dbdad9d8 dfdedddc
71a8: e3e2e1e0 e7e6e5e4 ebeae9e8 efeeedec f3f2f1f0 f7f6f5f4 fbfaf9f8 fffefdfc
71b0: c3c2c1c0 c7c6c5c4 cbcac9c8 cfcecdcc d3d2d1d0 d7d6d5d4 dbdad9d8 dfdedddc
71b8: e3e2e1e0 e7e6e5e4 ebeae9e8 efeeedec f3f2f1f0 f7f6f5f4 fbfaf9f8 fffefdfc
71c0: c3c3c1c1 c7c7c5c5 cbcbc9c9 cfcfcdcd d3d3d1d1 d7d7d5d5 dbdbd9d9 dfdfdddd
71c8: e3e3e1e1 e7e7e5e5 ebebe9e9 efefeded f3f3f1f1 f7f7f5f5 fbfbf9f9 fffffdfd
71d0: c3c3c1c1 c7c7c5c5 cbcbc9c9 cfcfcdcd d3d3d1d1 d7d7d5d5 dbdbd9d9 dfdfdddd
71d8: e3e3e1e1 e7e7e5e5 ebebe9e9 efefeded f3f3f1f1 f7f7f5f5 fbfbf9f9 fffffdfd
71e0: c3c3c1c1 c7c7c5c5 cbcbc9c9 cfcfcdcd d3d3d1d1 d7d7d5d5 dbdbd9d9 dfdfdddd
71e8: e3e3e1e1 e7e7e5e5 ebebe9e9 efefeded f3f3f1f1 f7f7f5f5 fbfbf9f9 fffffdfd
71f0: c3c3c1c1 c7c7c5c5 cbcbc9c9 cfcfcdcd d3d3d1d1 d7d7d5d5 dbdbd9d9 dfdfdddd
71f8: e3e3e1e1 e7e7e5e5 ebebe9e9 efefeded f3f3f1f1 f7f7f5f5 fbfbf9f9 fffffdfd
7200: c3c2c3c2 c7c6c7c6 cbcacbca cfcecfce d3d2d3d2 d7d6d7d6 dbdadbda dfdedfde
7208: e3e2e3e2 e7e6e7e6 ebeaebea efeeefee f3f2f3f2 f7f6f7f6 fbfafbfa fffefffe
7210: c3c2c3c2 c7c6c7c6 cbcacbca cfcecfce d3d2d3d2 d7d6d7d6 dbdadbda dfdedfde
7218: e3e2e3e2 e7e6e7e6 ebeaebea efeeefee f3f2f3f2 f7f6f7f6 fbfafbfa fffefffe
7220: c3c2c3c2 c7c6c7c6 cbcacbca cfcecfce d3d2d3d2 d7d6d7d6 dbdadbda dfdedfde
7228: e3e2e3e2 e7e6e7e6 ebeaebea efeeefee f3f2f3f2 f7f6f7f6 fbfafbfa fffefffe
7230: c3c2c3c2 c7c6c7c6 cbcacbca cfcecfce d3d2d3d2 d7d6d7d6 dbdadbda dfdedfde
7238: e3e2e3e2 e7e6e7e6 ebeaebea efeeefee f3f2f3f2 f7f6f7f6 fbfafbfa fffefffe
7240: c3c3c3c3 c7c7c7c7 cbcbcbcb cfcfcfcf d3d3d3d3 d7d7d7d7 dbdbdbdb dfdfdfdf
7248: e3e3e3e3 e7e7e7e7 ebebebeb efefefef f3f3f3f3 f7f7f7f7 fbfbfbfb ffffffff
7250: c3c3c3c3 c7c7c7c7 cbcbcbcb cfcfcfcf d3d3d3d3 d7d7d7d7 dbdbdbdb dfdfdfdf
7258: e3e3e3e3 e7e7e7e7 ebebebeb efefefef f3f3f3f3 f7f7f7f7 fbfbfbfb ffffffff
7260: c3c3c3c3 c7c7c7c7 cbcbcbcb cfcfcfcf d3d3d3d3 d7d7d7d7 dbdbdbdb dfdfdfdf
7268: e3e3e3e3 e7e7e7e7 ebebebeb efefefef f3f3f3f3 f7f7f7f7 fbfbfbfb ffffffff
7270: c3c3c3c3 c7c7c7c7 cbcbcbcb cfcfcfcf d3d3d3d3 d7d7d7d7 dbdbdbdb dfdfdfdf
7278: e3e3e3e3 e7e7e7e7 ebebebeb efefefef f3f3f3f3 f7f7f7f7 fbfbfbfb ffffffff
7280: c7c6c5c4 c7c6c5c4 cfcecdcc cfcecdcc d7d6d5d4 d7d6d5d4 dfdedddc dfdedddc
7288: e7e6e5e4 e7e6e5e4 efeeedec efeeedec f7f6f5f4 f7f6f5f4 fffefdfc fffefdfc
7290: c7c6c5c4 c7c6c5c4 cfcecdcc cfcecdcc d7d6d5d4 d7d6d5d4 dfdedddc dfdedddc
7298: e7e6e5e4 e7e6e5e4 efeeedec efeeedec f7f6f5f4 f7f6f5f4 fffefdfc fffefdfc
72a0: c7c6c5c4 c7c6c5c4 cfcecdcc cfcecdcc d7d6d5d4 d7d6d5d4 dfdedddc dfdedddc
72a8: e7e6e5e4 e7e6e5e4 efeeedec efeeedec f7f6f5f4 f7f6f5f4 fffefdfc fffefdfc
72b0: c7c6c5c4 c7c6c5c4 cfcecdcc cfcecdcc d7d6d5d4 d7d6d5d4 dfdedddc dfdedddc
72b8: e7e6e5e4 e7e6e5e4 efeeedec efeeedec f7f6f5f4 f7f6f5f4 fffefdfc fffefdfc
72c0: c7c7c5c5 c7c7c5c5 cfcfcdcd cfcfcdcd d7d7d5d5 d7d7d5d5 dfdfdddd dfdfdddd
72c8: e7e7e5e5 e7e7e5e5 efefeded efefeded f7f7f5f5 f7f7f5f5 fffffdfd fffffdfd
72d0: c7c7c5c5 c7c7c5c5 cfcfcdcd cfcfcdcd d7d7d5d5 d7d7d5d5 dfdfdddd dfdfdddd
72d8: e7e7e5e5 e7e7e5e5 efefeded efefeded f7f7f5f5 f7f7f5f5 fffffdfd fffffdfd
72e0: c7c7c5c5 c7c7c5c5 cfcfcdcd cfcfcdcd d7d7d5d5 d7d7d5d5 dfdfdddd dfdfdddd
72e8: e7e7e5e5 e7e7e5e5 efefeded efefeded f7f7f5f5 f7f7f5f5 fffffdfd fffffdfd
72f0: c7c7c5c5 c7c7c5c5 cfcfcdcd cfcfcdcd d7d7d5d5 d7d7d5d5 dfdfdddd dfdfdddd
72f8: e7e7e5e5 e7e7e5e5 efefeded efefeded f7f7f5f5 f7f7f5f5 fffffdfd fffffdfd
7300: c7c6c7c6 c7c6c7c6 cfcecfce cfcecfce d7d6d7d6 d7d6d7d6 dfdedfde dfdedfde
7308: e7e6e7e6 e7e6e7e6 efeeefee efeeefee f7f6f7f6 f7f6f7f6 fffefffe fffefffe
7310: c7c6c7c6 c7c6c7c6 cfcecfce cfcecfce d7d6d7d6 d7d6d7d6 dfdedfde dfdedfde
7318: e7e6e7e6 e7e6e7e6 efeeefee efeeefee f7f6f7f6 f7f6f7f6 fffefffe fffefffe
7320: c7c6c7c6 c7c6c7c6 cfcecfce cfcecfce d7d6d7d6 d7d6d7d6 dfdedfde dfdedfde
7328: e7e6e7e6 e7e6e7e6 efeeefee efeeefee f7f6f7f6 f7f6f7f6 fffefffe fffefffe
7330: c7c6c7c6 c7c6c7c6 cfcecfce cfcecfce d7d6d7d6 d7d6d7d6 dfdedfde dfdedfde
7338: e7e6e7e6 e7e6e7e6 efeeefee efeeefee f7f6f7f6 f7f6f7f6 fffefffe fffefffe
7340: c7c7c7c7 c7c7c7c7 cfcfcfcf cfcfcfcf d7d7d7d7 d7d7d7d7 dfdfdfdf dfdfdfdf
7348: e7e7e7e7 e7e7e7e7 efefefef efefefef f7f7f7f7 f7f7f7f7 ffffffff ffffffff
7350: c7c7c7c7 c7c7c7c7 cfcfcfcf cfcfcfcf d7d7d7d7 d7d7d7d7 dfdfdfdf dfdfdfdf
7358: e7e7e7e7 e7e7e7e7 efefefef efefefef f7f7f7f7 f7f7f7f7 ffffffff ffffffff
7360: c7c7c7c7 c7c7c7c7 cfcfcfcf cfcfcfcf d7d7d7d7 d7d7d7d7 dfdfdfdf dfdfdfdf
7368: e7e7e7e7 e7e7e7e7 efefefef efefefef f7f7f7f7 f7f7f7f7 ffffffff ffffffff
7370: c7c7c7c7 c7c7c7c7 cfcfcfcf cfcfcfcf d7d7d7d7 d7d7d7d7 dfdfdfdf dfdfdfdf
7378: e7e7e7e7 e7e7e7e7 efefefef efefefef f7f7f7f7 f7f7f7f7 ffffffff ffffffff
7380: cbcac9c8 cfcecdcc cbcac9c8 cfcecdcc dbdad9d8 dfdedddc dbdad9d8 dfdedddc
7388: ebeae9e8 efeeedec ebeae9e8 efeeedec fbfaf9f8 fffefdfc fbfaf9f8 fffefdfc
7390: cbcac9c8 cfcecdcc cbcac9c8 cfcecdcc dbdad9d8 dfdedddc dbdad9d8 dfdedddc
7398: ebeae9e8 efeeedec ebeae9e8 efeeedec fbfaf9f8 fffefdfc fbfaf9f8 fffefdfc
73a0: cbcac9c8 cfcecdcc cbcac9c8 cfcecdcc dbdad9d8 dfdedddc dbdad9d8 dfdedddc
73a8: ebeae9e8 efeeedec ebeae9e8 efeeedec fbfaf9f8 fffefdfc fbfaf9f8 fffefdfc
73b0: cbcac9c8 cfcecdcc cbcac9c8 cfcecdcc dbdad9d8 dfdedddc dbdad9d8 dfdedddc
73b8: ebeae9e8 efeeedec ebeae9e8 efeeedec fbfaf9f8 fffefdfc fbfaf9f8 fffefdfc
73c0: cbcbc9c9 cfcfcdcd cbcbc9c9 cfcfcdcd dbdbd9d9 dfdfdddd dbdbd9d9 dfdfdddd
73c8: ebebe9e9 efefeded ebebe9e9 efefeded fbfbf9f9 fffffdfd fbfbf9f9 fffffdfd
73d0: cbcbc9c9 cfcfcdcd cbcbc9c9 cfcfcdcd dbdbd9d9 dfdfdddd dbdbd9d9 dfdfdddd
73d8: ebebe9e9 efefeded ebebe9e9 efefeded fbfbf9f9 fffffdfd fbfbf9f9 fffffdfd
73e0: cbcbc9c9 cfcfcdcd cbcbc9c9 cfcfcdcd dbdbd9d9 dfdfdddd dbdbd9d9 dfdfdddd
73e8: ebebe9e9 efefeded ebebe9e9 efefeded fbfbf9f9 fffffdfd fbfbf9f9 fffffdfd
73f0: cbcbc9c9 cfcfcdcd cbcbc9c9 cfcfcdcd dbdbd9d9 dfdfdddd dbdbd9d9 dfdfdddd
73f8: ebebe9e9 efefeded ebebe9e9 efefeded fbfbf9f9 fffffdfd fbfbf9f9 fffffdfd
7400: cbcacbca cfcecfce cbcacbca cfcecfce dbdadbda dfdedfde dbdadbda dfdedfde
7408: ebeaebea efeeefee ebeaebea efeeefee fbfafbfa fffefffe fbfafbfa fffefffe
7410: cbcacbca cfcecfce cbcacbca cfcecfce dbdadbda dfdedfde dbdadbda dfdedfde
7418: ebeaebea efeeefee ebeaebea efeeefee fbfafbfa fffefffe fbfafbfa fffefffe
7420: cbcacbca cfcecfce cbcacbca cfcecfce dbdadbda dfdedfde dbdadbda dfdedfde
7428: ebeaebea efeeefee ebeaebea efeeefee fbfafbfa fffefffe fbfafbfa fffefffe
7430: cbcacbca cfcecfce cbcacbca cfcecfce dbdadbda dfdedfde dbdadbda dfdedfde
7438: ebeaebea efeeefee ebeaebea efeeefee fbfafbfa fffefffe fbfafbfa fffefffe
7440: cbcbcbcb cfcfcfcf cbcbcbcb cfcfcfcf dbdbdbdb dfdfdfdf dbdbdbdb dfdfdfdf
7448: ebebebeb efefefef ebebebeb efefefef fbfbfbfb ffffffff fbfbfbfb ffffffff
7450: cbcbcbcb cfcfcfcf cbcbcbcb cfcfcfcf dbdbdbdb dfdfdfdf dbdbdbdb dfdfdfdf
7458: ebebebeb efefefef ebebebeb efefefef fbfbfbfb ffffffff fbfbfbfb ffffffff
7460: cbcbcbcb cfcfcfcf cbcbcbcb cfcfcfcf dbdbdbdb dfdfdfdf dbdbdbdb dfdfdfdf
7468: ebebebeb efefefef ebebebeb efefefef fbfbfbfb ffffffff fbfbfbfb ffffffff
7470: cbcbcbcb cfcfcfcf cbcbcbcb cfcfcfcf dbdbdbdb dfdfdfdf dbdbdbdb dfdfdfdf
7478: ebebebeb efefefef ebebebeb efefefef fbfbfbfb ffffffff fbfbfbfb ffffffff
7480: cfcecdcc cfcecdcc cfcecdcc cfcecdcc dfdedddc dfdedddc dfdedddc dfdedddc
7488: efeeedec efeeedec efeeedec efeeedec fffefdfc fffefdfc fffefdfc fffefdfc
7490: cfcecdcc cfcecdcc cfcecdcc cfcecdcc dfdedddc dfdedddc dfdedddc dfdedddc
7498: efeeedec efeeedec efeeedec efeeedec fffefdfc fffefdfc fffefdfc fffefdfc
74a0: cfcecdcc cfcecdcc cfcecdcc cfcecdcc dfdedddc dfdedddc dfdedddc dfdedddc
74a8: efeeedec efeeedec efeeedec efeeedec fffefdfc fffefdfc fffefdfc fffefdfc
74b0: cfcecdcc cfcecdcc cfcecdcc cfcecdcc dfdedddc dfdedddc dfdedddc dfdedddc
74b8: efeeedec efeeedec efeeedec efeeedec fffefdfc fffefdfc fffefdfc fffefdfc
74c0: cfcfcdcd cfcfcdcd cfcfcdcd cfcfcdcd dfdfdddd dfdfdddd dfdfdddd dfdfdddd
74c8: efefeded efefeded efefeded efefeded fffffdfd fffffdfd fffffdfd fffffdfd
74d0: cfcfcdcd cfcfcdcd cfcfcdcd cfcfcdcd dfdfdddd dfdfdddd dfdfdddd dfdfdddd
74d8: efefeded efefeded efefeded efefeded fffffdfd fffffdfd fffffdfd fffffdfd
74e0: cfcfcdcd cfcfcdcd cfcfcdcd cfcfcdcd dfdfdddd dfdfdddd dfdfdddd dfdfdddd
74e8: efefeded efefeded efefeded efefeded fffffdfd fffffdfd fffffdfd fffffdfd
74f0: cfcfcdcd cfcfcdcd cfcfcdcd cfcfcdcd dfdfdddd dfdfdddd dfdfdddd dfdfdddd
74f8: efefeded efefeded efefeded efefeded fffffdfd fffffdfd fffffdfd fffffdfd
7500: cfcecfce cfcecfce cfcecfce cfcecfce dfdedfde dfdedfde dfdedfde dfdedfde
7508: efeeefee efeeefee efeeefee efeeefee fffefffe fffefffe fffefffe fffefffe
7510: cfcecfce cfcecfce cfcecfce cfcecfce dfdedfde dfdedfde dfdedfde dfdedfde
7518: efeeefee efeeefee efeeefee efeeefee fffefffe fffefffe fffefffe fffefffe
7520: cfcecfce cfcecfce cfcecfce cfcecfce dfdedfde dfdedfde dfdedfde dfdedfde
7528: efeeefee efeeefee efeeefee efeeefee fffefffe fffefffe fffefffe fffefffe
7530: cfcecfce cfcecfce cfcecfce cfcecfce dfdedfde dfdedfde dfdedfde dfdedfde
7538: efeeefee efeeefee efeeefee efeeefee fffefffe fffefffe fffefffe fffefffe
7540: cfcfcfcf cfcfcfcf cfcfcfcf cfcfcfcf dfdfdfdf dfdfdfdf dfdfdfdf dfdfdfdf
7548: efefefef efefefef efefefef efefefef ffffffff ffffffff ffffffff ffffffff
7550: cfcfcfcf cfcfcfcf cfcfcfcf cfcfcfcf dfdfdfdf dfdfdfdf dfdfdfdf dfdfdfdf
7558: efefefef efefefef efefefef efefefef ffffffff ffffffff ffffffff ffffffff
7560: cfcfcfcf cfcfcfcf cfcfcfcf cfcfcfcf dfdfdfdf dfdfdfdf dfdfdfdf dfdfdfdf
7568: efefefef efefefef efefefef efefefef ffffffff ffffffff ffffffff ffffffff
7570: cfcfcfcf cfcfcfcf cfcfcfcf cfcfcfcf dfdfdfdf dfdfdfdf dfdfdfdf dfdfdfdf
7578: efefefef efefefef efefefef efefefef ffffffff ffffffff ffffffff ffffffff
7580: d3d2d1d0 d7d6d5d4 dbdad9d8 dfdedddc d3d2d1d0 d7d6d5d4 dbdad9d8 dfdedddc
7588: f3f2f1f0 f7f6f5f4 fbfaf9f8 fffefdfc f3f2f1f0 f7f6f5f4 fbfaf9f8 fffefdfc
7590: d3d2d1d0 d7d6d5d4 dbdad9d8 dfdedddc d3d2d1d0 d7d6d5d4 dbdad9d8 dfdedddc
7598: f3f2f1f0 f7f6f5f4 fbfaf9f8 fffefdfc f3f2f1f0 f7f6f5f4 fbfaf9f8 fffefdfc
75a0: d3d2d1d0 d7d6d5d4 dbdad9d8 dfdedddc d3d2d1d0 d7d6d5d4 dbdad9d8 dfdedddc
75a8: f3f2f1f0 f7f6f5f4 fbfaf9f8 fffefdfc f3f2f1f0 f7f6f5f4 fbfaf9f8 fffefdfc
75b0: d3d2d1d0 d7d6d5d4 dbdad9d8 dfdedddc d3d2d1d0 d7d6d5d4 dbdad9d8 dfdedddc
75b8: f3f2f1f0 f7f6f5f4 fbfaf9f8 fffefdfc f3f2f1f0 f7f6f5f4 fbfaf9f8 fffefdfc
75c0: d3d3d1d1 d7d7d5d5 dbdbd9d9 dfdfdddd d3d3d1d1 d7d7d5d5 dbdbd9d9 dfdfdddd
75c8: f3f3f1f1 f7f7f5f5 fbfbf9f9 fffffdfd f3f3f1f1 f7f7f5f5 fbfbf9f9 fffffdfd
75d0: d3d3d1d1 d7d7d5d5 dbdbd9d9 dfdfdddd d3d3d1d1 d7d7d5d5 dbdbd9d9 dfdfdddd
75d8: f3f3f1f1 f7f7f5f5 fbfbf9f9 fffffdfd f3f3f1f1 f7f7f5f5 fbfbf9f9 fffffdfd
75e0: d3d3d1d1 d7d7d5d5 dbdbd9d9 dfdfdddd d3d3d1d1 d7d7d5d5 dbdbd9d9 dfdfdddd
75e8: f3f3f1f1 f7f7f5f5 fbfbf9f9 fffffdfd f3f3f1f1 f7f7f5f5 fbfbf9f9 fffffdfd
75f0: d3d3d1d1 d7d7d5d5 dbdbd9d9 dfdfdddd d3d3d1d1 d7d7d5d5 dbdbd9d9 dfdfdddd
75f8: f3f3f1f1 f7f7f5f5 fbfbf9f9 fffffdfd f3f3f1f1 f7f7f5f5 fbfbf9f9 fffffdfd
7600: d3d2d3d2 d7d6d7d6 dbdadbda dfdedfde d3d2d3d2 d7d6d7d6 dbdadbda dfdedfde
7608: f3f2f3f2 f7f6f7f6 fbfafbfa fffefffe f3f2f3f2 f7f6f7f6 fbfafbfa fffefffe
7610: d3d2d3d2 d7d6d7d6 dbdadbda dfdedfde d3d2d3d2 d7d6d7d6 dbdadbda dfdedfde
7618: f3f2f3f2 f7f6f7f6 fbfafbfa fffefffe f3f2f3f2 f7f6f7f6 fbfafbfa fffefffe
7620: d3d2d3d2 d7d6d7d6 dbdadbda dfdedfde d3d2d3d2 d7d6d7d6 dbdadbda dfdedfde
7628: f3f2f3f2 f7f6f7f6 fbfafbfa fffefffe f3f2f3f2 f7f6f7f6 fbfafbfa fffefffe
7630: d3d2d3d2 d7d6d7d6 dbdadbda dfdedfde d3d2d3d2 d7d6d7d6 dbdadbda dfdedfde
7638: f3f2f3f2 f7f6f7f6 fbfafbfa fffefffe f3f2f3f2 f7f6f7f6 fbfafbfa fffefffe
7640: d3d3d3d3 d7d7d7d7 dbdbdbdb dfdfdfdf d3d3d3d3 d7d7d7d7 dbdbdbdb dfdfdfdf
7648: f3f3f3f3 f7f7f7f7 fbfbfbfb ffffffff f3f3f3f3 f7f7f7f7 fbfbfbfb ffffffff
7650: d3d3d3d3 d7d7d7d7 dbdbdbdb dfdfdfdf d3d3d3d3 d7d7d7d7 dbdbdbdb dfdfdfdf
7658: f3f3f3f3 f7f7f7f7 fbfbfbfb ffffffff f3f3f3f3 f7f7f7f7 fbfbfbfb ffffffff
7660: d3d3d3d3 d7d7d7d7 dbdbdbdb dfdfdfdf d3d3d3d3 d7d7d7d7 dbdbdbdb dfdfdfdf
7668: f3f3f3f3 f7f7f7f7 fbfbfbfb ffffffff f3f3f3f3 f7f7f7f7 fbfbfbfb ffffffff
7670: d3d3d3d3 d7d7d7d7 dbdbdbdb dfdfdfdf d3d3d3d3 d7d7d7d7 dbdbdbdb dfdfdfdf
7678: f3f3f3f3 f7f7f7f7 fbfbfbfb ffffffff f3f3f3f3 f7f7f7f7 fbfbfbfb ffffffff
7680: d7d6d5d4 d7d6d5d4 dfdedddc dfdedddc d7d6d5d4 d7d6d5d4 dfdedddc dfdedddc
7688: f7f6f5f4 f7f6f5f4 fffefdfc fffefdfc f7f6f5f4 f7f6f5f4 fffefdfc fffefdfc
7690: d7d6d5d4 d7d6d5d4 dfdedddc dfdedddc d7d6d5d4 d7d6d5d4 dfdedddc dfdedddc
7698: f7f6f5f4 f7f6f5f4 fffefdfc fffefdfc f7f6f5f4 f7f6f5f4 fffefdfc fffefdfc
76a0: d7d6d5d4 d7d6d5d4 dfdedddc dfdedddc d7d6d5d4 d7d6d5d4 dfdedddc dfdedddc
76a8: f7f6f5f4 f7f6f5f4 fffefdfc fffefdfc f7f6f5f4 f7f6f5f4 fffefdfc fffefdfc
76b0: d7d6d5d4 d7d6d5d4 dfdedddc dfdedddc d7d6d5d4 d7d6d5d4 dfdedddc dfdedddc
76b8: f7f6f5f4 f7f6f5f4 fffefdfc fffefdfc f7f6f5f4 f7f6f5f4 fffefdfc fffefdfc
76c0: d7d7d5d5 d7d7d5d5 dfdfdddd dfdfdddd d7d7d5d5 d7d7d5d5 dfdfdddd dfdfdddd
76c8: f7f7f5f5 f7f7f5f5 fffffdfd fffffdfd f7f7f5f5 f7f7f5f5 fffffdfd fffffdfd
76d0: d7d7d5d5 d7d7d5d5 dfdfdddd dfdfdddd d7d7d5d5 d7d7d5d5 dfdfdddd dfdfdddd
76d8: f7f7f5f5 f7f7f5f5 fffffdfd fffffdfd f7f7f5f5 f7f7f5f5 fffffdfd fffffdfd
76e0: d7d7d5d5 d7d7d5d5 dfdfdddd dfdfdddd d7d7d5d5 d7d7d5d5 dfdfdddd dfdfdddd
76e8: f7f7f5f5 f7f7f5f5 fffffdfd fffffdfd f7f7f5f5 f7f7f5f5 fffffdfd fffffdfd
76f0: d7d7d5d5 d7d7d5d5 dfdfdddd dfdfdddd d7d7d5d5 d7d7d5d5 dfdfdddd dfdfdddd
76f8: f7f7f5f5 f7f7f5f5 fffffdfd fffffdfd f7f7f5f5 f7f7f5f5 fffffdfd fffffdfd
7700: d7d6d7d6 d7d6d7d6 dfdedfde dfdedfde d7d6d7d6 d7d6d7d6 dfdedfde dfdedfde
7708: f7f6f7f6 f7f6f7f6 fffefffe fffefffe f7f6f7f6 f7f6f7f6 fffefffe fffefffe
7710: d7d6d7d6 d7d6d7d6 dfdedfde dfdedfde d7d6d7d6 d7d6d7d6 dfdedfde dfdedfde
7718: f7f6f7f6 f7f6f7f6 fffefffe fffefffe f7f6f7f6 f7f6f7f6 fffefffe fffefffe
7720: d7d6d7d6 d7d6d7d6 dfdedfde dfdedfde d7d6d7d6 d7d6d7d6 dfdedfde dfdedfde
7728: f7f6f7f6 f7f6f7f6 fffefffe fffefffe f7f6f7f6 f7f6f7f6 fffefffe fffefffe
7730: d7d6d7d6 d7d6d7d6 dfdedfde dfdedfde d7d6d7d6 d7d6d7d6 dfdedfde dfdedfde
7738: f7f6f7f6 f7f6f7f6 fffefffe fffefffe f7f6f7f6 f7f6f7f6 fffefffe fffefffe
7740: d7d7d7d7 d7d7d7d7 dfdfdfdf dfdfdfdf d7d7d7d7 d7d7d7d7 dfdfdfdf dfdfdfdf
7748: f7f7f7f7 f7f7f7f7 ffffffff ffffffff f7f7f7f7 f7f7f7f7 ffffffff ffffffff
7750: d7d7d7d7 d7d7d7d7 dfdfdfdf dfdfdfdf d7d7d7d7 d7d7d7d7 dfdfdfdf dfdfdfdf
7758: f7f7f7f7 f7f7f7f7 ffffffff ffffffff f7f7f7f7 f7f7f7f7 ffffffff ffffffff
7760: d7d7d7d7 d7d7d7d7 dfdfdfdf dfdfdfdf d7d7d7d7 d7d7d7d7 dfdfdfdf dfdfdfdf
7768: f7f7f7f7 f7f7f7f7 ffffffff ffffffff f7f7f7f7 f7f7f7f7 ffffffff ffffffff
7770: d7d7d7d7 d7d7d7d7 dfdfdfdf dfdfdfdf d7d7d7d7 d7d7d7d7 dfdfdfdf dfdfdfdf
7778: f7f7f7f7 f7f7f7f7 ffffffff ffffffff f7f7f7f7 f7f7f7f7 ffffffff ffffffff
7780: dbdad9d8 dfdedddc dbdad9d8 dfdedddc dbdad9d8 dfdedddc dbdad9d8 dfdedddc
7788: fbfaf9f8 fffefdfc fbfaf9f8 fffefdfc fbfaf9f8 fffefdfc fbfaf9f8 fffefdfc
7790: dbdad9d8 dfdedddc dbdad9d8 dfdedddc dbdad9d8 dfdedddc dbdad9d8 dfdedddc
7798: fbfaf9f8 fffefdfc fbfaf9f8 fffefdfc fbfaf9f8 fffefdfc fbfaf9f8 fffefdfc
77a0: dbdad9d8 dfdedddc dbdad9d8 dfdedddc dbdad9d8 dfdedddc dbdad9d8 dfdedddc
77a8: fbfaf9f8 fffefdfc fbfaf9f8 fffefdfc fbfaf9f8 fffefdfc fbfaf9f8 fffefdfc
77b0: dbdad9d8 dfdedddc dbdad9d8 dfdedddc dbdad9d8 dfdedddc dbdad9d8 dfdedddc
77b8: fbfaf9f8 fffefdfc fbfaf9f8 fffefdfc fbfaf9f8 fffefdfc fbfaf9f8 fffefdfc
77c0: dbdbd9d9 dfdfdddd dbdbd9d9 dfdfdddd dbdbd9d9 dfdfdddd dbdbd9d9 dfdfdddd
77c8: fbfbf9f9 fffffdfd fbfbf9f9 fffffdfd fbfbf9f9 fffffdfd fbfbf9f9 fffffdfd
77d0: dbdbd9d9 dfdfdddd dbdbd9d9 dfdfdddd dbdbd9d9 dfdfdddd dbdbd9d9 dfdfdddd
77d8: fbfbf9f9 fffffdfd fbfbf9f9 fffffdfd fbfbf9f9 fffffdfd fbfbf9f9 fffffdfd
77e0: dbdbd9d9 dfdfdddd dbdbd9d9 dfdfdddd dbdbd9d9 dfdfdddd dbdbd9d9 dfdfdddd
77e8: fbfbf9f9 fffffdfd fbfbf9f9 fffffdfd fbfbf9f9 fffffdfd fbfbf9f9 fffffdfd
77f0: dbdbd9d9 dfdfdddd dbdbd9d9 dfdfdddd dbdbd9d9 dfdfdddd dbdbd9d9 dfdfdddd
77f8: fbfbf9f9 fffffdfd fbfbf9f9 fffffdfd fbfbf9f9 fffffdfd fbfbf9f9 fffffdfd
7800: dbdadbda dfdedfde dbdadbda dfdedfde dbdadbda dfdedfde dbdadbda dfdedfde
7808: fbfafbfa fffefffe fbfafbfa fffefffe fbfafbfa fffefffe fbfafbfa fffefffe
7810: dbdadbda dfdedfde dbdadbda dfdedfde dbdadbda dfdedfde dbdadbda dfdedfde
7818: fbfafbfa fffefffe fbfafbfa fffefffe fbfafbfa fffefffe fbfafbfa fffefffe
7820: dbdadbda dfdedfde dbdadbda dfdedfde dbdadbda dfdedfde dbdadbda dfdedfde
7828: fbfafbfa fffefffe fbfafbfa fffefffe fbfafbfa fffefffe fbfafbfa fffefffe
7830: dbdadbda dfdedfde dbdadbda dfdedfde dbdadbda dfdedfde dbdadbda dfdedfde
7838: fbfafbfa fffefffe fbfafbfa fffefffe fbfafbfa fffefffe fbfafbfa fffefffe
7840: dbdbdbdb dfdfdfdf dbdbdbdb dfdfdfdf dbdbdbdb dfdfdfdf dbdbdbdb dfdfdfdf
7848: fbfbfbfb ffffffff fbfbfbfb ffffffff fbfbfbfb ffffffff fbfbfbfb ffffffff
7850: dbdbdbdb dfdfdfdf dbdbdbdb dfdfdfdf dbdbdbdb dfdfdfdf dbdbdbdb dfdfdfdf
7858: fbfbfbfb ffffffff fbfbfbfb ffffffff fbfbfbfb ffffffff fbfbfbfb ffffffff
7860: dbdbdbdb dfdfdfdf dbdbdbdb dfdfdfdf dbdbdbdb dfdfdfdf dbdbdbdb dfdfdfdf
7868: fbfbfbfb ffffffff fbfbfbfb ffffffff fbfbfbfb ffffffff fbfbfbfb ffffffff
7870: dbdbdbdb dfdfdfdf dbdbdbdb dfdfdfdf dbdbdbdb dfdfdfdf dbdbdbdb dfdfdfdf
7878: fbfbfbfb ffffffff fbfbfbfb ffffffff fbfbfbfb ffffffff fbfbfbfb ffffffff
7880: dfdedddc dfdedddc dfdedddc dfdedddc dfdedddc dfdedddc dfdedddc dfdedddc
7888: fffefdfc fffefdfc fffefdfc fffefdfc fffefdfc fffefdfc fffefdfc fffefdfc
7890: dfdedddc dfdedddc dfdedddc dfdedddc dfdedddc dfdedddc dfdedddc dfdedddc
7898: fffefdfc fffefdfc fffefdfc fffefdfc fffefdfc fffefdfc fffefdfc fffefdfc
78a0: dfdedddc dfdedddc dfdedddc dfdedddc dfdedddc dfdedddc dfdedddc dfdedddc
78a8: fffefdfc fffefdfc fffefdfc fffefdfc fffefdfc fffefdfc fffefdfc fffefdfc
78b0: dfdedddc dfdedddc dfdedddc dfdedddc dfdedddc dfdedddc dfdedddc dfdedddc
78b8: fffefdfc fffefdfc fffefdfc fffefdfc fffefdfc fffefdfc fffefdfc fffefdfc
78c0: dfdfdddd dfdfdddd dfdfdddd dfdfdddd dfdfdddd dfdfdddd dfdfdddd dfdfdddd
78c8: fffffdfd fffffdfd fffffdfd fffffdfd fffffdfd fffffdfd fffffdfd fffffdfd
78d0: dfdfdddd dfdfdddd dfdfdddd dfdfdddd dfdfdddd dfdfdddd dfdfdddd dfdfdddd
78d8: fffffdfd fffffdfd fffffdfd fffffdfd fffffdfd fffffdfd fffffdfd fffffdfd
78e0: dfdfdddd dfdfdddd dfdfdddd dfdfdddd dfdfdddd dfdfdddd dfdfdddd dfdfdddd
78e8: fffffdfd fffffdfd fffffdfd fffffdfd fffffdfd fffffdfd fffffdfd fffffdfd
78f0: dfdfdddd dfdfdddd dfdfdddd dfdfdddd dfdfdddd dfdfdddd dfdfdddd dfdfdddd
78f8: fffffdfd fffffdfd fffffdfd fffffdfd fffffdfd fffffdfd fffffdfd fffffdfd
7900: dfdedfde dfdedfde dfdedfde dfdedfde dfdedfde dfdedfde dfdedfde dfdedfde
7908: fffefffe fffefffe fffefffe fffefffe fffefffe fffefffe fffefffe fffefffe
7910: dfdedfde dfdedfde dfdedfde dfdedfde dfdedfde dfdedfde dfdedfde dfdedfde
7918: fffefffe fffefffe fffefffe fffefffe fffefffe fffefffe fffefffe fffefffe
7920: dfdedfde dfdedfde dfdedfde dfdedfde dfdedfde dfdedfde dfdedfde dfdedfde
7928: fffefffe fffefffe fffefffe fffefffe fffefffe fffefffe fffefffe fffefffe
7930: dfdedfde dfdedfde dfdedfde dfdedfde dfdedfde dfdedfde dfdedfde dfdedfde
7938: fffefffe fffefffe fffefffe fffefffe fffefffe fffefffe fffefffe fffefffe
7940: dfdfdfdf dfdfdfdf dfdfdfdf dfdfdfdf dfdfdfdf dfdfdfdf dfdfdfdf dfdfdfdf
7948: ffffffff ffffffff ffffffff ffffffff ffffffff ffffffff ffffffff ffffffff
7950: dfdfdfdf dfdfdfdf dfdfdfdf dfdfdfdf dfdfdfdf dfdfdfdf dfdfdfdf dfdfdfdf
7958: ffffffff ffffffff ffffffff ffffffff ffffffff ffffffff ffffffff ffffffff
7960: dfdfdfdf dfdfdfdf dfdfdfdf dfdfdfdf dfdfdfdf dfdfdfdf dfdfdfdf dfdfdfdf
7968: ffffffff ffffffff ffffffff ffffffff ffffffff ffffffff ffffffff ffffffff
7970: dfdfdfdf dfdfdfdf dfdfdfdf dfdfdfdf dfdfdfdf dfdfdfdf dfdfdfdf dfdfdfdf
7978: ffffffff ffffffff ffffffff ffffffff ffffffff ffffffff ffffffff ffffffff
7980: e3e2e1e0 e7e6e5e4 ebeae9e8 efeeedec f3f2f1f0 f7f6f5f4 fbfaf9f8 fffefdfc
7988: e3e2e1e0 e7e6e5e4 ebeae9e8 efeeedec f3f2f1f0 f7f6f5f4 fbfaf9f8 fffefdfc
7990: e3e2e1e0 e7e6e5e4 ebeae9e8 efeeedec f3f2f1f0 f7f6f5f4 fbfaf9f8 fffefdfc
7998: e3e2e1e0 e7e6e5e4 ebeae9e8 efeeedec f3f2f1f0 f7f6f5f4 fbfaf9f8 fffefdfc
79a0: e3e2e1e0 e7e6e5e4 ebeae9e8 efeeedec f3f2f1f0 f7f6f5f4 fbfaf9f8 fffefdfc
79a8: e3e2e1e0 e7e6e5e4 ebeae9e8 efeeedec f3f2f1f0 f7f6f5f4 fbfaf9f8 fffefdfc
79b0: e3e2e1e0 e7e6e5e4 ebeae9e8 efeeedec f3f2f1f0 f7f6f5f4 fbfaf9f8 fffefdfc
79b8: e3e2e1e0 e7e6e5e4 ebeae9e8 efeeedec f3f2f1f0 f7f6f5f4 fbfaf9f8 fffefdfc
79c0: e3e3e1e1 e7e7e5e5 ebebe9e9 efefeded f3f3f1f1 f7f7f5f5 fbfbf9f9 fffffdfd
79c8: e3e3e1e1 e7e7e5e5 ebebe9e9 efefeded f3f3f1f1 f7f7f5f5 fbfbf9f9 fffffdfd
79d0: e3e3e1e1 e7e7e5e5 ebebe9e9 efefeded f3f3f1f1 f7f7f5f5 fbfbf9f9 fffffdfd
79d8: e3e3e1e1 e7e7e5e5 ebebe9e9 efefeded f3f3f1f1 f7f7f5f5 fbfbf9f9 fffffdfd
79e0: e3e3e1e1 e7e7e5e5 ebebe9e9 efefeded f3f3f1f1 f7f7f5f5 fbfbf9f9 fffffdfd
79e8: e3e3e1e1 e7e7e5e5 ebebe9e9 efefeded f3f3f1f1 f7f7f5f5 fbfbf9f9 fffffdfd
79f0: e3e3e1e1 e7e7e5e5 ebebe9e9 efefeded f3f3f1f1 f7f7f5f5 fbfbf9f9 fffffdfd
79f8: e3e3e1e1 e7e7e5e5 ebebe9e9 efefeded f3f3f1f1 f7f7f5f5 fbfbf9f9 fffffdfd
7a00: e3e2e3e2 e7e6e7e6 ebeaebea efeeefee f3f2f3f2 f7f6f7f6 fbfafbfa fffefffe
7a08: e3e2e3e2 e7e6e7e6 ebeaebea efeeefee f3f2f3f2 f7f6f7f6 fbfafbfa fffefffe
7a10: e3e2e3e2 e7e6e7e6 ebeaebea efeeefee f3f2f3f2 f7f6f7f6 fbfafbfa fffefffe
7a18: e3e2e3e2 e7e6e7e6 ebeaebea efeeefee f3f2f3f2 f7f6f7f6 fbfafbfa fffefffe
7a20: e3e2e3e2 e7e6e7e6 ebeaebea efeeefee f3f2f3f2 f7f6f7f6 fbfafbfa fffefffe
7a28: e3e2e3e2 e7e6e7e6 ebeaebea efeeefee f3f2f3f2 f7f6f7f6 fbfafbfa fffefffe
7a30: e3e2e3e2 e7e6e7e6 ebeaebea efeeefee f3f2f3f2 f7f6f7f6 fbfafbfa fffefffe
7a38: e3e2e3e2 e7e6e7e6 ebeaebea efeeefee f3f2f3f2 f7f6f7f6 fbfafbfa fffefffe
7a40: e3e3e3e3 e7e7e7e7 ebebebeb efefefef f3f3f3f3 f7f7f7f7 fbfbfbfb ffffffff
7a48: e3e3e3e3 e7e7e7e7 ebebebeb efefefef f3f3f3f3 f7f7f7f7 fbfbfbfb ffffffff
7a50: e3e3e3e3 e7e7e7e7 ebebebeb efefefef f3f3f3f3 f7f7f7f7 fbfbfbfb ffffffff
7a58: e3e3e3e3 e7e7e7e7 ebebebeb efefefef f3f3f3f3 f7f7f7f7 fbfbfbfb ffffffff
7a60: e3e3e3e3 e7e7e7e7 ebebebeb efefefef f3f3f3f3 f7f7f7f7 fbfbfbfb ffffffff
7a68: e3e3e3e3 e7e7e7e7 ebebebeb efefefef f3f3f3f3 f7f7f7f7 fbfbfbfb ffffffff
7a70: e3e3e3e3 e7e7e7e7 ebebebeb efefefef f3f3f3f3 f7f7f7f7 fbfbfbfb ffffffff
7a78: e3e3e3e3 e7e7e7e7 ebebebeb efefefef f3f3f3f3 f7f7f7f7 fbfbfbfb ffffffff
7a80: e7e6e5e4 e7e6e5e4 efeeedec efeeedec f7f6f5f4 f7f6f5f4 fffefdfc fffefdfc
7a88: e7e6e5e4 e7e6e5e4 efeeedec efeeedec f7f6f5f4 f7f6f5f4 fffefdfc fffefdfc
7a90: e7e6e5e4 e7e6e5e4 efeeedec efeeedec f7f6f5f4 f7f6f5f4 fffefdfc fffefdfc
7a98: e7e6e5e4 e7e6e5e4 efeeedec efeeedec f7f6f5f4 f7f6f5f4 fffefdfc fffefdfc
7aa0: e7e6e5e4 e7e6e5e4 efeeedec efeeedec f7f6f5f4 f7f6f5f4 fffefdfc fffefdfc
7aa8: e7e6e5e4 e7e6e5e4 efeeedec efeeedec f7f6f5f4 f7f6f5f4 fffefdfc fffefdfc
7ab0: e7e6e5e4 e7e6e5e4 efeeedec efeeedec f7f6f5f4 f7f6f5f4 fffefdfc fffefdfc
7ab8: e7e6e5e4 e7e6e5e4 efeeedec efeeedec f7f6f5f4 f7f6f5f4 fffefdfc fffefdfc
7ac0: e7e7e5e5 e7e7e5e5 efefeded efefeded f7f7f5f5 f7f7f5f5 fffffdfd fffffdfd
7ac8: e7e7e5e5 e7e7e5e5 efefeded efefeded f7f7f5f5 f7f7f5f5 fffffdfd fffffdfd
7ad0: e7e7e5e5 e7e7e5e5 efefeded efefeded f7f7f5f5 f7f7f5f5 fffffdfd fffffdfd
7ad8: e7e7e5e5 e7e7e5e5 efefeded efefeded f7f7f5f5 f7f7f5f5 fffffdfd fffffdfd
7ae0: e7e7e5e5 e7e7e5e5 efefeded efefeded f7f7f5f5 f7f7f5f5 fffffdfd fffffdfd
7ae8: e7e7e5e5 e7e7e5e5 efefeded efefeded f7f7f5f5 f7f7f5f5 fffffdfd fffffdfd
7af0: e7e7e5e5 e7e7e5e5 efefeded efefeded f7f7f5f5 f7f7f5f5 fffffdfd fffffdfd
7af8: e7e7e5e5 e7e7e5e5 efefeded efefeded f7f7f5f5 f7f7f5f5 fffffdfd fffffdfd
7b00: e7e6e7e6 e7e6e7e6 efeeefee efeeefee f7f6f7f6 f7f6f7f6 fffefffe fffefffe
7b08: e7e6e7e6 e7e6e7e6 efeeefee efeeefee f7f6f7f6 f7f6f7f6 fffefffe fffefffe
7b10: e7e6e7e6 e7e6e7e6 efeeefee efeeefee f7f6f7f6 f7f6f7f6 fffefffe fffefffe
7b18: e7e6e7e6 e7e6e7e6 efeeefee efeeefee f7f6f7f6 f7f6f7f6 fffefffe fffefffe
7b20: e7e6e7e6 e7e6e7e6 efeeefee efeeefee f7f6f7f6 f7f6f7f6 fffefffe fffefffe
7b28: e7e6e7e6 e7e6e7e6 efeeefee efeeefee f7f6f7f6 f7f6f7f6 fffefffe fffefffe
7b30: e7e6e7e6 e7e6e7e6 efeeefee efeeefee f7f6f7f6 f7f6f7f6 fffefffe fffefffe
7b38: e7e6e7e6 e7e6e7e6 efeeefee efeeefee f7f6f7f6 f7f6f7f6 fffefffe fffefffe
7b40: e7e7e7e7 e7e7e7e7 efefefef efefefef f7f7f7f7 f7f7f7f7 ffffffff ffffffff
7b48: e7e7e7e7 e7e7e7e7 efefefef efefefef f7f7f7f7 f7f7f7f7 ffffffff ffffffff
7b50: e7e7e7e7 e7e7e7e7 efefefef efefefef f7f7f7f7 f7f7f7f7 ffffffff ffffffff
7b58: e7e7e7e7 e7e7e7e7 efefefef efefefef f7f7f7f7 f7f7f7f7 ffffffff ffffffff
7b60: e7e7e7e7 e7e7e7e7 efefefef efefefef f7f7f7f7 f7f7f7f7 ffffffff ffffffff
7b68: e7e7e7e7 e7e7e7e7 efefefef efefefef f7f7f7f7 f7f7f7f7 ffffffff ffffffff
7b70: e7e7e7e7 e7e7e7e7 efefefef efefefef f7f7f7f7 f7f7f7f7 ffffffff ffffffff
7b78: e7e7e7e7 e7e7e7e7 efefefef efefefef f7f7f7f7 f7f7f7f7 ffffffff ffffffff
7b80: ebeae9e8 efeeedec ebeae9e8 efeeedec fbfaf9f8 fffefdfc fbfaf9f8 fffefdfc
7b88: ebeae9e8 efeeedec ebeae9e8 efeeedec fbfaf9f8 fffefdfc fbfaf9f8 fffefdfc
7b90: ebeae9e8 efeeedec ebeae9e8 efeeedec fbfaf9f8 fffefdfc fbfaf9f8 fffefdfc
7b98: ebeae9e8 efeeedec ebeae9e8 efeeedec fbfaf9f8 fffefdfc fbfaf9f8 fffefdfc
7ba0: ebeae9e8 efeeedec ebeae9e8 efeeedec fbfaf9f8 fffefdfc fbfaf9f8 fffefdfc
7ba8: ebeae9e8 efeeedec ebeae9e8 efeeedec fbfaf9f8 fffefdfc fbfaf9f8 fffefdfc
7bb0: ebeae9e8 efeeedec ebeae9e8 efeeedec fbfaf9f8 fffefdfc fbfaf9f8 fffefdfc
7bb8: ebeae9e8 efeeedec ebeae9e8 efeeedec fbfaf9f8 fffefdfc fbfaf9f8 fffefdfc
7bc0: ebebe9e9 efefeded ebebe9e9 efefeded fbfbf9f9 fffffdfd fbfbf9f9 fffffdfd
7bc8: ebebe9e9 efefeded ebebe9e9 efefeded fbfbf9f9 fffffdfd fbfbf9f9 fffffdfd
7bd0: ebebe9e9 efefeded ebebe9e9 efefeded fbfbf9f9 fffffdfd fbfbf9f9 fffffdfd
7bd8: ebebe9e9 efefeded ebebe9e9 efefeded fbfbf9f9 fffffdfd fbfbf9f9 fffffdfd
7be0: ebebe9e9 efefeded ebebe9e9 efefeded fbfbf9f9 fffffdfd fbfbf9f9 fffffdfd
7be8: ebebe9e9 efefeded ebebe9e9 efefeded fbfbf9f9 fffffdfd fbfbf9f9 fffffdfd
7bf0: ebebe9e9 efefeded ebebe9e9 efefeded fbfbf9f9 fffffdfd fbfbf9f9 fffffdfd
7bf8: ebebe9e9 efefeded ebebe9e9 efefeded fbfbf9f9 fffffdfd fbfbf9f9 fffffdfd
7c00: ebeaebea efeeefee ebeaebea efeeefee fbfafbfa fffefffe fbfafbfa fffefffe
7c08: ebeaebea efeeefee ebeaebea efeeefee fbfafbfa fffefffe fbfafbfa fffefffe
7c10: ebeaebea efeeefee ebeaebea efeeefee fbfafbfa fffefffe fbfafbfa fffefffe
7c18: ebeaebea efeeefee ebeaebea efeeefee fbfafbfa fffefffe fbfafbfa fffefffe
7c20: ebeaebea efeeefee ebeaebea efeeefee fbfafbfa fffefffe fbfafbfa fffefffe
7c28: ebeaebea efeeefee ebeaebea efeeefee fbfafbfa fffefffe fbfafbfa fffefffe
7c30: ebeaebea efeeefee ebeaebea efeeefee fbfafbfa fffefffe fbfafbfa fffefffe
7c38: ebeaebea efeeefee ebeaebea efeeefee fbfafbfa fffefffe fbfafbfa fffefffe
7c40: ebebebeb efefefef ebebebeb efefefef fbfbfbfb ffffffff fbfbfbfb ffffffff
7c48: ebebebeb efefefef ebebebeb efefefef fbfbfbfb ffffffff fbfbfbfb ffffffff
7c50: ebebebeb efefefef ebebebeb efefefef fbfbfbfb ffffffff fbfbfbfb ffffffff
7c58: ebebebeb efefefef ebebebeb efefefef fbfbfbfb ffffffff fbfbfbfb ffffffff
7c60: ebebebeb efefefef ebebebeb efefefef fbfbfbfb ffffffff fbfbfbfb ffffffff
7c68: ebebebeb efefefef ebebebeb efefefef fbfbfbfb ffffffff fbfbfbfb ffffffff
7c70: ebebebeb efefefef ebebebeb efefefef fbfbfbfb ffffffff fbfbfbfb ffffffff
7c78: ebebebeb efefefef ebebebeb efefefef fbfbfbfb ffffffff fbfbfbfb ffffffff
7c80: efeeedec efeeedec efeeedec efeeedec fffefdfc fffefdfc fffefdfc fffefdfc
7c88: efeeedec efeeedec efeeedec efeeedec fffefdfc fffefdfc fffefdfc fffefdfc
7c90: efeeedec efeeedec efeeedec efeeedec fffefdfc fffefdfc fffefdfc fffefdfc
7c98: efeeedec efeeedec efeeedec efeeedec fffefdfc fffefdfc fffefdfc fffefdfc
7ca0: efeeedec efeeedec efeeedec efeeedec fffefdfc fffefdfc fffefdfc fffefdfc
7ca8: efeeedec efeeedec efeeedec efeeedec fffefdfc fffefdfc fffefdfc fffefdfc
7cb0: efeeedec efeeedec efeeedec efeeedec fffefdfc fffefdfc fffefdfc fffefdfc
7cb8: efeeedec efeeedec efeeedec efeeedec fffefdfc fffefdfc fffefdfc fffefdfc
7cc0: efefeded efefeded efefeded efefeded fffffdfd fffffdfd fffffdfd fffffdfd
7cc8: efefeded efefeded efefeded efefeded fffffdfd fffffdfd fffffdfd fffffdfd
7cd0: efefeded efefeded efefeded efefeded fffffdfd fffffdfd fffffdfd fffffdfd
7cd8: efefeded efefeded efefeded efefeded fffffdfd fffffdfd fffffdfd fffffdfd
7ce0: efefeded efefeded efefeded efefeded fffffdfd fffffdfd fffffdfd fffffdfd
7ce8: efefeded efefeded efefeded efefeded fffffdfd fffffdfd fffffdfd fffffdfd
7cf0: efefeded efefeded efefeded efefeded fffffdfd fffffdfd fffffdfd fffffdfd
7cf8: efefeded efefeded efefeded efefeded fffffdfd fffffdfd fffffdfd fffffdfd
7d00: efeeefee efeeefee efeeefee efeeefee fffefffe fffefffe fffefffe fffefffe
7d08: efeeefee efeeefee efeeefee efeeefee fffefffe fffefffe fffefffe fffefffe
7d10: efeeefee efeeefee efeeefee efeeefee fffefffe fffefffe fffefffe fffefffe
7d18: efeeefee efeeefee efeeefee efeeefee fffefffe fffefffe fffefffe fffefffe
7d20: efeeefee efeeefee efeeefee efeeefee fffefffe fffefffe fffefffe fffefffe
7d28: efeeefee efeeefee efeeefee efeeefee fffefffe fffefffe fffefffe fffefffe
7d30: efeeefee efeeefee efeeefee efeeefee fffefffe fffefffe fffefffe fffefffe
7d38: efeeefee efeeefee efeeefee efeeefee fffefffe fffefffe fffefffe fffefffe
7d40: efefefef efefefef efefefef efefefef ffffffff ffffffff ffffffff ffffffff
7d48: efefefef efefefef efefefef efefefef ffffffff ffffffff ffffffff ffffffff
7d50: efefefef efefefef efefefef efefefef ffffffff ffffffff ffffffff ffffffff
7d58: efefefef efefefef efefefef efefefef ffffffff ffffffff ffffffff ffffffff
7d60: efefefef efefefef efefefef efefefef ffffffff ffffffff ffffffff ffffffff
7d68: efefefef efefefef efefefef efefefef ffffffff ffffffff ffffffff ffffffff
7d70: efefefef efefefef efefefef efefefef ffffffff ffffffff ffffffff ffffffff
7d78: efefefef efefefef efefefef efefefef ffffffff ffffffff ffffffff ffffffff
7d80: f3f2f1f0 f7f6f5f4 fbfaf9f8 fffefdfc f3f2f1f0 f7f6f5f4 fbfaf9f8 fffefdfc
7d88: f3f2f1f0 f7f6f5f4 fbfaf9f8 fffefdfc f3f2f1f0 f7f6f5f4 fbfaf9f8 fffefdfc
7d90: f3f2f1f0 f7f6f5f4 fbfaf9f8 fffefdfc f3f2f1f0 f7f6f5f4 fbfaf9f8 fffefdfc
7d98: f3f2f1f0 f7f6f5f4 fbfaf9f8 fffefdfc f3f2f1f0 f7f6f5f4 fbfaf9f8 fffefdfc
7da0: f3f2f1f0 f7f6f5f4 fbfaf9f8 fffefdfc f3f2f1f0 f7f6f5f4 fbfaf9f8 fffefdfc
7da8: f3f2f1f0 f7f6f5f4 fbfaf9f8 fffefdfc f3f2f1f0 f7f6f5f4 fbfaf9f8 fffefdfc
7db0: f3f2f1f0 f7f6f5f4 fbfaf9f8 fffefdfc f3f2f1f0 f7f6f5f4 fbfaf9f8 fffefdfc
7db8: f3f2f1f0 f7f6f5f4 fbfaf9f8 fffefdfc f3f2f1f0 f7f6f5f4 fbfaf9f8 fffefdfc
7dc0: f3f3f1f1 f7f7f5f5 fbfbf9f9 fffffdfd f3f3f1f1 f7f7f5f5 fbfbf9f9 fffffdfd
7dc8: f3f3f1f1 f7f7f5f5 fbfbf9f9 fffffdfd f3f3f1f1 f7f7f5f5 fbfbf9f9 fffffdfd
7dd0: f3f3f1f1 f7f7f5f5 fbfbf9f9 fffffdfd f3f3f1f1 f7f7f5f5 fbfbf9f9 fffffdfd
7dd8: f3f3f1f1 f7f7f5f5 fbfbf9f9 fffffdfd f3f3f1f1 f7f7f5f5 fbfbf9f9 fffffdfd
7de0: f3f3f1f1 f7f7f5f5 fbfbf9f9 fffffdfd f3f3f1f1 f7f7f5f5 fbfbf9f9 fffffdfd
7de8: f3f3f1f1 f7f7f5f5 fbfbf9f9 fffffdfd f3f3f1f1 f7f7f5f5 fbfbf9f9 fffffdfd
7df0: f3f3f1f1 f7f7f5f5 fbfbf9f9 fffffdfd f3f3f1f1 f7f7f5f5 fbfbf9f9 fffffdfd
7df8: f3f3f1f1 f7f7f5f5 fbfbf9f9 fffffdfd f3f3f1f1 f7f7f5f5 fbfbf9f9 fffffdfd
7e00: f3f2f3f2 f7f6f7f6 fbfafbfa fffefffe f3f2f3f2 f7f6f7f6 fbfafbfa fffefffe
7e08: f3f2f3f2 f7f6f7f6 fbfafbfa fffefffe f3f2f3f2 f7f6f7f6 fbfafbfa fffefffe
7e10: f3f2f3f2 f7f6f7f6 fbfafbfa fffefffe f3f2f3f2 f7f6f7f6 fbfafbfa fffefffe
7e18: f3f2f3f2 f7f6f7f6 fbfafbfa fffefffe f3f2f3f2 f7f6f7f6 fbfafbfa fffefffe
7e20: f3f2f3f2 f7f6f7f6 fbfafbfa fffefffe f3f2f3f2 f7f6f7f6 fbfafbfa fffefffe
7e28: f3f2f3f2 f7f6f7f6 fbfafbfa fffefffe f3f2f3f2 f7f6f7f6 fbfafbfa fffefffe
7e30: f3f2f3f2 f7f6f7f6 fbfafbfa fffefffe f3f2f3f2 f7f6f7f6 fbfafbfa fffefffe
7e38: f3f2f3f2 f7f6f7f6 fbfafbfa fffefffe f3f2f3f2 f7f6f7f6 fbfafbfa fffefffe
7e40: f3f3f3f3 f7f7f7f7 fbfbfbfb ffffffff f3f3f3f3 f7f7f7f7 fbfbfbfb ffffffff
7e48: f3f3f3f3 f7f7f7f7 fbfbfbfb ffffffff f3f3f3f3 f7f7f7f7 fbfbfbfb ffffffff
7e50: f3f3f3f3 f7f7f7f7 fbfbfbfb ffffffff f3f3f3f3 f7f7f7f7 fbfbfbfb ffffffff
7e58: f3f3f3f3 f7f7f7f7 fbfbfbfb ffffffff f3f3f3f3 f7f7f7f7 fbfbfbfb ffffffff
7e60: f3f3f3f3 f7f7f7f7 fbfbfbfb ffffffff f3f3f3f3 f7f7f7f7 fbfbfbfb ffffffff
7e68: f3f3f3f3 f7f7f7f7 fbfbfbfb ffffffff f3f3f3f3 f7f7f7f7 fbfbfbfb ffffffff
7e70: f3f3f3f3 f7f7f7f7 fbfbfbfb ffffffff f3f3f3f3 f7f7f7f7 fbfbfbfb ffffffff
7e78: f3f3f3f3 f7f7f7f7 fbfbfbfb ffffffff f3f3f3f3 f7f7f7f7 fbfbfbfb ffffffff
7e80: f7f6f5f4 f7f6f5f4 fffefdfc fffefdfc f7f6f5f4 f7f6f5f4 fffefdfc fffefdfc
7e88: f7f6f5f4 f7f6f5f4 fffefdfc fffefdfc f7f6f5f4 f7f6f5f4 fffefdfc fffefdfc
7e90: f7f6f5f4 f7f6f5f4 fffefdfc fffefdfc f7f6f5f4 f7f6f5f4 fffefdfc fffefdfc
7e98: f7f6f5f4 f7f6f5f4 fffefdfc fffefdfc f7f6f5f4 f7f6f5f4 fffefdfc fffefdfc
7ea0: f7f6f5f4 f7f6f5f4 fffefdfc fffefdfc f7f6f5f4 f7f6f5f4 fffefdfc fffefdfc
7ea8: f7f6f5f4 f7f6f5f4 fffefdfc fffefdfc f7f6f5f4 f7f6f5f4 fffefdfc fffefdfc
7eb0: f7f6f5f4 f7f6f5f4 fffefdfc fffefdfc f7f6f5f4 f7f6f5f4 fffefdfc fffefdfc
7eb8: f7f6f5f4 f7f6f5f4 fffefdfc fffefdfc f7f6f5f4 f7f6f5f4 fffefdfc fffefdfc
7ec0: f7f7f5f5 f7f7f5f5 fffffdfd fffffdfd f7f7f5f5 f7f7f5f5 fffffdfd fffffdfd
7ec8: f7f7f5f5 f7f7f5f5 fffffdfd fffffdfd f7f7f5f5 f7f7f5f5 fffffdfd fffffdfd
7ed0: f7f7f5f5 f7f7f5f5 fffffdfd fffffdfd f7f7f5f5 f7f7f5f5 fffffdfd fffffdfd
7ed8: f7f7f5f5 f7f7f5f5 fffffdfd fffffdfd f7f7f5f5 f7f7f5f5 fffffdfd fffffdfd
7ee0: f7f7f5f5 f7f7f5f5 fffffdfd fffffdfd f7f7f5f5 f7f7f5f5 fffffdfd fffffdfd
7ee8: f7f7f5f5 f7f7f5f5 fffffdfd fffffdfd f7f7f5f5 f7f7f5f5 fffffdfd fffffdfd
7ef0: f7f7f5f5 f7f7f5f5 fffffdfd fffffdfd f7f7f5f5 f7f7f5f5 fffffdfd fffffdfd
7ef8: f7f7f5f5 f7f7f5f5 fffffdfd fffffdfd f7f7f5f5 f7f7f5f5 fffffdfd fffffdfd
7f00: f7f6f7f6 f7f6f7f6 fffefffe fffefffe f7f6f7f6 f7f6f7f6 fffefffe fffefffe
7f08: f7f6f7f6 f7f6f7f6 fffefffe fffefffe f7f6f7f6 f7f6f7f6 fffefffe fffefffe
7f10: f7f6f7f6 f7f6f7f6 fffefffe fffefffe f7f6f7f6 f7f6f7f6 fffefffe fffefffe
7f18: f7f6f7f6 f7f6f7f6 fffefffe fffefffe f7f6f7f6 f7f6f7f6 fffefffe fffefffe
7f20: f7f6f7f6 f7f6f7f6 fffefffe fffefffe f7f6f7f6 f7f6f7f6 fffefffe fffefffe
7f28: f7f6f7f6 f7f6f7f6 fffefffe fffefffe f7f6f7f6 f7f6f7f6 fffefffe fffefffe
7f30: f7f6f7f6 f7f6f7f6 fffefffe fffefffe f7f6f7f6 f7f6f7f6 fffefffe fffefffe
7f38: f7f6f7f6 f7f6f7f6 fffefffe fffefffe f7f6f7f6 f7f6f7f6 fffefffe fffefffe
7f40: f7f7f7f7 f7f7f7f7 ffffffff ffffffff f7f7f7f7 f7f7f7f7 ffffffff ffffffff
7f48: f7f7f7f7 f7f7f7f7 ffffffff ffffffff f7f7f7f7 f7f7f7f7 ffffffff ffffffff
7f50: f7f7f7f7 f7f7f7f7 ffffffff ffffffff f7f7f7f7 f7f7f7f7 ffffffff ffffffff
7f58: f7f7f7f7 f7f7f7f7 ffffffff ffffffff f7f7f7f7 f7f7f7f7 ffffffff ffffffff
7f60: f7f7f7f7 f7f7f7f7 ffffffff ffffffff f7f7f7f7 f7f7f7f7 ffffffff ffffffff
7f68: f7f7f7f7 f7f7f7f7 ffffffff ffffffff f7f7f7f7 f7f7f7f7 ffffffff ffffffff
7f70: f7f7f7f7 f7f7f7f7 ffffffff ffffffff f7f7f7f7 f7f7f7f7 ffffffff ffffffff
7f78: f7f7f7f7 f7f7f7f7 ffffffff ffffffff f7f7f7f7 f7f7f7f7 ffffffff ffffffff
7f80: fbfaf9f8 fffefdfc fbfaf9f8 fffefdfc fbfaf9f8 fffefdfc fbfaf9f8 fffefdfc
7f88: fbfaf9f8 fffefdfc fbfaf9f8 fffefdfc fbfaf9f8 fffefdfc fbfaf9f8 fffefdfc
7f90: fbfaf9f8 fffefdfc fbfaf9f8 fffefdfc fbfaf9f8 fffefdfc fbfaf9f8 fffefdfc
7f98: fbfaf9f8 fffefdfc fbfaf9f8 fffefdfc fbfaf9f8 fffefdfc fbfaf9f8 fffefdfc
7fa0: fbfaf9f8 fffefdfc fbfaf9f8 fffefdfc fbfaf9f8 fffefdfc fbfaf9f8 fffefdfc
7fa8: fbfaf9f8 fffefdfc fbfaf9f8 fffefdfc fbfaf9f8 fffefdfc fbfaf9f8 fffefdfc
7fb0: fbfaf9f8 fffefdfc fbfaf9f8 fffefdfc fbfaf9f8 fffefdfc fbfaf9f8 fffefdfc
7fb8: fbfaf9f8 fffefdfc fbfaf9f8 fffefdfc fbfaf9f8 fffefdfc fbfaf9f8 fffefdfc
7fc0: fbfbf9f9 fffffdfd fbfbf9f9 fffffdfd fbfbf9f9 fffffdfd fbfbf9f9 fffffdfd
7fc8: fbfbf9f9 fffffdfd fbfbf9f9 fffffdfd fbfbf9f9 fffffdfd fbfbf9f9 fffffdfd
7fd0: fbfbf9f9 fffffdfd fbfbf9f9 fffffdfd fbfbf9f9 fffffdfd fbfbf9f9 fffffdfd
7fd8: fbfbf9f9 fffffdfd fbfbf9f9 fffffdfd fbfbf9f9 fffffdfd fbfbf9f9 fffffdfd
7fe0: fbfbf9f9 fffffdfd fbfbf9f9 fffffdfd fbfbf9f9 fffffdfd fbfbf9f9 fffffdfd
7fe8: fbfbf9f9 fffffdfd fbfbf9f9 fffffdfd fbfbf9f9 fffffdfd fbfbf9f9 fffffdfd
7ff0: fbfbf9f9 fffffdfd fbfbf9f9 fffffdfd fbfbf9f9 fffffdfd fbfbf9f9 fffffdfd
7ff8: fbfbf9f9 fffffdfd fbfbf9f9 fffffdfd fbfbf9f9 fffffdfd fbfbf9f9 fffffdfd
8000: fbfafbfa fffefffe fbfafbfa fffefffe fbfafbfa fffefffe fbfafbfa fffefffe
8008: fbfafbfa fffefffe fbfafbfa fffefffe fbfafbfa fffefffe fbfafbfa fffefffe
8010: fbfafbfa fffefffe fbfafbfa fffefffe fbfafbfa fffefffe fbfafbfa fffefffe
8018: fbfafbfa fffefffe fbfafbfa fffefffe fbfafbfa fffefffe fbfafbfa fffefffe
8020: fbfafbfa fffefffe fbfafbfa fffefffe fbfafbfa fffefffe fbfafbfa fffefffe
8028: fbfafbfa fffefffe fbfafbfa fffefffe fbfafbfa fffefffe fbfafbfa fffefffe
8030: fbfafbfa fffefffe fbfafbfa fffefffe fbfafbfa fffefffe fbfafbfa fffefffe
8038: fbfafbfa fffefffe fbfafbfa fffefffe fbfafbfa fffefffe fbfafbfa fffefffe
8040: fbfbfbfb ffffffff fbfbfbfb ffffffff fbfbfbfb ffffffff fbfbfbfb ffffffff
8048: fbfbfbfb ffffffff fbfbfbfb ffffffff fbfbfbfb ffffffff fbfbfbfb ffffffff
8050: fbfbfbfb ffffffff fbfbfbfb ffffffff fbfbfbfb ffffffff fbfbfbfb ffffffff
8058: fbfbfbfb ffffffff fbfbfbfb ffffffff fbfbfbfb ffffffff fbfbfbfb ffffffff
8060: fbfbfbfb ffffffff fbfbfbfb ffffffff fbfbfbfb ffffffff fbfbfbfb ffffffff
8068: fbfbfbfb ffffffff fbfbfbfb ffffffff fbfbfbfb ffffffff fbfbfbfb ffffffff
8070: fbfbfbfb ffffffff fbfbfbfb ffffffff fbfbfbfb ffffffff fbfbfbfb ffffffff
8078: fbfbfbfb ffffffff fbfbfbfb ffffffff fbfbfbfb ffffffff fbfbfbfb ffffffff
8080: fffefdfc fffefdfc fffefdfc fffefdfc fffefdfc fffefdfc fffefdfc fffefdfc
8088: fffefdfc fffefdfc fffefdfc fffefdfc fffefdfc fffefdfc fffefdfc fffefdfc
8090: fffefdfc fffefdfc fffefdfc fffefdfc fffefdfc fffefdfc fffefdfc fffefdfc
8098: fffefdfc fffefdfc fffefdfc fffefdfc fffefdfc fffefdfc fffefdfc fffefdfc
80a0: fffefdfc fffefdfc fffefdfc fffefdfc fffefdfc fffefdfc fffefdfc fffefdfc
80a8: fffefdfc fffefdfc fffefdfc fffefdfc fffefdfc fffefdfc fffefdfc fffefdfc
80b0: fffefdfc fffefdfc fffefdfc fffefdfc fffefdfc fffefdfc fffefdfc fffefdfc
80b8: fffefdfc fffefdfc fffefdfc fffefdfc fffefdfc fffefdfc fffefdfc fffefdfc
80c0: fffffdfd fffffdfd fffffdfd fffffdfd fffffdfd fffffdfd fffffdfd fffffdfd
80c8: fffffdfd fffffdfd fffffdfd fffffdfd fffffdfd fffffdfd fffffdfd fffffdfd
80d0: fffffdfd fffffdfd fffffdfd fffffdfd fffffdfd fffffdfd fffffdfd fffffdfd
80d8: fffffdfd fffffdfd fffffdfd fffffdfd fffffdfd fffffdfd fffffdfd fffffdfd
80e0: fffffdfd fffffdfd fffffdfd fffffdfd fffffdfd fffffdfd fffffdfd fffffdfd
80e8: fffffdfd fffffdfd fffffdfd fffffdfd fffffdfd fffffdfd fffffdfd fffffdfd
80f0: fffffdfd fffffdfd fffffdfd fffffdfd fffffdfd fffffdfd fffffdfd fffffdfd
80f8: fffffdfd fffffdfd fffffdfd fffffdfd fffffdfd fffffdfd fffffdfd fffffdfd
8100: fffefffe fffefffe fffefffe fffefffe fffefffe fffefffe fffefffe fffefffe
8108: fffefffe fffefffe fffefffe fffefffe fffefffe fffefffe fffefffe fffefffe
8110: fffefffe fffefffe fffefffe fffefffe fffefffe fffefffe fffefffe fffefffe
8118: fffefffe fffefffe fffefffe fffefffe fffefffe fffefffe fffefffe fffefffe
8120: fffefffe fffefffe fffefffe fffefffe fffefffe fffefffe fffefffe fffefffe
8128: fffefffe fffefffe fffefffe fffefffe fffefffe fffefffe fffefffe fffefffe
8130: fffefffe fffefffe fffefffe fffefffe fffefffe fffefffe fffefffe fffefffe
8138: fffefffe fffefffe fffefffe fffefffe fffefffe fffefffe fffefffe fffefffe
8140: ffffffff ffffffff ffffffff ffffffff ffffffff ffffffff ffffffff ffffffff
8148: ffffffff ffffffff ffffffff ffffffff ffffffff ffffffff ffffffff ffffffff
8150: ffffffff ffffffff ffffffff ffffffff ffffffff ffffffff ffffffff ffffffff
8158: ffffffff ffffffff ffffffff ffffffff ffffffff ffffffff ffffffff ffffffff
8160: ffffffff ffffffff ffffffff ffffffff ffffffff ffffffff ffffffff ffffffff
8168: ffffffff ffffffff ffffffff ffffffff ffffffff ffffffff ffffffff ffffffff
8170: ffffffff ffffffff ffffffff ffffffff ffffffff ffffffff ffffffff ffffffff
8178: ffffffff ffffffff ffffffff ffffffff ffffffff ffffffff ffffffff ffffffff
8180: 03020100 07060504 0b0a0908 0f0e0d0c 13121110 17161514 1b1a1918 1f1e1d1c
8188: 23222120 27262524 2b2a2928 2f2e2d2c 33323130 37363534 3b3a3938 3f3e3d3c
8190: 43424140 47464544 4b4a4948 4f4e4d4c 53525150 57565554 5b5a5958 5f5e5d5c
8198: 63626160 67666564 6b6a6968 6f6e6d6c 73727170 77767574 7b7a7978 7f7e7d7c
81a0: 83828180 87868584 8b8a8988 8f8e8d8c 93929190 97969594 9b9a9998 9f9e9d9c
81a8: a3a2a1a0 a7a6a5a4 abaaa9a8 afaeadac b3b2b1b0 b7b6b5b4 bbbab9b8 bfbebdbc
81b0: c3c2c1c0 c7c6c5c4 cbcac9c8 cfcecdcc d3d2d1d0 d7d6d5d4 dbdad9d8 dfdedddc
81b8: e3e2e1e0 e7e6e5e4 ebeae9e8 efeeedec f3f2f1f0 f7f6f5f4 fbfaf9f8 fffefdfc
81c0: 02030001 06070405 0a0b0809 0e0f0c0d 12131011 16171415 1a1b1819 1e1f1c1d
81c8: 22232021 26272425 2a2b2829 2e2f2c2d 32333031 36373435 3a3b3839 3e3f3c3d
81d0: 42434041 46474445 4a4b4849 4e4f4c4d 52535051 56575455 5a5b5859 5e5f5c5d
81d8: 62636061 66676465 6a6b6869 6e6f6c6d 72737071 76777475 7a7b7879 7e7f7c7d
81e0: 82838081 86878485 8a8b8889 8e8f8c8d 92939091 96979495 9a9b9899 9e9f9c9d
81e8: a2a3a0a1 a6a7a4a5 aaaba8a9 aeafacad b2b3b0b1 b6b7b4b5 babbb8b9 bebfbcbd
81f0: c2c3c0c1 c6c7c4c5 cacbc8c9 cecfcccd d2d3d0d1 d6d7d4d5 dadbd8d9 dedfdcdd
81f8: e2e3e0e1 e6e7e4e5 eaebe8e9 eeefeced f2f3f0f1 f6f7f4f5 fafbf8f9 fefffcfd
8200: 01000302 05040706 09080b0a 0d0c0f0e 11101312 15141716 19181b1a 1d1c1f1e
8208: 21202322 25242726 29282b2a 2d2c2f2e 31303332 35343736 39383b3a 3d3c3f3e
8210: 41404342 45444746 49484b4a 4d4c4f4e 51505352 55545756 59585b5a 5d5c5f5e
8218: 61606362 65646766 69686b6a 6d6c6f6e 71707372 75747776 79787b7a 7d7c7f7e
8220: 81808382 85848786 89888b8a 8d8c8f8e 91909392 95949796 99989b9a 9d9c9f9e
8228: a1a0a3a2 a5a4a7a6 a9a8abaa adacafae b1b0b3b2 b5b4b7b6 b9b8bbba bdbcbfbe
8230: c1c0c3c2 c5c4c7c6 c9c8cbca cdcccfce d1d0d3d2 d5d4d7d6 d9d8dbda dddcdfde
8238: e1e0e3e2 e5e4e7e6 e9e8ebea edecefee f1f0f3f2 f5f4f7f6 f9f8fbfa fdfcfffe
8240: 00010203 04050607 08090a0b 0c0d0e0f 10111213 14151617 18191a1b 1c1d1e1f
8248: 20212223 24252627 28292a2b 2c2d2e2f 30313233 34353637 38393a3b 3c3d3e3f
8250: 40414243 44454647 48494a4b 4c4d4e4f 50515253 54555657 58595a5b 5c5d5e5f
8258: 60616263 64656667 68696a6b 6c6d6e6f 70717273 74757677 78797a7b 7c7d7e7f
8260: 80818283 84858687 88898a8b 8c8d8e8f 90919293 94959697 98999a9b 9c9d9e9f
8268: a0a1a2a3 a4a5a6a7 a8a9aaab acadaeaf b0b1b2b3 b4b5b6b7 b8b9babb bcbdbebf
8270: c0c1c2c3 c4c5c6c7 c8c9cacb cccdcecf d0d1d2d3 d4d5d6d7 d8d9dadb dcdddedf
8278: e0e1e2e3 e4e5e6e7 e8e9eaeb ecedeeef f0f1f2f3 f4f5f6f7 f8f9fafb fcfdfeff
8280: 07060504 03020100 0f0e0d0c 0b0a0908 17161514 13121110 1f1e1d1c 1b1a1918
8288: 27262524 23222120 2f2e2d2c 2b2a2928 37363534 33323130 3f3e3d3c 3b3a3938
8290: 47464544 43424140 4f4e4d4c 4b4a4948 57565554 53525150 5f5e5d5c 5b5a5958
8298: 67666564 63626160 6f6e6d6c 6b6a6968 77767574 73727170 7f7e7d7c 7b7a7978
82a0: 87868584 83828180 8f8e8d8c 8b8a8988 97969594 93929190 9f9e9d9c 9b9a9998
82a8: a7a6a5a4 a3a2a1a0 afaeadac abaaa9a8 b7b6b5b4 b3b2b1b0 bfbebdbc bbbab9b8
82b0: c7c6c5c4 c3c2c1c0 cfcecdcc cbcac9c8 d7d6d5d4 d3d2d1d0 dfdedddc dbdad9d8
82b8: e7e6e5e4 e3e2e1e0 efeeedec ebeae9e8 f7f6f5f4 f3f2f1f0 fffefdfc fbfaf9f8
82c0: 06070405 02030001 0e0f0c0d 0a0b0809 16171415 12131011 1e1f1c1d 1a1b1819
82c8: 26272425 22232021 2e2f2c2d 2a2b2829 36373435 32333031 3e3f3c3d 3a3b3839
82d0: 46474445 42434041 4e4f4c4d 4a4b4849 56575455 52535051 5e5f5c5d 5a5b5859
82d8: 66676465 62636061 6e6f6c6d 6a6b6869 76777475 72737071 7e7f7c7d 7a7b7879
82e0: 86878485 82838081 8e8f8c8d 8a8b8889 96979495 92939091 9e9f9c9d 9a9b9899
82e8: a6a7a4a5 a2a3a0a1 aeafacad aaaba8a9 b6b7b4b5 b2b3b0b1 bebfbcbd babbb8b9
82f0: c6c7c4c5 c2c3c0c1 cecfcccd cacbc8c9 d6d7d4d5 d2d3d0d1 dedfdcdd dadbd8d9
82f8: e6e7e4e5 e2e3e0e1 eeefeced eaebe8e9 f6f7f4f5 f2f3f0f1 fefffcfd fafbf8f9
8300: 05040706 01000302 0d0c0f0e 09080b0a 15141716 11101312 1d1c1f1e 19181b1a
8308: 25242726 21202322 2d2c2f2e 29282b2a 35343736 31303332 3d3c3f3e 39383b3a
8310: 45444746 41404342 4d4c4f4e 49484b4a 55545756 51505352 5d5c5f5e 59585b5a
8318: 65646766 61606362 6d6c6f6e 69686b6a 75747776 71707372 7d7c7f7e 79787b7a
8320: 85848786 81808382 8d8c8f8e 89888b8a 95949796 91909392 9d9c9f9e 99989b9a
8328: a5a4a7a6 a1a0a3a2 adacafae a9a8abaa b5b4b7b6 b1b0b3b2 bdbcbfbe b9b8bbba
8330: c5c4c7c6 c1c0c3c2 cdcccfce c9c8cbca d5d4d7d6 d1d0d3d2 dddcdfde d9d8dbda
8338: e5e4e7e6 e1e0e3e2 edecefee e9e8ebea f5f4f7f6 f1f0f3f2 fdfcfffe f9f8fbfa
8340: 04050607 00010203 0c0d0e0f 08090a0b 14151617 10111213 1c1d1e1f 18191a1b
8348: 24252627 20212223 2c2d2e2f 28292a2b 34353637 30313233 3c3d3e3f 38393a3b
8350: 44454647 40414243 4c4d4e4f 48494a4b 54555657 50515253 5c5d5e5f 58595a5b
8358: 64656667 60616263 6c6d6e6f 68696a6b 74757677 70717273 7c7d7e7f 78797a7b
8360: 84858687 80818283 8c8d8e8f 88898a8b 94959697 90919293 9c9d9e9f 98999a9b
8368: a4a5a6a7 a0a1a2a3 acadaeaf a8a9aaab b4b5b6b7 b0b1b2b3 bcbdbebf b8b9babb
8370: c4c5c6c7 c0c1c2c3 cccdcecf c8c9cacb d4d5d6d7 d0d1d2d3 dcdddedf d8d9dadb
8378: e4e5e6e7 e0e1e2e3 ecedeeef e8e9eaeb f4f5f6f7 f0f1f2f3 fcfdfeff f8f9fafb
8380: 0b0a0908 0f0e0d0c 03020100 07060504 1b1a1918 1f1e1d1c 13121110 17161514
8388: 2b2a2928 2f2e2d2c 23222120 27262524 3b3a3938 3f3e3d3c 33323130 37363534
8390: 4b4a4948 4f4e4d4c 43424140 47464544 5b5a5958 5f5e5d5c 53525150 57565554
8398: 6b6a6968 6f6e6d6c 63626160 67666564 7b7a7978 7f7e7d7c 73727170 77767574
83a0: 8b8a8988 8f8e8d8c 83828180 87868584 9b9a9998 9f9e9d9c 93929190 97969594
83a8: abaaa9a8 afaeadac a3a2a1a0 a7a6a5a4 bbbab9b8 bfbebdbc b3b2b1b0 b7b6b5b4
83b0: cbcac9c8 cfcecdcc c3c2c1c0 c7c6c5c4 dbdad9d8 dfdedddc d3d2d1d0 d7d6d5d4
83b8: ebeae9e8 efeeedec e3e2e1e0 e7e6e5e4 fbfaf9f8 fffefdfc f3f2f1f0 f7f6f5f4
83c0: 0a0b0809 0e0f0c0d 02030001 06070405 1a1b1819 1e1f1c1d 12131011 16171415
83c8: 2a2b2829 2e2f2c2d 22232021 26272425 3a3b3839 3e3f3c3d 32333031 36373435
83d0: 4a4b4849 4e4f4c4d 42434041 46474445 5a5b5859 5e5f5c5d 52535051 56575455
83d8: 6a6b6869 6e6f6c6d 62636061 66676465 7a7b7879 7e7f7c7d 72737071 76777475
83e0: 8a8b8889 8e8f8c8d 82838081 86878485 9a9b9899 9e9f9c9d 92939091 96979495
83e8: aaaba8a9 aeafacad a2a3a0a1 a6a7a4a5 babbb8b9 bebfbcbd b2b3b0b1 b6b7b4b5
83f0: cacbc8c9 cecfcccd c2c3c0c1 c6c7c4c5 dadbd8d9 dedfdcdd d2d3d0d1 d6d7d4d5
83f8: eaebe8e9 eeefeced e2e3e0e1 e6e7e4e5 fafbf8f9 fefffcfd f2f3f0f1 f6f7f4f5
8400: 09080b0a 0d0c0f0e 01000302 05040706 19181b1a 1d1c1f1e 11101312 15141716
8408: 29282b2a 2d2c2f2e 21202322 25242726 39383b3a 3d3c3f3e 31303332 35343736
8410: 49484b4a 4d4c4f4e 41404342 45444746 59585b5a 5d5c5f5e 51505352 55545756
8418: 69686b6a 6d6c6f6e 61606362 65646766 79787b7a 7d7c7f7e 71707372 75747776
8420: 89888b8a 8d8c8f8e 81808382 85848786 99989b9a 9d9c9f9e 91909392 95949796
8428: a9a8abaa adacafae a1a0a3a2 a5a4a7a6 b9b8bbba bdbcbfbe b1b0b3b2 b5b4b7b6
8430: c9c8cbca cdcccfce c1c0c3c2 c5c4c7c6 d9d8dbda dddcdfde d1d0d3d2 d5d4d7d6
8438: e9e8ebea edecefee e1e0e3e2 e5e4e7e6 f9f8fbfa fdfcfffe f1f0f3f2 f5f4f7f6
8440: 08090a0b 0c0d0e0f 00010203 04050607 18191a1b 1c1d1e1f 10111213 14151617
8448: 28292a2b 2c2d2e2f 20212223 24252627 38393a3b 3c3d3e3f 30313233 34353637
8450: 48494a4b 4c4d4e4f 40414243 44454647 58595a5b 5c5d5e5f 50515253 54555657
8458: 68696a6b 6c6d6e6f 60616263 64656667 78797a7b 7c7d7e7f 70717273 74757677
8460: 88898a8b 8c8d8e8f 80818283 84858687 98999a9b 9c9d9e9f 90919293 94959697
8468: a8a9aaab acadaeaf a0a1a2a3 a4a5a6a7 b8b9babb bcbdbebf b0b1b2b3 b4b5b6b7
8470: c8c9cacb cccdcecf c0c1c2c3 c4c5c6c7 d8d9dadb dcdddedf d0d1d2d3 d4d5d6d7
8478: e8e9eaeb ecedeeef e0e1e2e3 e4e5e6e7 f8f9fafb fcfdfeff f0f1f2f3 f4f5f6f7
8480: 0f0e0d0c 0b0a0908 07060504 03020100 1f1e1d1c 1b1a1918 17161514 13121110
8488: 2f2e2d2c 2b2a2928 27262524 23222120 3f3e3d3c 3b3a3938 37363534 33323130
8490: 4f4e4d4c 4b4a4948 47464544 43424140 5f5e5d5c 5b5a5958 57565554 53525150
8498: 6f6e6d6c 6b6a6968 67666564 63626160 7f7e7d7c 7b7a7978 77767574 73727170
84a0: 8f8e8d8c 8b8a8988 87868584 83828180 9f9e9d9c 9b9a9998 97969594 93929190
84a8: afaeadac abaaa9a8 a7a6a5a4 a3a2a1a0 bfbebdbc bbbab9b8 b7b6b5b4 b3b2b1b0
84b0: cfcecdcc cbcac9c8 c7c6c5c4 c3c2c1c0 dfdedddc dbdad9d8 d7d6d5d4 d3d2d1d0
84b8: efeeedec ebeae9e8 e7e6e5e4 e3e2e1e0 fffefdfc fbfaf9f8 f7f6f5f4 f3f2f1f0
84c0: 0e0f0c0d 0a0b0809 06070405 02030001 1e1f1c1d 1a1b1819 16171415 12131011
84c8: 2e2f2c2d 2a2b2829 26272425 22232021 3e3f3c3d 3a3b3839 36373435 32333031
84d0: 4e4f4c4d 4a4b4849 46474445 42434041 5e5f5c5d 5a5b5859 56575455 52535051
84d8: 6e6f6c6d 6a6b6869 66676465 62636061 7e7f7c7d 7a7b7879 76777475 72737071
84e0: 8e8f8c8d 8a8b8889 86878485 82838081 9e9f9c9d 9a9b9899 96979495 92939091
84e8: aeafacad aaaba8a9 a6a7a4a5 a2a3a0a1 bebfbcbd babbb8b9 b6b7b4b5 b2b3b0b1
84f0: cecfcccd cacbc8c9 c6c7c4c5 c2c3c0c1 dedfdcdd dadbd8d9 d6d7d4d5 d2d3d0d1
84f8: eeefeced eaebe8e9 e6e7e4e5 e2e3e0e1 fefffcfd fafbf8f9 f6f7f4f5 f2f3f0f1
8500: 0d0c0f0e 09080b0a 05040706 01000302 1d1c1f1e 19181b1a 15141716 11101312
8508: 2d2c2f2e 29282b2a 25242726 21202322 3d3c3f3e 39383b3a 35343736 31303332
8510: 4d4c4f4e 49484b4a 45444746 41404342 5d5c5f5e 59585b5a 55545756 51505352
8518: 6d6c6f6e 69686b6a 65646766 61606362 7d7c7f7e 79787b7a 75747776 71707372
8520: 8d8c8f8e 89888b8a 85848786 81808382 9d9c9f9e 99989b9a 95949796 91909392
8528: adacafae a9a8abaa a5a4a7a6 a1a0a3a2 bdbcbfbe b9b8bbba b5b4b7b6 b1b0b3b2
8530: cdcccfce c9c8cbca c5c4c7c6 c1c0c3c2 dddcdfde d9d8dbda d5d4d7d6 d1d0d3d2
8538: edecefee e9e8ebea e5e4e7e6 e1e0e3e2 fdfcfffe f9f8fbfa f5f4f7f6 f1f0f3f2
8540: 0c0d0e0f 08090a0b 04050607 00010203 1c1d1e1f 18191a1b 14151617 10111213
8548: 2c2d2e2f 28292a2b 24252627 20212223 3c3d3e3f 38393a3b 34353637 30313233
8550: 4c4d4e4f 48494a4b 44454647 40414243 5c5d5e5f 58595a5b 54555657 50515253
8558: 6c6d6e6f 68696a6b 64656667 60616263 7c7d7e7f 78797a7b 74757677 70717273
8560: 8c8d8e8f 88898a8b 84858687 80818283 9c9d9e9f 98999a9b 94959697 90919293
8568: acadaeaf a8a9aaab a4a5a6a7 a0a1a2a3 bcbdbebf b8b9babb b4b5b6b7 b0b1b2b3
8570: cccdcecf c8c9cacb c4c5c6c7 c0c1c2c3 dcdddedf d8d9dadb d4d5d6d7 d0d1d2d3
8578: ecedeeef e8e9eaeb e4e5e6e7 e0e1e2e3 fcfdfeff f8f9fafb f4f5f6f7 f0f1f2f3
8580: 13121110 17161514 1b1a1918 1f1e1d1c 03020100 07060504 0b0a0908 0f0e0d0c
8588: 33323130 37363534 3b3a3938 3f3e3d3c 23222120 27262524 2b2a2928 2f2e2d2c
8590: 53525150 57565554 5b5a5958 5f5e5d5c 43424140 47464544 4b4a4948 4f4e4d4c
8598: 73727170 77767574 7b7a7978 7f7e7d7c 63626160 67666564 6b6a6968 6f6e6d6c
85a0: 93929190 97969594 9b9a9998 9f9e9d9c 83828180 87868584 8b8a8988 8f8e8d8c
85a8: b3b2b1b0 b7b6b5b4 bbbab9b8 bfbebdbc a3a2a1a0 a7a6a5a4 abaaa9a8 afaeadac
85b0: d3d2d1d0 d7d6d5d4 dbdad9d8 dfdedddc c3c2c1c0 c7c6c5c4 cbcac9c8 cfcecdcc
85b8: f3f2f1f0 f7f6f5f4 fbfaf9f8 fffefdfc e3e2e1e0 e7e6e5e4 ebeae9e8 efeeedec
85c0: 12131011 16171415 1a1b1819 1e1f1c1d 02030001 06070405 0a0b0809 0e0f0c0d
85c8: 32333031 36373435 3a3b3839 3e3f3c3d 22232021 26272425 2a2b2829 2e2f2c2d
85d0: 52535051 56575455 5a5b5859 5e5f5c5d 42434041 46474445 4a4b4849 4e4f4c4d
85d8: 72737071 76777475 7a7b7879 7e7f7c7d 62636061 66676465 6a6b6869 6e6f6c6d
85e0: 92939091 96979495 9a9b9899 9e9f9c9d 82838081 86878485 8a8b8889 8e8f8c8d
85e8: b2b3b0b1 b6b7b4b5 babbb8b9 bebfbcbd a2a3a0a1 a6a7a4a5 aaaba8a9 aeafacad
85f0: d2d3d0d1 d6d7d4d5 dadbd8d9 dedfdcdd c2c3c0c1 c6c7c4c5 cacbc8c9 cecfcccd
85f8: f2f3f0f1 f6f7f4f5 fafbf8f9 fefffcfd e2e3e0e1 e6e7e4e5 eaebe8e9 eeefeced
8600: 11101312 15141716 19181b1a 1d1c1f1e 01000302 05040706 09080b0a 0d0c0f0e
8608: 31303332 35343736 39383b3a 3d3c3f3e 21202322 25242726 29282b2a 2d2c2f2e
8610: 51505352 55545756 59585b5a 5d5c5f5e 41404342 45444746 49484b4a 4d4c4f4e
8618: 71707372 75747776 79787b7a 7d7c7f7e 61606362 65646766 69686b6a 6d6c6f6e
8620: 91909392 95949796 99989b9a 9d9c9f9e 81808382 85848786 89888b8a 8d8c8f8e
8628: b1b0b3b2 b5b4b7b6 b9b8bbba bdbcbfbe a1a0a3a2 a5a4a7a6 a9a8abaa adacafae
8630: d1d0d3d2 d5d4d7d6 d9d8dbda dddcdfde c1c0c3c2 c5c4c7c6 c9c8cbca cdcccfce
8638: f1f0f3f2 f5f4f7f6 f9f8fbfa fdfcfffe e1e0e3e2 e5e4e7e6 e9e8ebea edecefee
8640: 10111213 14151617 18191a1b 1c1d1e1f 00010203 04050607 08090a0b 0c0d0e0f
8648: 30313233 34353637 38393a3b 3c3d3e3f 20212223 24252627 28292a2b 2c2d2e2f
8650: 50515253 54555657 58595a5b 5c5d5e5f 40414243 44454647 48494a4b 4c4d4e4f
8658: 70717273 74757677 78797a7b 7c7d7e7f 60616263 64656667 68696a6b 6c6d6e6f
8660: 90919293 94959697 98999a9b 9c9d9e9f 80818283 84858687 88898a8b 8c8d8e8f
8668: b0b1b2b3 b4b5b6b7 b8b9babb bcbdbebf a0a1a2a3 a4a5a6a7 a8a9aaab acadaeaf
8670: d0d1d2d3 d4d5d6d7 d8d9dadb dcdddedf c0c1c2c3 c4c5c6c7 c8c9cacb cccdcecf
8678: f0f1f2f3 f4f5f6f7 f8f9fafb fcfdfeff e0e1e2e3 e4e5e6e7 e8e9eaeb ecedeeef
8680: 17161514 13121110 1f1e1d1c 1b1a1918 07060504 03020100 0f0e0d0c 0b0a0908
8688: 37363534 33323130 3f3e3d3c 3b3a3938 27262524 23222120 2f2e2d2c 2b2a2928
8690: 57565554 53525150 5f5e5d5c 5b5a5958 47464544 43424140 4f4e4d4c 4b4a4948
8698: 77767574 73727170 7f7e7d7c 7b7a7978 67666564 63626160 6f6e6d6c 6b6a6968
86a0: 97969594 93929190 9f9e9d9c 9b9a9998 87868584 83828180 8f8e8d8c 8b8a8988
86a8: b7b6b5b4 b3b2b1b0 bfbebdbc bbbab9b8 a7a6a5a4 a3a2a1a0 afaeadac abaaa9a8
86b0: d7d6d5d4 d3d2d1d0 dfdedddc dbdad9d8 c7c6c5c4 c3c2c1c0 cfcecdcc cbcac9c8
86b8: f7f6f5f4 f3f2f1f0 fffefdfc fbfaf9f8 e7e6e5e4 e3e2e1e0 efeeedec ebeae9e8
86c0: 16171415 12131011 1e1f1c1d 1a1b1819 06070405 02030001 0e0f0c0d 0a0b0809
86c8: 36373435 32333031 3e3f3c3d 3a3b3839 26272425 22232021 2e2f2c2d 2a2b2829
86d0: 56575455 52535051 5e5f5c5d 5a5b5859 46474445 42434041 4e4f4c4d 4a4b4849
86d8: 76777475 72737071 7e7f7c7d 7a7b7879 66676465 62636061 6e6f6c6d 6a6b6869
86e0: 96979495 92939091 9e9f9c9d 9a9b9899 86878485 82838081 8e8f8c8d 8a8b8889
86e8: b6b7b4b5 b2b3b0b1 bebfbcbd babbb8b9 a6a7a4a5 a2a3a0a1 aeafacad aaaba8a9
86f0: d6d7d4d5 d2d3d0d1 dedfdcdd dadbd8d9 c6c7c4c5 c2c3c0c1 cecfcccd cacbc8c9
86f8: f6f7f4f5 f2f3f0f1 fefffcfd fafbf8f9 e6e7e4e5 e2e3e0e1 eeefeced eaebe8e9
8700: 15141716 11101312 1d1c1f1e 19181b1a 05040706 01000302 0d0c0f0e 09080b0a
8708: 35343736 31303332 3d3c3f3e 39383b3a 25242726 21202322 2d2c2f2e 29282b2a
8710: 55545756 51505352 5d5c5f5e 59585b5a 45444746 41404342 4d4c4f4e 49484b4a
8718: 75747776 71707372 7d7c7f7e 79787b7a 65646766 61606362 6d6c6f6e 69686b6a
8720: 95949796 91909392 9d9c9f9e 99989b9a 85848786 81808382 8d8c8f8e 89888b8a
8728: b5b4b7b6 b1b0b3b2 bdbcbfbe b9b8bbba a5a4a7a6 a1a0a3a2 adacafae a9a8abaa
8730: d5d4d7d6 d1d0d3d2 dddcdfde d9d8dbda c5c4c7c6 c1c0c3c2 cdcccfce c9c8cbca
8738: f5f4f7f6 f1f0f3f2 fdfcfffe f9f8fbfa e5e4e7e6 e1e0e3e2 edecefee e9e8ebea
8740: 14151617 10111213 1c1d1e1f 18191a1b 04050607 00010203 0c0d0e0f 08090a0b
8748: 34353637 30313233 3c3d3e3f 38393a3b 24252627 20212223 2c2d2e2f 28292a2b
8750: 54555657 50515253 5c5d5e5f 58595a5b 44454647 40414243 4c4d4e4f 48494a4b
8758: 74757677 70717273 7c7d7e7f 78797a7b 64656667 60616263 6c6d6e6f 68696a6b
8760: 94959697 90919293 9c9d9e9f 98999a9b 84858687 80818283 8c8d8e8f 88898a8b
8768: b4b5b6b7 b0b1b2b3 bcbdbebf b8b9babb a4a5a6a7 a0a1a2a3 acadaeaf a8a9aaab
8770: d4d5d6d7 d0d1d2d3 dcdddedf d8d9dadb c4c5c6c7 c0c1c2c3 cccdcecf c8c9cacb
8778: f4f5f6f7 f0f1f2f3 fcfdfeff f8f9fafb e4e5e6e7 e0e1e2e3 ecedeeef e8e9eaeb
8780: 1b1a1918 1f1e1d1c 13121110 17161514 0b0a0908 0f0e0d0c 03020100 07060504
8788: 3b3a3938 3f3e3d3c 33323130 37363534 2b2a2928 2f2e2d2c 23222120 27262524
8790: 5b5a5958 5f5e5d5c 53525150 57565554 4b4a4948 4f4e4d4c 43424140 47464544
8798: 7b7a7978 7f7e7d7c 73727170 77767574 6b6a6968 6f6e6d6c 63626160 67666564
87a0: 9b9a9998 9f9e9d9c 93929190 97969594 8b8a8988 8f8e8d8c 83828180 87868584
87a8: bbbab9b8 bfbebdbc b3b2b1b0 b7b6b5b4 abaaa9a8 afaeadac a3a2a1a0 a7a6a5a4
87b0: dbdad9d8 dfdedddc d3d2d1d0 d7d6d5d4 cbcac9c8 cfcecdcc c3c2c1c0 c7c6c5c4
87b8: fbfaf9f8 fffefdfc f3f2f1f0 f7f6f5f4 ebeae9e8 efeeedec e3e2e1e0 e7e6e5e4
87c0: 1a1b1819 1e1f1c1d 12131011 16171415 0a0b0809 0e0f0c0d 02030001 06070405
87c8: 3a3b3839 3e3f3c3d 32333031 36373435 2a2b2829 2e2f2c2d 22232021 26272425
87d0: 5a5b5859 5e5f5c5d 52535051 56575455 4a4b4849 4e4f4c4d 42434041 46474445
87d8: 7a7b7879 7e7f7c7d 72737071 76777475 6a6b6869 6e6f6c6d 62636061 66676465
87e0: 9a9b9899 9e9f9c9d 92939091 96979495 8a8b8889 8e8f8c8d 82838081 86878485
87e8: babbb8b9 bebfbcbd b2b3b0b1 b6b7b4b5 aaaba8a9 aeafacad a2a3a0a1 a6a7a4a5
87f0: dadbd8d9 dedfdcdd d2d3d0d1 d6d7d4d5 cacbc8c9 cecfcccd c2c3c0c1 c6c7c4c5
87f8: fafbf8f9 fefffcfd f2f3f0f1 f6f7f4f5 eaebe8e9 eeefeced e2e3e0e1 e6e7e4e5
8800: 19181b1a 1d1c1f1e 11101312 15141716 09080b0a 0d0c0f0e 01000302 05040706
8808: 39383b3a 3d3c3f3e 31303332 35343736 29282b2a 2d2c2f2e 21202322 25242726
8810: 59585b5a 5d5c5f5e 51505352 55545756 49484b4a 4d4c4f4e 41404342 45444746
8818: 79787b7a 7d7c7f7e 71707372 75747776 69686b6a 6d6c6f6e 61606362 65646766
8820: 99989b9a 9d9c9f9e 91909392 95949796 89888b8a 8d8c8f8e 81808382 85848786
8828: b9b8bbba bdbcbfbe b1b0b3b2 b5b4b7b6 a9a8abaa adacafae a1a0a3a2 a5a4a7a6
8830: d9d8dbda dddcdfde d1d0d3d2 d5d4d7d6 c9c8cbca cdcccfce c1c0c3c2 c5c4c7c6
8838: f9f8fbfa fdfcfffe f1f0f3f2 f5f4f7f6 e9e8ebea edecefee e1e0e3e2 e5e4e7e6
8840: 18191a1b 1c1d1e1f 10111213 14151617 08090a0b 0c0d0e0f 00010203 04050607
8848: 38393a3b 3c3d3e3f 30313233 34353637 28292a2b 2c2d2e2f 20212223 24252627
8850: 58595a5b 5c5d5e5f 50515253 54555657 48494a4b 4c4d4e4f 40414243 44454647
8858: 78797a7b 7c7d7e7f 70717273 74757677 68696a6b 6c6d6e6f 60616263 64656667
8860: 98999a9b 9c9d9e9f 90919293 94959697 88898a8b 8c8d8e8f 80818283 84858687
8868: b8b9babb bcbdbebf b0b1b2b3 b4b5b6b7 a8a9aaab acadaeaf a0a1a2a3 a4a5a6a7
8870: d8d9dadb dcdddedf d0d1d2d3 d4d5d6d7 c8c9cacb cccdcecf c0c1c2c3 c4c5c6c7
8878: f8f9fafb fcfdfeff f0f1f2f3 f4f5f6f7 e8e9eaeb ecedeeef e0e1e2e3 e4e5e6e7
8880: 1f1e1d1c 1b1a1918 17161514 13121110 0f0e0d0c 0b0a0908 07060504 03020100
8888: 3f3e3d3c 3b3a3938 37363534 33323130 2f2e2d2c 2b2a2928 27262524 23222120
8890: 5f5e5d5c 5b5a5958 57565554 53525150 4f4e4d4c 4b4a4948 47464544 43424140
8898: 7f7e7d7c 7b7a7978 77767574 73727170 6f6e6d6c 6b6a6968 67666564 63626160
88a0: 9f9e9d9c 9b9a9998 97969594 93929190 8f8e8d8c 8b8a8988 87868584 83828180
88a8: bfbebdbc bbbab9b8 b7b6b5b4 b3b2b1b0 afaeadac abaaa9a8 a7a6a5a4 a3a2a1a0
88b0: dfdedddc dbdad9d8 d7d6d5d4 d3d2d1d0 cfcecdcc cbcac9c8 c7c6c5c4 c3c2c1c0
88b8: fffefdfc fbfaf9f8 f7f6f5f4 f3f2f1f0 efeeedec ebeae9e8 e7e6e5e4 e3e2e1e0
88c0: 1e1f1c1d 1a1b1819 16171415 12131011 0e0f0c0d 0a0b0809 06070405 02030001
88c8: 3e3f3c3d 3a3b3839 36373435 32333031 2e2f2c2d 2a2b2829 26272425 22232021
88d0: 5e5f5c5d 5a5b5859 56575455 52535051 4e4f4c4d 4a4b4849 46474445 42434041
88d8: 7e7f7c7d 7a7b7879 76777475 72737071 6e6f6c6d 6a6b6869 66676465 62636061
88e0: 9e9f9c9d 9a9b9899 96979495 92939091 8e8f8c8d 8a8b8889 86878485 82838081
88e8: bebfbcbd babbb8b9 b6b7b4b5 b2b3b0b1 aeafacad aaaba8a9 a6a7a4a5 a2a3a0a1
88f0: dedfdcdd dadbd8d9 d6d7d4d5 d2d3d0d1 cecfcccd cacbc8c9 c6c7c4c5 c2c3c0c1
88f8: fefffcfd fafbf8f9 f6f7f4f5 f2f3f0f1 eeefeced eaebe8e9 e6e7e4e5 e2e3e0e1
8900: 1d1c1f1e 19181b1a 15141716 11101312 0d0c0f0e 09080b0a 05040706 01000302
8908: 3d3c3f3e 39383b3a 35343736 31303332 2d2c2f2e 29282b2a 25242726 21202322
8910: 5d5c5f5e 59585b5a 55545756 51505352 4d4c4f4e 49484b4a 45444746 41404342
8918: 7d7c7f7e 79787b7a 75747776 71707372 6d6c6f6e 69686b6a 65646766 61606362
8920: 9d9c9f9e 99989b9a 95949796 91909392 8d8c8f8e 89888b8a 85848786 81808382
8928: bdbcbfbe b9b8bbba b5b4b7b6 b1b0b3b2 adacafae a9a8abaa a5a4a7a6 a1a0a3a2
8930: dddcdfde d9d8dbda d5d4d7d6 d1d0d3d2 cdcccfce c9c8cbca c5c4c7c6 c1c0c3c2
8938: fdfcfffe f9f8fbfa f5f4f7f6 f1f0f3f2 edecefee e9e8ebea e5e4e7e6 e1e0e3e2
8940: 1c1d1e1f 18191a1b 14151617 10111213 0c0d0e0f 08090a0b 04050607 00010203
8948: 3c3d3e3f 38393a3b 34353637 30313233 2c2d2e2f 28292a2b 24252627 20212223
8950: 5c5d5e5f 58595a5b 54555657 50515253 4c4d4e4f 48494a4b 44454647 40414243
8958: 7c7d7e7f 78797a7b 74757677 70717273 6c6d6e6f 68696a6b 64656667 60616263
8960: 9c9d9e9f 98999a9b 94959697 90919293 8c8d8e8f 88898a8b 84858687 80818283
8968: bcbdbebf b8b9babb b4b5b6b7 b0b1b2b3 acadaeaf a8a9aaab a4a5a6a7 a0a1a2a3
8970: dcdddedf d8d9dadb d4d5d6d7 d0d1d2d3 cccdcecf c8c9cacb c4c5c6c7 c0c1c2c3
8978: fcfdfeff f8f9fafb f4f5f6f7 f0f1f2f3 ecedeeef e8e9eaeb e4e5e6e7 e0e1e2e3
8980: 23222120 27262524 2b2a2928 2f2e2d2c 33323130 37363534 3b3a3938 3f3e3d3c
8988: 03020100 07060504 0b0a0908 0f0e0d0c 13121110 17161514 1b1a1918 1f1e1d1c
8990: 63626160 67666564 6b6a6968 6f6e6d6c 73727170 77767574 7b7a7978 7f7e7d7c
8998: 43424140 47464544 4b4a4948 4f4e4d4c 53525150 57565554 5b5a5958 5f5e5d5c
89a0: a3a2a1a0 a7a6a5a4 abaaa9a8 afaeadac b3b2b1b0 b7b6b5b4 bbbab9b8 bfbebdbc
89a8: 83828180 87868584 8b8a8988 8f8e8d8c 93929190 97969594 9b9a9998 9f9e9d9c
89b0: e3e2e1e0 e7e6e5e4 ebeae9e8 efeeedec f3f2f1f0 f7f6f5f4 fbfaf9f8 fffefdfc
89b8: c3c2c1c0 c7c6c5c4 cbcac9c8 cfcecdcc d3d2d1d0 d7d6d5d4 dbdad9d8 dfdedddc
89c0: 22232021 26272425 2a2b2829 2e2f2c2d 32333031 36373435 3a3b3839 3e3f3c3d
89c8: 02030001 06070405 0a0b0809 0e0f0c0d 12131011 16171415 1a1b1819 1e1f1c1d
89d0: 62636061 66676465 6a6b6869 6e6f6c6d 72737071 76777475 7a7b7879 7e7f7c7d
89d8: 42434041 46474445 4a4b4849 4e4f4c4d 52535051 56575455 5a5b5859 5e5f5c5d
89e0: a2a3a0a1 a6a7a4a5 aaaba8a9 aeafacad b2b3b0b1 b6b7b4b5 babbb8b9 bebfbcbd
89e8: 82838081 86878485 8a8b8889 8e8f8c8d 92939091 96979495 9a9b9899 9e9f9c9d
89f0: e2e3e0e1 e6e7e4e5 eaebe8e9 eeefeced f2f3f0f1 f6f7f4f5 fafbf8f9 fefffcfd
89f8: c2c3c0c1 c6c7c4c5 cacbc8c9 cecfcccd d2d3d0d1 d6d7d4d5 dadbd8d9 dedfdcdd
8a00: 21202322 25242726 29282b2a 2d2c2f2e 31303332 35343736 39383b3a 3d3c3f3e
8a08: 01000302 05040706 09080b0a 0d0c0f0e 11101312 15141716 19181b1a 1d1c1f1e
8a10: 61606362 65646766 69686b6a 6d6c6f6e 71707372 75747776 79787b7a 7d7c7f7e
8a18: 41404342 45444746 49484b4a 4d4c4f4e 51505352 55545756 59585b5a 5d5c5f5e
8a20: a1a0a3a2 a5a4a7a6 a9a8abaa adacafae b1b0b3b2 b5b4b7b6 b9b8bbba bdbcbfbe
8a28: 81808382 85848786 89888b8a 8d8c8f8e 91909392 95949796 99989b9a 9d9c9f9e
8a30: e1e0e3e2 e5e4e7e6 e9e8ebea edecefee f1f0f3f2 f5f4f7f6 f9f8fbfa fdfcfffe
8a38: c1c0c3c2 c5c4c7c6 c9c8cbca cdcccfce d1d0d3d2 d5d4d7d6 d9d8dbda dddcdfde
8a40: 20212223 24252627 28292a2b 2c2d2e2f 30313233 34353637 38393a3b 3c3d3e3f
8a48: 00010203 04050607 08090a0b 0c0d0e0f 10111213 14151617 18191a1b 1c1d1e1f
8a50: 60616263 64656667 68696a6b 6c6d6e6f 70717273 74757677 78797a7b 7c7d7e7f
8a58: 40414243 44454647 48494a4b 4c4d4e4f 50515253 54555657 58595a5b 5c5d5e5f
8a60: a0a1a2a3 a4a5a6a7 a8a9aaab acadaeaf b0b1b2b3 b4b5b6b7 b8b9babb bcbdbebf
8a68: 80818283 84858687 88898a8b 8c8d8e8f 90919293 94959697 98999a9b 9c9d9e9f
8a70: e0e1e2e3 e4e5e6e7 e8e9eaeb ecedeeef f0f1f2f3 f4f5f6f7 f8f9fafb fcfdfeff
8a78: c0c1c2c3 c4c5c6c7 c8c9cacb cccdcecf d0d1d2d3 d4d5d6d7 d8d9dadb dcdddedf
8a80: 27262524 23222120 2f2e2d2c 2b2a2928 37363534 33323130 3f3e3d3c 3b3a3938
8a88: 07060504 03020100 0f0e0d0c 0b0a0908 17161514 13121110 1f1e1d1c 1b1a1918
8a90: 67666564 63626160 6f6e6d6c 6b6a6968 77767574 73727170 7f7e7d7c 7b7a7978
8a98: 47464544 43424140 4f4e4d4c 4b4a4948 57565554 53525150 5f5e5d5c 5b5a5958
8aa0: a7a6a5a4 a3a2a1a0 afaeadac abaaa9a8 b7b6b5b4 b3b2b1b0 bfbebdbc bbbab9b8
8aa8: 87868584 83828180 8f8e8d8c 8b8a8988 97969594 93929190 9f9e9d9c 9b9a9998
8ab0: e7e6e5e4 e3e2e1e0 efeeedec ebeae9e8 f7f6f5f4 f3f2f1f0 fffefdfc fbfaf9f8
8ab8: c7c6c5c4 c3c2c1c0 cfcecdcc cbcac9c8 d7d6d5d4 d3d2d1d0 dfdedddc dbdad9d8
8ac0: 26272425 22232021 2e2f2c2d 2a2b2829 36373435 32333031 3e3f3c3d 3a3b3839
8ac8: 06070405 02030001 0e0f0c0d 0a0b0809 16171415 12131011 1e1f1c1d 1a1b1819
8ad0: 66676465 62636061 6e6f6c6d 6a6b6869 76777475 72737071 7e7f7c7d 7a7b7879
8ad8: 46474445 42434041 4e4f4c4d 4a4b4849 56575455 52535051 5e5f5c5d 5a5b5859
8ae0: a6a7a4a5 a2a3a0a1 aeafacad aaaba8a9 b6b7b4b5 b2b3b0b1 bebfbcbd babbb8b9
8ae8: 86878485 82838081 8e8f8c8d 8a8b8889 96979495 92939091 9e9f9c9d 9a9b9899
8af0: e6e7e4e5 e2e3e0e1 eeefeced eaebe8e9 f6f7f4f5 f2f3f0f1 fefffcfd fafbf8f9
8af8: c6c7c4c5 c2c3c0c1 cecfcccd cacbc8c9 d6d7d4d5 d2d3d0d1 dedfdcdd dadbd8d9
8b00: 25242726 21202322 2d2c2f2e 29282b2a 35343736 31303332 3d3c3f3e 39383b3a
8b08: 05040706 01000302 0d0c0f0e 09080b0a 15141716 11101312 1d1c1f1e 19181b1a
8b10: 65646766 61606362 6d6c6f6e 69686b6a 75747776 71707372 7d7c7f7e 79787b7a
8b18: 45444746 41404342 4d4c4f4e 49484b4a 55545756 51505352 5d5c5f5e 59585b5a
8b20: a5a4a7a6 a1a0a3a2 adacafae a9a8abaa b5b4b7b6 b1b0b3b2 bdbcbfbe b9b8bbba
8b28: 85848786 81808382 8d8c8f8e 89888b8a 95949796 91909392 9d9c9f9e 99989b9a
8b30: e5e4e7e6 e1e0e3e2 edecefee e9e8ebea f5f4f7f6 f1f0f3f2 fdfcfffe f9f8fbfa
8b38: c5c4c7c6 c1c0c3c2 cdcccfce c9c8cbca d5d4d7d6 d1d0d3d2 dddcdfde d9d8dbda
8b40: 24252627 20212223 2c2d2e2f 28292a2b 34353637 30313233 3c3d3e3f 38393a3b
8b48: 04050607 00010203 0c0d0e0f 08090a0b 14151617 10111213 1c1d1e1f 18191a1b
8b50: 64656667 60616263 6c6d6e6f 68696a6b 74757677 70717273 7c7d7e7f 78797a7b
8b58: 44454647 40414243 4c4d4e4f 48494a4b 54555657 50515253 5c5d5e5f 58595a5b
8b60: a4a5a6a7 a0a1a2a3 acadaeaf a8a9aaab b4b5b6b7 b0b1b2b3 bcbdbebf b8b9babb
8b68: 84858687 80818283 8c8d8e8f 88898a8b 94959697 90919293 9c9d9e9f 98999a9b
8b70: e4e5e6e7 e0e1e2e3 ecedeeef e8e9eaeb f4f5f6f7 f0f1f2f3 fcfdfeff f8f9fafb
8b78: c4c5c6c7 c0c1c2c3 cccdcecf c8c9cacb d4d5d6d7 d0d1d2d3 dcdddedf d8d9dadb
8b80: 2b2a2928 2f2e2d2c 23222120 27262524 3b3a3938 3f3e3d3c 33323130 37363534
8b88: 0b0a0908 0f0e0d0c 03020100 07060504 1b1a1918 1f1e1d1c 13121110 17161514
8b90: 6b6a6968 6f6e6d6c 63626160 67666564 7b7a7978 7f7e7d7c 73727170 77767574
8b98: 4b4a4948 4f4e4d4c 43424140 47464544 5b5a5958 5f5e5d5c 53525150 57565554
8ba0: abaaa9a8 afaeadac a3a2a1a0 a7a6a5a4 bbbab9b8 bfbebdbc b3b2b1b0 b7b6b5b4
8ba8: 8b8a8988 8f8e8d8c 83828180 87868584 9b9a9998 9f9e9d9c 93929190 97969594
8bb0: ebeae9e8 efeeedec e3e2e1e0 e7e6e5e4 fbfaf9f8 fffefdfc f3f2f1f0 f7f6f5f4
8bb8: cbcac9c8 cfcecdcc c3c2c1c0 c7c6c5c4 dbdad9d8 dfdedddc d3d2d1d0 d7d6d5d4
8bc0: 2a2b2829 2e2f2c2d 22232021 26272425 3a3b3839 3e3f3c3d 32333031 36373435
8bc8: 0a0b0809 0e0f0c0d 02030001 06070405 1a1b1819 1e1f1c1d 12131011 16171415
8bd0: 6a6b6869 6e6f6c6d 62636061 66676465 7a7b7879 7e7f7c7d 72737071 76777475
8bd8: 4a4b4849 4e4f4c4d 42434041 46474445 5a5b5859 5e5f5c5d 52535051 56575455
8be0: aaaba8a9 aeafacad a2a3a0a1 a6a7a4a5 babbb8b9 bebfbcbd b2b3b0b1 b6b7b4b5
8be8: 8a8b8889 8e8f8c8d 82838081 86878485 9a9b9899 9e9f9c9d 92939091 96979495
8bf0: eaebe8e9 eeefeced e2e3e0e1 e6e7e4e5 fafbf8f9 fefffcfd f2f3f0f1 f6f7f4f5
8bf8: cacbc8c9 cecfcccd c2c3c0c1 c6c7c4c5 dadbd8d9 dedfdcdd d2d3d0d1 d6d7d4d5
8c00: 29282b2a 2d2c2f2e 21202322 25242726 39383b3a 3d3c3f3e 31303332 35343736
8c08: 09080b0a 0d0c0f0e 01000302 05040706 19181b1a 1d1c1f1e 11101312 15141716
8c10: 69686b6a 6d6c6f6e 61606362 65646766 79787b7a 7d7c7f7e 71707372 75747776
8c18: 49484b4a 4d4c4f4e 41404342 45444746 59585b5a 5d5c5f5e 51505352 55545756
8c20: a9a8abaa adacafae a1a0a3a2 a5a4a7a6 b9b8bbba bdbcbfbe b1b0b3b2 b5b4b7b6
8c28: 89888b8a 8d8c8f8e 81808382 85848786 99989b9a 9d9c9f9e 91909392 95949796
8c30: e9e8ebea edecefee e1e0e3e2 e5e4e7e6 f9f8fbfa fdfcfffe f1f0f3f2 f5f4f7f6
8c38: c9c8cbca cdcccfce c1c0c3c2 c5c4c7c6 d9d8dbda dddcdfde d1d0d3d2 d5d4d7d6
8c40: 28292a2b 2c2d2e2f 20212223 24252627 38393a3b 3c3d3e3f 30313233 34353637
8c48: 08090a0b 0c0d0e0f 00010203 04050607 18191a1b 1c1d1e1f 10111213 14151617
8c50: 68696a6b 6c6d6e6f 60616263 64656667 78797a7b 7c7d7e7f 70717273 74757677
8c58: 48494a4b 4c4d4e4f 40414243 44454647 58595a5b 5c5d5e5f 50515253 54555657
8c60: a8a9aaab acadaeaf a0a1a2a3 a4a5a6a7 b8b9babb bcbdbebf b0b1b2b3 b4b5b6b7
8c68: 88898a8b 8c8d8e8f 80818283 84858687 98999a9b 9c9d9e9f 90919293 94959697
8c70: e8e9eaeb ecedeeef e0e1e2e3 e4e5e6e7 f8f9fafb fcfdfeff f0f1f2f3 f4f5f6f7
8c78: c8c9cacb cccdcecf c0c1c2c3 c4c5c6c7 d8d9dadb dcdddedf d0d1d2d3 d4d5d6d7
8c80: 2f2e2d2c 2b2a2928 27262524 23222120 3f3e3d3c 3b3a3938 37363534 33323130
8c88: 0f0e0d0c 0b0a0908 07060504 03020100 1f1e1d1c 1b1a1918 17161514 13121110
8c90: 6f6e6d6c 6b6a6968 67666564 63626160 7f7e7d7c 7b7a7978 77767574 73727170
8c98: 4f4e4d4c 4b4a4948 47464544 43424140 5f5e5d5c 5b5a5958 57565554 53525150
8ca0: afaeadac abaaa9a8 a7a6a5a4 a3a2a1a0 bfbebdbc bbbab9b8 b7b6b5b4 b3b2b1b0
8ca8: 8f8e8d8c 8b8a8988 87868584 83828180 9f9e9d9c 9b9a9998 97969594 93929190
8cb0: efeeedec ebeae9e8 e7e6e5e4 e3e2e1e0 fffefdfc fbfaf9f8 f7f6f5f4 f3f2f1f0
8cb8: cfcecdcc cbcac9c8 c7c6c5c4 c3c2c1c0 dfdedddc dbdad9d8 d7d6d5d4 d3d2d1d0
8cc0: 2e2f2c2d 2a2b2829 26272425 22232021 3e3f3c3d 3a3b3839 36373435 32333031
8cc8: 0e0f0c0d 0a0b0809 06070405 02030001 1e1f1c1d 1a1b1819 16171415 12131011
8cd0: 6e6f6c6d 6a6b6869 66676465 62636061 7e7f7c7d 7a7b7879 76777475 72737071
8cd8: 4e4f4c4d 4a4b4849 46474445 42434041 5e5f5c5d 5a5b5859 56575455 52535051
8ce0: aeafacad aaaba8a9 a6a7a4a5 a2a3a0a1 bebfbcbd babbb8b9 b6b7b4b5 b2b3b0b1
8ce8: 8e8f8c8d 8a8b8889 86878485 82838081 9e9f9c9d 9a9b9899 96979495 92939091
8cf0: eeefeced eaebe8e9 e6e7e4e5 e2e3e0e1 fefffcfd fafbf8f9 f6f7f4f5 f2f3f0f1
8cf8: cecfcccd cacbc8c9 c6c7c4c5 c2c3c0c1 dedfdcdd dadbd8d9 d6d7d4d5 d2d3d0d1
8d00: 2d2c2f2e 29282b2a 25242726 21202322 3d3c3f3e 39383b3a 35343736 31303332
8d08: 0d0c0f0e 09080b0a 05040706 01000302 1d1c1f1e 19181b1a 15141716 11101312
8d10: 6d6c6f6e 69686b6a 65646766 61606362 7d7c7f7e 79787b7a 75747776 71707372
8d18: 4d4c4f4e 49484b4a 45444746 41404342 5d5c5f5e 59585b5a 55545756 51505352
8d20: adacafae a9a8abaa a5a4a7a6 a1a0a3a2 bdbcbfbe b9b8bbba b5b4b7b6 b1b0b3b2
8d28: 8d8c8f8e 89888b8a 85848786 81808382 9d9c9f9e 99989b9a 95949796 91909392
8d30: edecefee e9e8ebea e5e4e7e6 e1e0e3e2 fdfcfffe f9f8fbfa f5f4f7f6 f1f0f3f2
8d38: cdcccfce c9c8cbca c5c4c7c6 c1c0c3c2 dddcdfde d9d8dbda d5d4d7d6 d1d0d3d2
8d40: 2c2d2e2f 28292a2b 24252627 20212223 3c3d3e3f 38393a3b 34353637 30313233
8d48: 0c0d0e0f 08090a0b 04050607 00010203 1c1d1e1f 18191a1b 14151617 10111213
8d50: 6c6d6e6f 68696a6b 64656667 60616263 7c7d7e7f 78797a7b 74757677 70717273
8d58: 4c4d4e4f 48494a4b 44454647 40414243 5c5d5e5f 58595a5b 54555657 50515253
8d60: acadaeaf a8a9aaab a4a5a6a7 a0a1a2a3 bcbdbebf b8b9babb b4b5b6b7 b0b1b2b3
8d68: 8c8d8e8f 88898a8b 84858687 80818283 9c9d9e9f 98999a9b 94959697 90919293
8d70: ecedeeef e8e9eaeb e4e5e6e7 e0e1e2e3 fcfdfeff f8f9fafb f4f5f6f7 f0f1f2f3
8d78: cccdcecf c8c9cacb c4c5c6c7 c0c1c2c3 dcdddedf d8d9dadb d4d5d6d7 d0d1d2d3
8d80: 33323130 37363534 3b3a3938 3f3e3d3c 23222120 27262524 2b2a2928 2f2e2d2c
8d88: 13121110 17161514 1b1a1918 1f1e1d1c 03020100 07060504 0b0a0908 0f0e0d0c
8d90: 73727170 77767574 7b7a7978 7f7e7d7c 63626160 67666564 6b6a6968 6f6e6d6c
8d98: 53525150 57565554 5b5a5958 5f5e5d5c 43424140 47464544 4b4a4948 4f4e4d4c
8da0: b3b2b1b0 b7b6b5b4 bbbab9b8 bfbebdbc a3a2a1a0 a7a6a5a4 abaaa9a8 afaeadac
8da8: 93929190 97969594 9b9a9998 9f9e9d9c 83828180 87868584 8b8a8988 8f8e8d8c
8db0: f3f2f1f0 f7f6f5f4 fbfaf9f8 fffefdfc e3e2e1e0 e7e6e5e4 ebeae9e8 efeeedec
8db8: d3d2d1d0 d7d6d5d4 dbdad9d8 dfdedddc c3c2c1c0 c7c6c5c4 cbcac9c8 cfcecdcc
8dc0: 32333031 36373435 3a3b3839 3e3f3c3d 22232021 26272425 2a2b2829 2e2f2c2d
8dc8: 12131011 16171415 1a1b1819 1e1f1c1d 02030001 06070405 0a0b0809 0e0f0c0d
8dd0: 72737071 76777475 7a7b7879 7e7f7c7d 62636061 66676465 6a6b6869 6e6f6c6d
8dd8: 52535051 56575455 5a5b5859 5e5f5c5d 42434041 46474445 4a4b4849 4e4f4c4d
8de0: b2b3b0b1 b6b7b4b5 babbb8b9 bebfbcbd a2a3a0a1 a6a7a4a5 aaaba8a9 aeafacad
8de8: 92939091 96979495 9a9b9899 9e9f9c9d 82838081 86878485 8a8b8889 8e8f8c8d
8df0: f2f3f0f1 f6f7f4f5 fafbf8f9 fefffcfd e2e3e0e1 e6e7e4e5 eaebe8e9 eeefeced
8df8: d2d3d0d1 d6d7d4d5 dadbd8d9 dedfdcdd c2c3c0c1 c6c7c4c5 cacbc8c9 cecfcccd
8e00: 31303332 35343736 39383b3a 3d3c3f3e 21202322 25242726 29282b2a 2d2c2f2e
8e08: 11101312 15141716 19181b1a 1d1c1f1e 01000302 05040706 09080b0a 0d0c0f0e
8e10: 71707372 75747776 79787b7a 7d7c7f7e 61606362 65646766 69686b6a 6d6c6f6e
8e18: 51505352 55545756 59585b5a 5d5c5f5e 41404342 45444746 49484b4a 4d4c4f4e
8e20: b1b0b3b2 b5b4b7b6 b9b8bbba bdbcbfbe a1a0a3a2 a5a4a7a6 a9a8abaa adacafae
8e28: 91909392 95949796 99989b9a 9d9c9f9e 81808382 85848786 89888b8a 8d8c8f8e
8e30: f1f0f3f2 f5f4f7f6 f9f8fbfa fdfcfffe e1e0e3e2 e5e4e7e6 e9e8ebea edecefee
8e38: d1d0d3d2 d5d4d7d6 d9d8dbda dddcdfde c1c0c3c2 c5c4c7c6 c9c8cbca cdcccfce
8e40: 30313233 34353637 38393a3b 3c3d3e3f 20212223 24252627 28292a2b 2c2d2e2f
8e48: 10111213 14151617 18191a1b 1c1d1e1f 00010203 04050607 08090a0b 0c0d0e0f
8e50: 70717273 74757677 78797a7b 7c7d7e7f 60616263 64656667 68696a6b 6c6d6e6f
8e58: 50515253 54555657 58595a5b 5c5d5e5f 40414243 44454647 48494a4b 4c4d4e4f
8e60: b0b1b2b3 b4b5b6b7 b8b9babb bcbdbebf a0a1a2a3 a4a5a6a7 a8a9aaab acadaeaf
8e68: 90919293 94959697 98999a9b 9c9d9e9f 80818283 84858687 88898a8b 8c8d8e8f
8e70: f0f1f2f3 f4f5f6f7 f8f9fafb fcfdfeff e0e1e2e3 e4e5e6e7 e8e9eaeb ecedeeef
8e78: d0d1d2d3 d4d5d6d7 d8d9dadb dcdddedf c0c1c2c3 c4c5c6c7 c8c9cacb cccdcecf
8e80: 37363534 33323130 3f3e3d3c 3b3a3938 27262524 23222120 2f2e2d2c 2b2a2928
8e88: 17161514 13121110 1f1e1d1c 1b1a1918 07060504 03020100 0f0e0d0c 0b0a0908
8e90: 77767574 73727170 7f7e7d7c 7b7a7978 67666564 63626160 6f6e6d6c 6b6a6968
8e98: 57565554 53525150 5f5e5d5c 5b5a5958 47464544 43424140 4f4e4d4c 4b4a4948
8ea0: b7b6b5b4 b3b2b1b0 bfbebdbc bbbab9b8 a7a6a5a4 a3a2a1a0 afaeadac abaaa9a8
8ea8: 97969594 93929190 9f9e9d9c 9b9a9998 87868584 83828180 8f8e8d8c 8b8a8988
8eb0: f7f6f5f4 f3f2f1f0 fffefdfc fbfaf9f8 e7e6e5e4 e3e2e1e0 efeeedec ebeae9e8
8eb8: d7d6d5d4 d3d2d1d0 dfdedddc dbdad9d8 c7c6c5c4 c3c2c1c0 cfcecdcc cbcac9c8
8ec0: 36373435 32333031 3e3f3c3d 3a3b3839 26272425 22232021 2e2f2c2d 2a2b2829
8ec8: 16171415 12131011 1e1f1c1d 1a1b1819 06070405 02030001 0e0f0c0d 0a0b0809
8ed0: 76777475 72737071 7e7f7c7d 7a7b7879 66676465 62636061 6e6f6c6d 6a6b6869
8ed8: 56575455 52535051 5e5f5c5d 5a5b5859 46474445 42434041 4e4f4c4d 4a4b4849
8ee0: b6b7b4b5 b2b3b0b1 bebfbcbd babbb8b9 a6a7a4a5 a2a3a0a1 aeafacad aaaba8a9
8ee8: 96979495 92939091 9e9f9c9d 9a9b9899 86878485 82838081 8e8f8c8d 8a8b8889
8ef0: f6f7f4f5 f2f3f0f1 fefffcfd fafbf8f9 e6e7e4e5 e2e3e0e1 eeefeced eaebe8e9
8ef8: d6d7d4d5 d2d3d0d1 dedfdcdd dadbd8d9 c6c7c4c5 c2c3c0c1 cecfcccd cacbc8c9
8f00: 35343736 31303332 3d3c3f3e 39383b3a 25242726 21202322 2d2c2f2e 29282b2a
8f08: 15141716 11101312 1d1c1f1e 19181b1a 05040706 01000302 0d0c0f0e 09080b0a
8f10: 75747776 71707372 7d7c7f7e 79787b7a 65646766 61606362 6d6c6f6e 69686b6a
8f18: 55545756 51505352 5d5c5f5e 59585b5a 45444746 41404342 4d4c4f4e 49484b4a
8f20: b5b4b7b6 b1b0b3b2 bdbcbfbe b9b8bbba a5a4a7a6 a1a0a3a2 adacafae a9a8abaa
8f28: 95949796 91909392 9d9c9f9e 99989b9a 85848786 81808382 8d8c8f8e 89888b8a
8f30: f5f4f7f6 f1f0f3f2 fdfcfffe f9f8fbfa e5e4e7e6 e1e0e3e2 edecefee e9e8ebea
8f38: d5d4d7d6 d1d0d3d2 dddcdfde d9d8dbda c5c4c7c6 c1c0c3c2 cdcccfce c9c8cbca
8f40: 34353637 30313233 3c3d3e3f 38393a3b 24252627 20212223 2c2d2e2f 28292a2b
8f48: 14151617 10111213 1c1d1e1f 18191a1b 04050607 00010203 0c0d0e0f 08090a0b
8f50: 74757677 70717273 7c7d7e7f 78797a7b 64656667 60616263 6c6d6e6f 68696a6b
8f58: 54555657 50515253 5c5d5e5f 58595a5b 44454647 40414243 4c4d4e4f 48494a4b
8f60: b4b5b6b7 b0b1b2b3 bcbdbebf b8b9babb a4a5a6a7 a0a1a2a3 acadaeaf a8a9aaab
8f68: 94959697 90919293 9c9d9e9f 98999a9b 84858687 80818283 8c8d8e8f 88898a8b
8f70: f4f5f6f7 f0f1f2f3 fcfdfeff f8f9fafb e4e5e6e7 e0e1e2e3 ecedeeef e8e9eaeb
8f78: d4d5d6d7 d0d1d2d3 dcdddedf d8d9dadb c4c5c6c7 c0c1c2c3 cccdcecf c8c9cacb
8f80: 3b3a3938 3f3e3d3c 33323130 37363534 2b2a2928 2f2e2d2c 23222120 27262524
8f88: 1b1a1918 1f1e1d1c 13121110 17161514 0b0a0908 0f0e0d0c 03020100 07060504
8f90: 7b7a7978 7f7e7d7c 73727170 77767574 6b6a6968 6f6e6d6c 63626160 67666564
8f98: 5b5a5958 5f5e5d5c 53525150 57565554 4b4a4948 4f4e4d4c 43424140 47464544
8fa0: bbbab9b8 bfbebdbc b3b2b1b0 b7b6b5b4 abaaa9a8 afaeadac a3a2a1a0 a7a6a5a4
8fa8: 9b9a9998 9f9e9d9c 93929190 97969594 8b8a8988 8f8e8d8c 83828180 87868584
8fb0: fbfaf9f8 fffefdfc f3f2f1f0 f7f6f5f4 ebeae9e8 efeeedec e3e2e1e0 e7e6e5e4
8fb8: dbdad9d8 dfdedddc d3d2d1d0 d7d6d5d4 cbcac9c8 cfcecdcc c3c2c1c0 c7c6c5c4
8fc0: 3a3b3839 3e3f3c3d 32333031 36373435 2a2b2829 2e2f2c2d 22232021 26272425
8fc8: 1a1b1819 1e1f1c1d 12131011 16171415 0a0b0809 0e0f0c0d 02030001 06070405
8fd0: 7a7b7879 7e7f7c7d 72737071 76777475 6a6b6869 6e6f6c6d 62636061 66676465
8fd8: 5a5b5859 5e5f5c5d 52535051 56575455 4a4b4849 4e4f4c4d 42434041 46474445
8fe0: babbb8b9 bebfbcbd b2b3b0b1 b6b7b4b5 aaaba8a9 aeafacad a2a3a0a1 a6a7a4a5
8fe8: 9a9b9899 9e9f9c9d 92939091 96979495 8a8b8889 8e8f8c8d 82838081 86878485
8ff0: fafbf8f9 fefffcfd f2f3f0f1 f6f7f4f5 eaebe8e9 eeefeced e2e3e0e1 e6e7e4e5
8ff8: dadbd8d9 dedfdcdd d2d3d0d1 d6d7d4d5 cacbc8c9 cecfcccd c2c3c0c1 c6c7c4c5
9000: 39383b3a 3d3c3f3e 31303332 35343736 29282b2a 2d2c2f2e 21202322 25242726
9008: 19181b1a 1d1c1f1e 11101312 15141716 09080b0a 0d0c0f0e 01000302 05040706
9010: 79787b7a 7d7c7f7e 71707372 75747776 69686b6a 6d6c6f6e 61606362 65646766
9018: 59585b5a 5d5c5f5e 51505352 55545756 49484b4a 4d4c4f4e 41404342 45444746
9020: b9b8bbba bdbcbfbe b1b0b3b2 b5b4b7b6 a9a8abaa adacafae a1a0a3a2 a5a4a7a6
9028: 99989b9a 9d9c9f9e 91909392 95949796 89888b8a 8d8c8f8e 81808382 85848786
9030: f9f8fbfa fdfcfffe f1f0f3f2 f5f4f7f6 e9e8ebea edecefee e1e0e3e2 e5e4e7e6
9038: d9d8dbda dddcdfde d1d0d3d2 d5d4d7d6 c9c8cbca cdcccfce c1c0c3c2 c5c4c7c6
9040: 38393a3b 3c3d3e3f 30313233 34353637 28292a2b 2c2d2e2f 20212223 24252627
9048: 18191a1b 1c1d1e1f 10111213 14151617 08090a0b 0c0d0e0f 00010203 04050607
9050: 78797a7b 7c7d7e7f 70717273 74757677 68696a6b 6c6d6e6f 60616263 64656667
9058: 58595a5b 5c5d5e5f 50515253 54555657 48494a4b 4c4d4e4f 40414243 44454647
9060: b8b9babb bcbdbebf b0b1b2b3 b4b5b6b7 a8a9aaab acadaeaf a0a1a2a3 a4a5a6a7
9068: 98999a9b 9c9d9e9f 90919293 94959697 88898a8b 8c8d8e8f 80818283 84858687
9070: f8f9fafb fcfdfeff f0f1f2f3 f4f5f6f7 e8e9eaeb ecedeeef e0e1e2e3 e4e5e6e7
9078: d8d9dadb dcdddedf d0d1d2d3 d4d5d6d7 c8c9cacb cccdcecf c0c1c2c3 c4c5c6c7
9080: 3f3e3d3c 3b3a3938 37363534 33323130 2f2e2d2c 2b2a2928 27262524 23222120
9088: 1f1e1d1c 1b1a1918 17161514 13121110 0f0e0d0c 0b0a0908 07060504 03020100
9090: 7f7e7d7c 7b7a7978 77767574 73727170 6f6e6d6c 6b6a6968 67666564 63626160
9098: 5f5e5d5c 5b5a5958 57565554 53525150 4f4e4d4c 4b4a4948 47464544 43424140
90a0: bfbebdbc bbbab9b8 b7b6b5b4 b3b2b1b0 afaeadac abaaa9a8 a7a6a5a4 a3a2a1a0
90a8: 9f9e9d9c 9b9a9998 97969594 93929190 8f8e8d8c 8b8a8988 87868584 83828180
90b0: fffefdfc fbfaf9f8 f7f6f5f4 f3f2f1f0 efeeedec ebeae9e8 e7e6e5e4 e3e2e1e0
90b8: dfdedddc dbdad9d8 d7d6d5d4 d3d2d1d0 cfcecdcc cbcac9c8 c7c6c5c4 c3c2c1c0
90c0: 3e3f3c3d 3a3b3839 36373435 32333031 2e2f2c2d 2a2b2829 26272425 22232021
90c8: 1e1f1c1d 1a1b1819 16171415 12131011 0e0f0c0d 0a0b0809 06070405 02030001
90d0: 7e7f7c7d 7a7b7879 76777475 72737071 6e6f6c6d 6a6b6869 66676465 62636061
90d8: 5e5f5c5d 5a5b5859 56575455 52535051 4e4f4c4d 4a4b4849 46474445 42434041
90e0: bebfbcbd babbb8b9 b6b7b4b5 b2b3b0b1 aeafacad aaaba8a9 a6a7a4a5 a2a3a0a1
90e8: 9e9f9c9d 9a9b9899 96979495 92939091 8e8f8c8d 8a8b8889 86878485 82838081
90f0: fefffcfd fafbf8f9 f6f7f4f5 f2f3f0f1 eeefeced eaebe8e9 e6e7e4e5 e2e3e0e1
90f8: dedfdcdd dadbd8d9 d6d7d4d5 d2d3d0d1 cecfcccd cacbc8c9 c6c7c4c5 c2c3c0c1
9100: 3d3c3f3e 39383b3a 35343736 31303332 2d2c2f2e 29282b2a 25242726 21202322
9108: 1d1c1f1e 19181b1a 15141716 11101312 0d0c0f0e 09080b0a 05040706 01000302
9110: 7d7c7f7e 79787b7a 75747776 71707372 6d6c6f6e 69686b6a 65646766 61606362
9118: 5d5c5f5e 59585b5a 55545756 51505352 4d4c4f4e 49484b4a 45444746 41404342
9120: bdbcbfbe b9b8bbba b5b4b7b6 b1b0b3b2 adacafae a9a8abaa a5a4a7a6 a1a0a3a2
9128: 9d9c9f9e 99989b9a 95949796 91909392 8d8c8f8e 89888b8a 85848786 81808382
9130: fdfcfffe f9f8fbfa f5f4f7f6 f1f0f3f2 edecefee e9e8ebea e5e4e7e6 e1e0e3e2
9138: dddcdfde d9d8dbda d5d4d7d6 d1d0d3d2 cdcccfce c9c8cbca c5c4c7c6 c1c0c3c2
9140: 3c3d3e3f 38393a3b 34353637 30313233 2c2d2e2f 28292a2b 24252627 20212223
9148: 1c1d1e1f 18191a1b 14151617 10111213 0c0d0e0f 08090a0b 04050607 00010203
9150: 7c7d7e7f 78797a7b 74757677 70717273 6c6d6e6f 68696a6b 64656667 60616263
9158: 5c5d5e5f 58595a5b 54555657 50515253 4c4d4e4f 48494a4b 44454647 40414243
9160: bcbdbebf b8b9babb b4b5b6b7 b0b1b2b3 acadaeaf a8a9aaab a4a5a6a7 a0a1a2a3
9168: 9c9d9e9f 98999a9b 94959697 90919293 8c8d8e8f 88898a8b 84858687 80818283
9170: fcfdfeff f8f9fafb f4f5f6f7 f0f1f2f3 ecedeeef e8e9eaeb e4e5e6e7 e0e1e2e3
9178: dcdddedf d8d9dadb d4d5d6d7 d0d1d2d3 cccdcecf c8c9cacb c4c5c6c7 c0c1c2c3
9180: 43424140 47464544 4b4a4948 4f4e4d4c 53525150 57565554 5b5a5958 5f5e5d5c
9188: 63626160 67666564 6b6a6968 6f6e6d6c 73727170 77767574 7b7a7978 7f7e7d7c
9190: 03020100 07060504 0b0a0908 0f0e0d0c 13121110 17161514 1b1a1918 1f1e1d1c
9198: 23222120 27262524 2b2a2928 2f2e2d2c 33323130 37363534 3b3a3938 3f3e3d3c
91a0: c3c2c1c0 c7c6c5c4 cbcac9c8 cfcecdcc d3d2d1d0 d7d6d5d4 dbdad9d8 dfdedddc
91a8: e3e2e1e0 e7e6e5e4 ebeae9e8 efeeedec f3f2f1f0 f7f6f5f4 fbfaf9f8 fffefdfc
91b0: 83828180 87868584 8b8a8988 8f8e8d8c 93929190 97969594 9b9a9998 9f9e9d9c
91b8: a3a2a1a0 a7a6a5a4 abaaa9a8 afaeadac b3b2b1b0 b7b6b5b4 bbbab9b8 bfbebdbc
91c0: 42434041 46474445 4a4b4849 4e4f4c4d 52535051 56575455 5a5b5859 5e5f5c5d
91c8: 62636061 66676465 6a6b6869 6e6f6c6d 72737071 76777475 7a7b7879 7e7f7c7d
91d0: 02030001 06070405 0a0b0809 0e0f0c0d 12131011 16171415 1a1b1819 1e1f1c1d
91d8: 22232021 26272425 2a2b2829 2e2f2c2d 32333031 36373435 3a3b3839 3e3f3c3d
91e0: c2c3c0c1 c6c7c4c5 cacbc8c9 cecfcccd d2d3d0d1 d6d7d4d5 dadbd8d9 dedfdcdd
91e8: e2e3e0e1 e6e7e4e5 eaebe8e9 eeefeced f2f3f0f1 f6f7f4f5 fafbf8f9 fefffcfd
91f0: 82838081 86878485 8a8b8889 8e8f8c8d 92939091 96979495 9a9b9899 9e9f9c9d
91f8: a2a3a0a1 a6a7a4a5 aaaba8a9 aeafacad b2b3b0b1 b6b7b4b5 babbb8b9 bebfbcbd
9200: 41404342 45444746 49484b4a 4d4c4f4e 51505352 55545756 59585b5a 5d5c5f5e
9208: 61606362 65646766 69686b6a 6d6c6f6e 71707372 75747776 79787b7a 7d7c7f7e
9210: 01000302 05040706 09080b0a 0d0c0f0e 11101312 15141716 19181b1a 1d1c1f1e
9218: 21202322 25242726 29282b2a 2d2c2f2e 31303332 35343736 39383b3a 3d3c3f3e
9220: c1c0c3c2 c5c4c7c6 c9c8cbca cdcccfce d1d0d3d2 d5d4d7d6 d9d8dbda dddcdfde
9228: e1e0e3e2 e5e4e7e6 e9e8ebea edecefee f1f0f3f2 f5f4f7f6 f9f8fbfa fdfcfffe
9230: 81808382 85848786 89888b8a 8d8c8f8e 91909392 95949796 99989b9a 9d9c9f9e
9238: a1a0a3a2 a5a4a7a6 a9a8abaa adacafae b1b0b3b2 b5b4b7b6 b9b8bbba bdbcbfbe
9240: 40414243 44454647 48494a4b 4c4d4e4f 50515253 54555657 58595a5b 5c5d5e5f
9248: 60616263 64656667 68696a6b 6c6d6e6f 70717273 74757677 78797a7b 7c7d7e7f
9250: 00010203 04050607 08090a0b 0c0d0e0f 10111213 14151617 18191a1b 1c1d1e1f
9258: 20212223 24252627 28292a2b 2c2d2e2f 30313233 34353637 38393a3b 3c3d3e3f
9260: c0c1c2c3 c4c5c6c7 c8c9cacb cccdcecf d0d1d2d3 d4d5d6d7 d8d9dadb dcdddedf
9268: e0e1e2e3 e4e5e6e7 e8e9eaeb ecedeeef f0f1f2f3 f4f5f6f7 f8f9fafb fcfdfeff
9270: 80818283 84858687 88898a8b 8c8d8e8f 90919293 94959697 98999a9b 9c9d9e9f
9278: a0a1a2a3 a4a5a6a7 a8a9aaab acadaeaf b0b1b2b3 b4b5b6b7 b8b9babb bcbdbebf
9280: 47464544 43424140 4f4e4d4c 4b4a4948 57565554 53525150 5f5e5d5c 5b5a5958
9288: 67666564 63626160 6f6e6d6c 6b6a6968 77767574 73727170 7f7e7d7c 7b7a7978
9290: 07060504 03020100 0f0e0d0c 0b0a0908 17161514 13121110 1f1e1d1c 1b1a1918
9298: 27262524 23222120 2f2e2d2c 2b2a2928 37363534 33323130 3f3e3d3c 3b3a3938
92a0: c7c6c5c4 c3c2c1c0 cfcecdcc cbcac9c8 d7d6d5d4 d3d2d1d0 dfdedddc dbdad9d8
92a8: e7e6e5e4 e3e2e1e0 efeeedec ebeae9e8 f7f6f5f4 f3f2f1f0 fffefdfc fbfaf9f8
92b0: 87868584 83828180 8f8e8d8c 8b8a8988 97969594 93929190 9f9e9d9c 9b9a9998
92b8: a7a6a5a4 a3a2a1a0 afaeadac abaaa9a8 b7b6b5b4 b3b2b1b0 bfbebdbc bbbab9b8
92c0: 46474445 42434041 4e4f4c4d 4a4b4849 56575455 52535051 5e5f5c5d 5a5b5859
92c8: 66676465 62636061 6e6f6c6d 6a6b6869 76777475 72737071 7e7f7c7d 7a7b7879
92d0: 06070405 02030001 0e0f0c0d 0a0b0809 16171415 12131011 1e1f1c1d 1a1b1819
92d8: 26272425 22232021 2e2f2c2d 2a2b2829 36373435 32333031 3e3f3c3d 3a3b3839
92e0: c6c7c4c5 c2c3c0c1 cecfcccd cacbc8c9 d6d7d4d5 d2d3d0d1 dedfdcdd dadbd8d9
92e8: e6e7e4e5 e2e3e0e1 eeefeced eaebe8e9 f6f7f4f5 f2f3f0f1 fefffcfd fafbf8f9
92f0: 86878485 82838081 8e8f8c8d 8a8b8889 96979495 92939091 9e9f9c9d 9a9b9899
92f8: a6a7a4a5 a2a3a0a1 aeafacad aaaba8a9 b6b7b4b5 b2b3b0b1 bebfbcbd babbb8b9
9300: 45444746 41404342 4d4c4f4e 49484b4a 55545756 51505352 5d5c5f5e 59585b5a
9308: 65646766 61606362 6d6c6f6e 69686b6a 75747776 71707372 7d7c7f7e 79787b7a
9310: 05040706 01000302 0d0c0f0e 09080b0a 15141716 11101312 1d1c1f1e 19181b1a
9318: 25242726 21202322 2d2c2f2e 29282b2a 35343736 31303332 3d3c3f3e 39383b3a
9320: c5c4c7c6 c1c0c3c2 cdcccfce c9c8cbca d5d4d7d6 d1d0d3d2 dddcdfde d9d8dbda
9328: e5e4e7e6 e1e0e3e2 edecefee e9e8ebea f5f4f7f6 f1f0f3f2 fdfcfffe f9f8fbfa
9330: 85848786 81808382 8d8c8f8e 89888b8a 95949796 91909392 9d9c9f9e 99989b9a
9338: a5a4a7a6 a1a0a3a2 adacafae a9a8abaa b5b4b7b6 b1b0b3b2 bdbcbfbe b9b8bbba
9340: 44454647 40414243 4c4d4e4f 48494a4b 54555657 50515253 5c5d5e5f 58595a5b
9348: 64656667 60616263 6c6d6e6f 68696a6b 74757677 70717273 7c7d7e7f 78797a7b
9350: 04050607 00010203 0c0d0e0f 08090a0b 14151617 10111213 1c1d1e1f 18191a1b
9358: 24252627 20212223 2c2d2e2f 28292a2b 34353637 30313233 3c3d3e3f 38393a3b
9360: c4c5c6c7 c0c1c2c3 cccdcecf c8c9cacb d4d5d6d7 d0d1d2d3 dcdddedf d8d9dadb
9368: e4e5e6e7 e0e1e2e3 ecedeeef e8e9eaeb f4f5f6f7 f0f1f2f3 fcfdfeff f8f9fafb
9370: 84858687 80818283 8c8d8e8f 88898a8b 94959697 90919293 9c9d9e9f 98999a9b
9378: a4a5a6a7 a0a1a2a3 acadaeaf a8a9aaab b4b5b6b7 b0b1b2b3 bcbdbebf b8b9babb
9380: 4b4a4948 4f4e4d4c 43424140 47464544 5b5a5958 5f5e5d5c 53525150 57565554
9388: 6b6a6968 6f6e6d6c 63626160 67666564 7b7a7978 7f7e7d7c 73727170 77767574
9390: 0b0a0908 0f0e0d0c 03020100 07060504 1b1a1918 1f1e1d1c 13121110 17161514
9398: 2b2a2928 2f2e2d2c 23222120 27262524 3b3a3938 3f3e3d3c 33323130 37363534
93a0: cbcac9c8 cfcecdcc c3c2c1c0 c7c6c5c4 dbdad9d8 dfdedddc d3d2d1d0 d7d6d5d4
93a8: ebeae9e8 efeeedec e3e2e1e0 e7e6e5e4 fbfaf9f8 fffefdfc f3f2f1f0 f7f6f5f4
93b0: 8b8a8988 8f8e8d8c 83828180 87868584 9b9a9998 9f9e9d9c 93929190 97969594
93b8: abaaa9a8 afaeadac a3a2a1a0 a7a6a5a4 bbbab9b8 bfbebdbc b3b2b1b0 b7b6b5b4
93c0: 4a4b4849 4e4f4c4d 42434041 46474445 5a5b5859 5e5f5c5d 52535051 56575455
93c8: 6a6b6869 6e6f6c6d 62636061 66676465 7a7b7879 7e7f7c7d 72737071 76777475
93d0: 0a0b0809 0e0f0c0d 02030001 06070405 1a1b1819 1e1f1c1d 12131011 16171415
93d8: 2a2b2829 2e2f2c2d 22232021 26272425 3a3b3839 3e3f3c3d 32333031 36373435
93e0: cacbc8c9 cecfcccd c2c3c0c1 c6c7c4c5 dadbd8d9 dedfdcdd d2d3d0d1 d6d7d4d5
93e8: eaebe8e9 eeefeced e2e3e0e1 e6e7e4e5 fafbf8f9 fefffcfd f2f3f0f1 f6f7f4f5
93f0: 8a8b8889 8e8f8c8d 82838081 86878485 9a9b9899 9e9f9c9d 92939091 96979495
93f8: aaaba8a9 aeafacad a2a3a0a1 a6a7a4a5 babbb8b9 bebfbcbd b2b3b0b1 b6b7b4b5
9400: 49484b4a 4d4c4f4e 41404342 45444746 59585b5a 5d5c5f5e 51505352 55545756
9408: 69686b6a 6d6c6f6e 61606362 65646766 79787b7a 7d7c7f7e 71707372 75747776
9410: 09080b0a 0d0c0f0e 01000302 05040706 19181b1a 1d1c1f1e 11101312 15141716
9418: 29282b2a 2d2c2f2e 21202322 25242726 39383b3a 3d3c3f3e 31303332 35343736
9420: c9c8cbca cdcccfce c1c0c3c2 c5c4c7c6 d9d8dbda dddcdfde d1d0d3d2 d5d4d7d6
9428: e9e8ebea edecefee e1e0e3e2 e5e4e7e6 f9f8fbfa fdfcfffe f1f0f3f2 f5f4f7f6
9430: 89888b8a 8d8c8f8e 81808382 85848786 99989b9a 9d9c9f9e 91909392 95949796
9438: a9a8abaa adacafae a1a0a3a2 a5a4a7a6 b9b8bbba bdbcbfbe b1b0b3b2 b5b4b7b6
9440: 48494a4b 4c4d4e4f 40414243 44454647 58595a5b 5c5d5e5f 50515253 54555657
9448: 68696a6b 6c6d6e6f 60616263 64656667 78797a7b 7c7d7e7f 70717273 74757677
9450: 08090a0b 0c0d0e0f 00010203 04050607 18191a1b 1c1d1e1f 10111213 14151617
9458: 28292a2b 2c2d2e2f 20212223 24252627 38393a3b 3c3d3e3f 30313233 34353637
9460: c8c9cacb cccdcecf c0c1c2c3 c4c5c6c7 d8d9dadb dcdddedf d0d1d2d3 d4d5d6d7
9468: e8e9eaeb ecedeeef e0e1e2e3 e4e5e6e7 f8f9fafb fcfdfeff f0f1f2f3 f4f5f6f7
9470: 88898a8b 8c8d8e8f 80818283 84858687 98999a9b 9c9d9e9f 90919293 94959697
9478: a8a9aaab acadaeaf a0a1a2a3 a4a5a6a7 b8b9babb bcbdbebf b0b1b2b3 b4b5b6b7
9480: 4f4e4d4c 4b4a4948 47464544 43424140 5f5e5d5c 5b5a5958 57565554 53525150
9488: 6f6e6d6c 6b6a6968 67666564 63626160 7f7e7d7c 7b7a7978 77767574 73727170
9490: 0f0e0d0c 0b0a0908 07060504 03020100 1f1e1d1c 1b1a1918 17161514 13121110
9498: 2f2e2d2c 2b2a2928 27262524 23222120 3f3e3d3c 3b3a3938 37363534 33323130
94a0: cfcecdcc cbcac9c8 c7c6c5c4 c3c2c1c0 dfdedddc dbdad9d8 d7d6d5d4 d3d2d1d0
94a8: efeeedec ebeae9e8 e7e6e5e4 e3e2e1e0 fffefdfc fbfaf9f8 f7f6f5f4 f3f2f1f0
94b0: 8f8e8d8c 8b8a8988 87868584 83828180 9f9e9d9c 9b9a9998 97969594 93929190
94b8: afaeadac abaaa9a8 a7a6a5a4 a3a2a1a0 bfbebdbc bbbab9b8 b7b6b5b4 b3b2b1b0
94c0: 4e4f4c4d 4a4b4849 46474445 42434041 5e5f5c5d 5a5b5859 56575455 52535051
94c8: 6e6f6c6d 6a6b6869 66676465 62636061 7e7f7c7d 7a7b7879 76777475 72737071
94d0: 0e0f0c0d 0a0b0809 06070405 02030001 1e1f1c1d 1a1b1819 16171415 12131011
94d8: 2e2f2c2d 2a2b2829 26272425 22232021 3e3f3c3d 3a3b3839 36373435 32333031
94e0: cecfcccd cacbc8c9 c6c7c4c5 c2c3c0c1 dedfdcdd dadbd8d9 d6d7d4d5 d2d3d0d1
94e8: eeefeced eaebe8e9 e6e7e4e5 e2e3e0e1 fefffcfd fafbf8f9 f6f7f4f5 f2f3f0f1
94f0: 8e8f8c8d 8a8b8889 86878485 82838081 9e9f9c9d 9a9b9899 96979495 92939091
94f8: aeafacad aaaba8a9 a6a7a4a5 a2a3a0a1 bebfbcbd babbb8b9 b6b7b4b5 b2b3b0b1
9500: 4d4c4f4e 49484b4a 45444746 41404342 5d5c5f5e 59585b5a 55545756 51505352
9508: 6d6c6f6e 69686b6a 65646766 61606362 7d7c7f7e 79787b7a 75747776 71707372
9510: 0d0c0f0e 09080b0a 05040706 01000302 1d1c1f1e 19181b1a 15141716 11101312
9518: 2d2c2f2e 29282b2a 25242726 21202322 3d3c3f3e 39383b3a 35343736 31303332
9520: cdcccfce c9c8cbca c5c4c7c6 c1c0c3c2 dddcdfde d9d8dbda d5d4d7d6 d1d0d3d2
9528: edecefee e9e8ebea e5e4e7e6 e1e0e3e2 fdfcfffe f9f8fbfa f5f4f7f6 f1f0f3f2
9530: 8d8c8f8e 89888b8a 85848786 81808382 9d9c9f9e 99989b9a 95949796 91909392
9538: adacafae a9a8abaa a5a4a7a6 a1a0a3a2 bdbcbfbe b9b8bbba b5b4b7b6 b1b0b3b2
9540: 4c4d4e4f 48494a4b 44454647 40414243 5c5d5e5f 58595a5b 54555657 50515253
9548: 6c6d6e6f 68696a6b 64656667 60616263 7c7d7e7f 78797a7b 74757677 70717273
9550: 0c0d0e0f 08090a0b 04050607 00010203 1c1d1e1f 18191a1b 14151617 10111213
9558: 2c2d2e2f 28292a2b 24252627 20212223 3c3d3e3f 38393a3b 34353637 30313233
9560: cccdcecf c8c9cacb c4c5c6c7 c0c1c2c3 dcdddedf d8d9dadb d4d5d6d7 d0d1d2d3
9568: ecedeeef e8e9eaeb e4e5e6e7 e0e1e2e3 fcfdfeff f8f9fafb f4f5f6f7 f0f1f2f3
9570: 8c8d8e8f 88898a8b 84858687 80818283 9c9d9e9f 98999a9b 94959697 90919293
9578: acadaeaf a8a9aaab a4a5a6a7 a0a1a2a3 bcbdbebf b8b9babb b4b5b6b7 b0b1b2b3
9580: 53525150 57565554 5b5a5958 5f5e5d5c 43424140 47464544 4b4a4948 4f4e4d4c
9588: 73727170 77767574 7b7a7978 7f7e7d7c 63626160 67666564 6b6a6968 6f6e6d6c
9590: 13121110 17161514 1b1a1918 1f1e1d1c 03020100 07060504 0b0a0908 0f0e0d0c
9598: 33323130 37363534 3b3a3938 3f3e3d3c 23222120 27262524 2b2a2928 2f2e2d2c
95a0: d3d2d1d0 d7d6d5d4 dbdad9d8 dfdedddc c3c2c1c0 c7c6c5c4 cbcac9c8 cfcecdcc
95a8: f3f2f1f0 f7f6f5f4 fbfaf9f8 fffefdfc e3e2e1e0 e7e6e5e4 ebeae9e8 efeeedec
95b0: 93929190 97969594 9b9a9998 9f9e9d9c 83828180 87868584 8b8a8988 8f8e8d8c
95b8: b3b2b1b0 b7b6b5b4 bbbab9b8 bfbebdbc a3a2a1a0 a7a6a5a4 abaaa9a8 afaeadac
95c0: 52535051 56575455 5a5b5859 5e5f5c5d 42434041 46474445 4a4b4849 4e4f4c4d
95c8: 72737071 76777475 7a7b7879 7e7f7c7d 62636061 66676465 6a6b6869 6e6f6c6d
95d0: 12131011 16171415 1a1b1819 1e1f1c1d 02030001 06070405 0a0b0809 0e0f0c0d
95d8: 32333031 36373435 3a3b3839 3e3f3c3d 22232021 26272425 2a2b2829 2e2f2c2d
95e0: d2d3d0d1 d6d7d4d5 dadbd8d9 dedfdcdd c2c3c0c1 c6c7c4c5 cacbc8c9 cecfcccd
95e8: f2f3f0f1 f6f7f4f5 fafbf8f9 fefffcfd e2e3e0e1 e6e7e4e5 eaebe8e9 eeefeced
95f0: 92939091 96979495 9a9b9899 9e9f9c9d 82838081 86878485 8a8b8889 8e8f8c8d
95f8: b2b3b0b1 b6b7b4b5 babbb8b9 bebfbcbd a2a3a0a1 a6a7a4a5 aaaba8a9 aeafacad
9600: 51505352 55545756 59585b5a 5d5c5f5e 41404342 45444746 49484b4a 4d4c4f4e
9608: 71707372 75747776 79787b7a 7d7c7f7e 61606362 65646766 69686b6a 6d6c6f6e
9610: 11101312 15141716 19181b1a 1d1c1f1e 01000302 05040706 09080b0a 0d0c0f0e
9618: 31303332 35343736 39383b3a 3d3c3f3e 21202322 25242726 29282b2a 2d2c2f2e
9620: d1d0d3d2 d5d4d7d6 d9d8dbda dddcdfde c1c0c3c2 c5c4c7c6 c9c8cbca cdcccfce
9628: f1f0f3f2 f5f4f7f6 f9f8fbfa fdfcfffe e1e0e3e2 e5e4e7e6 e9e8ebea edecefee
9630: 91909392 95949796 99989b9a 9d9c9f9e 81808382 85848786 89888b8a 8d8c8f8e
9638: b1b0b3b2 b5b4b7b6 b9b8bbba bdbcbfbe a1a0a3a2 a5a4a7a6 a9a8abaa adacafae
9640: 50515253 54555657 58595a5b 5c5d5e5f 40414243 44454647 48494a4b 4c4d4e4f
9648: 70717273 74757677 78797a7b 7c7d7e7f 60616263 64656667 68696a6b 6c6d6e6f
9650: 10111213 14151617 18191a1b 1c1d1e1f 00010203 04050607 08090a0b 0c0d0e0f
9658: 30313233 34353637 38393a3b 3c3d3e3f 20212223 24252627 28292a2b 2c2d2e2f
9660: d0d1d2d3 d4d5d6d7 d8d9dadb dcdddedf c0c1c2c3 c4c5c6c7 c8c9cacb cccdcecf
9668: f0f1f2f3 f4f5f6f7 f8f9fafb fcfdfeff e0e1e2e3 e4e5e6e7 e8e9eaeb ecedeeef
9670: 90919293 94959697 98999a9b 9c9d9e9f 80818283 84858687 88898a8b 8c8d8e8f
9678: b0b1b2b3 b4b5b6b7 b8b9babb bcbdbebf a0a1a2a3 a4a5a6a7 a8a9aaab acadaeaf
9680: 57565554 53525150 5f5e5d5c 5b5a5958 47464544 43424140 4f4e4d4c 4b4a4948
9688: 77767574 73727170 7f7e7d7c 7b7a7978 67666564 63626160 6f6e6d6c 6b6a6968
9690: 17161514 13121110 1f1e1d1c 1b1a1918 07060504 03020100 0f0e0d0c 0b0a0908
9698: 37363534 33323130 3f3e3d3c 3b3a3938 27262524 23222120 2f2e2d2c 2b2a2928
96a0: d7d6d5d4 d3d2d1d0 dfdedddc dbdad9d8 c7c6c5c4 c3c2c1c0 cfcecdcc cbcac9c8
96a8: f7f6f5f4 f3f2f1f0 fffefdfc fbfaf9f8 e7e6e5e4 e3e2e1e0 efeeedec ebeae9e8
96b0: 97969594 93929190 9f9e9d9c 9b9a9998 87868584 83828180 8f8e8d8c 8b8a8988
96b8: b7b6b5b4 b3b2b1b0 bfbebdbc bbbab9b8 a7a6a5a4 a3a2a1a0 afaeadac abaaa9a8
96c0: 56575455 52535051 5e5f5c5d 5a5b5859 46474445 42434041 4e4f4c4d 4a4b4849
96c8: 76777475 72737071 7e7f7c7d 7a7b7879 66676465 62636061 6e6f6c6d 6a6b6869
96d0: 16171415 12131011 1e1f1c1d 1a1b1819 06070405 02030001 0e0f0c0d 0a0b0809
96d8: 36373435 32333031 3e3f3c3d 3a3b3839 26272425 22232021 2e2f2c2d 2a2b2829
96e0: d6d7d4d5 d2d3d0d1 dedfdcdd dadbd8d9 c6c7c4c5 c2c3c0c1 cecfcccd cacbc8c9
96e8: f6f7f4f5 f2f3f0f1 fefffcfd fafbf8f9 e6e7e4e5 e2e3e0e1 eeefeced eaebe8e9
96f0: 96979495 92939091 9e9f9c9d 9a9b9899 86878485 82838081 8e8f8c8d 8a8b8889
96f8: b6b7b4b5 b2b3b0b1 bebfbcbd babbb8b9 a6a7a4a5 a2a3a0a1 aeafacad aaaba8a9
9700: 55545756 51505352 5d5c5f5e 59585b5a 45444746 41404342 4d4c4f4e 49484b4a
9708: 75747776 71707372 7d7c7f7e 79787b7a 65646766 61606362 6d6c6f6e 69686b6a
9710: 15141716 11101312 1d1c1f1e 19181b1a 05040706 01000302 0d0c0f0e 09080b0a
9718: 35343736 31303332 3d3c3f3e 39383b3a 25242726 21202322 2d2c2f2e 29282b2a
9720: d5d4d7d6 d1d0d3d2 dddcdfde d9d8dbda c5c4c7c6 c1c0c3c2 cdcccfce c9c8cbca
9728: f5f4f7f6 f1f0f3f2 fdfcfffe f9f8fbfa e5e4e7e6 e1e0e3e2 edecefee e9e8ebea
9730: 95949796 91909392 9d9c9f9e 99989b9a 85848786 81808382 8d8c8f8e 89888b8a
9738: b5b4b7b6 b1b0b3b2 bdbcbfbe b9b8bbba a5a4a7a6 a1a0a3a2 adacafae a9a8abaa
9740: 54555657 50515253 5c5d5e5f 58595a5b 44454647 40414243 4c4d4e4f 48494a4b
9748: 74757677 70717273 7c7d7e7f 78797a7b 64656667 60616263 6c6d6e6f 68696a6b
9750: 14151617 10111213 1c1d1e1f 18191a1b 04050607 00010203 0c0d0e0f 08090a0b
9758: 34353637 30313233 3c3d3e3f 38393a3b 24252627 20212223 2c2d2e2f 28292a2b
9760: d4d5d6d7 d0d1d2d3 dcdddedf d8d9dadb c4c5c6c7 c0c1c2c3 cccdcecf c8c9cacb
9768: f4f5f6f7 f0f1f2f3 fcfdfeff f8f9fafb e4e5e6e7 e0e1e2e3 ecedeeef e8e9eaeb
9770: 94959697 90919293 9c9d9e9f 98999a9b 84858687 80818283 8c8d8e8f 88898a8b
9778: b4b5b6b7 b0b1b2b3 bcbdbebf b8b9babb a4a5a6a7 a0a1a2a3 acadaeaf a8a9aaab
9780: 5b5a5958 5f5e5d5c 53525150 57565554 4b4a4948 4f4e4d4c 43424140 47464544
9788: 7b7a7978 7f7e7d7c 73727170 77767574 6b6a6968 6f6e6d6c 63626160 67666564
9790: 1b1a1918 1f1e1d1c 13121110 17161514 0b0a0908 0f0e0d0c 03020100 07060504
9798: 3b3a3938 3f3e3d3c 33323130 37363534 2b2a2928 2f2e2d2c 23222120 27262524
97a0: dbdad9d8 dfdedddc d3d2d1d0 d7d6d5d4 cbcac9c8 cfcecdcc c3c2c1c0 c7c6c5c4
97a8: fbfaf9f8 fffefdfc f3f2f1f0 f7f6f5f4 ebeae9e8 efeeedec e3e2e1e0 e7e6e5e4
97b0: 9b9a9998 9f9e9d9c 93929190 97969594 8b8a8988 8f8e8d8c 83828180 87868584
97b8: bbbab9b8 bfbebdbc b3b2b1b0 b7b6b5b4 abaaa9a8 afaeadac a3a2a1a0 a7a6a5a4
97c0: 5a5b5859 5e5f5c5d 52535051 56575455 4a4b4849 4e4f4c4d 42434041 46474445
97c8: 7a7b7879 7e7f7c7d 72737071 76777475 6a6b6869 6e6f6c6d 62636061 66676465
97d0: 1a1b1819 1e1f1c1d 12131011 16171415 0a0b0809 0e0f0c0d 02030001 06070405
97d8: 3a3b3839 3e3f3c3d 32333031 36373435 2a2b2829 2e2f2c2d 22232021 26272425
97e0: dadbd8d9 dedfdcdd d2d3d0d1 d6d7d4d5 cacbc8c9 cecfcccd c2c3c0c1 c6c7c4c5
97e8: fafbf8f9 fefffcfd f2f3f0f1 f6f7f4f5 eaebe8e9 eeefeced e2e3e0e1 e6e7e4e5
97f0: 9a9b9899 9e9f9c9d 92939091 96979495 8a8b8889 8e8f8c8d 82838081 86878485
97f8: babbb8b9 bebfbcbd b2b3b0b1 b6b7b4b5 aaaba8a9 aeafacad a2a3a0a1 a6a7a4a5
9800: 59585b5a 5d5c5f5e 51505352 55545756 49484b4a 4d4c4f4e 41404342 45444746
9808: 79787b7a 7d7c7f7e 71707372 75747776 69686b6a 6d6c6f6e 61606362 65646766
9810: 19181b1a 1d1c1f1e 11101312 15141716 09080b0a 0d0c0f0e 01000302 05040706
9818: 39383b3a 3d3c3f3e 31303332 35343736 29282b2a 2d2c2f2e 21202322 25242726
9820: d9d8dbda dddcdfde d1d0d3d2 d5d4d7d6 c9c8cbca cdcccfce c1c0c3c2 c5c4c7c6
9828: f9f8fbfa fdfcfffe f1f0f3f2 f5f4f7f6 e9e8ebea edecefee e1e0e3e2 e5e4e7e6
9830: 99989b9a 9d9c9f9e 91909392 95949796 89888b8a 8d8c8f8e 81808382 85848786
9838: b9b8bbba bdbcbfbe b1b0b3b2 b5b4b7b6 a9a8abaa adacafae a1a0a3a2 a5a4a7a6
9840: 58595a5b 5c5d5e5f 50515253 54555657 48494a4b 4c4d4e4f 40414243 44454647
9848: 78797a7b 7c7d7e7f 70717273 74757677 68696a6b 6c6d6e6f 60616263 64656667
9850: 18191a1b 1c1d1e1f 10111213 14151617 08090a0b 0c0d0e0f 00010203 04050607
9858: 38393a3b 3c3d3e3f 30313233 34353637 28292a2b 2c2d2e2f 20212223 24252627
9860: d8d9dadb dcdddedf d0d1d2d3 d4d5d6d7 c8c9cacb cccdcecf c0c1c2c3 c4c5c6c7
9868: f8f9fafb fcfdfeff f0f1f2f3 f4f5f6f7 e8e9eaeb ecedeeef e0e1e2e3 e4e5e6e7
9870: 98999a9b 9c9d9e9f 90919293 94959697 88898a8b 8c8d8e8f 80818283 84858687
9878: b8b9babb bcbdbebf b0b1b2b3 b4b5b6b7 a8a9aaab acadaeaf a0a1a2a3 a4a5a6a7
9880: 5f5e5d5c 5b5a5958 57565554 53525150 4f4e4d4c 4b4a4948 47464544 43424140
9888: 7f7e7d7c 7b7a7978 77767574 73727170 6f6e6d6c 6b6a6968 67666564 63626160
9890: 1f1e1d1c 1b1a1918 17161514 13121110 0f0e0d0c 0b0a0908 07060504 03020100
9898: 3f3e3d3c 3b3a3938 37363534 33323130 2f2e2d2c 2b2a2928 27262524 23222120
98a0: dfdedddc dbdad9d8 d7d6d5d4 d3d2d1d0 cfcecdcc cbcac9c8 c7c6c5c4 c3c2c1c0
98a8: fffefdfc fbfaf9f8 f7f6f5f4 f3f2f1f0 efeeedec ebeae9e8 e7e6e5e4 e3e2e1e0
98b0: 9f9e9d9c 9b9a9998 97969594 93929190 8f8e8d8c 8b8a8988 87868584 83828180
98b8: bfbebdbc bbbab9b8 b7b6b5b4 b3b2b1b0 afaeadac abaaa9a8 a7a6a5a4 a3a2a1a0
98c0: 5e5f5c5d 5a5b5859 56575455 52535051 4e4f4c4d 4a4b4849 46474445 42434041
98c8: 7e7f7c7d 7a7b7879 76777475 72737071 6e6f6c6d 6a6b6869 66676465 62636061
98d0: 1e1f1c1d 1a1b1819 16171415 12131011 0e0f0c0d 0a0b0809 06070405 02030001
98d8: 3e3f3c3d 3a3b3839 36373435 32333031 2e2f2c2d 2a2b2829 26272425 22232021
98e0: dedfdcdd dadbd8d9 d6d7d4d5 d2d3d0d1 cecfcccd cacbc8c9 c6c7c4c5 c2c3c0c1
98e8: fefffcfd fafbf8f9 f6f7f4f5 f2f3f0f1 eeefeced eaebe8e9 e6e7e4e5 e2e3e0e1
98f0: 9e9f9c9d 9a9b9899 96979495 92939091 8e8f8c8d 8a8b8889 86878485 82838081
98f8: bebfbcbd babbb8b9 b6b7b4b5 b2b3b0b1 aeafacad aaaba8a9 a6a7a4a5 a2a3a0a1
9900: 5d5c5f5e 59585b5a 55545756 51505352 4d4c4f4e 49484b4a 45444746 41404342
9908: 7d7c7f7e 79787b7a 75747776 71707372 6d6c6f6e 69686b6a 65646766 61606362
9910: 1d1c1f1e 19181b1a 15141716 11101312 0d0c0f0e 09080b0a 05040706 01000302
9918: 3d3c3f3e 39383b3a 35343736 31303332 2d2c2f2e 29282b2a 25242726 21202322
9920: dddcdfde d9d8dbda d5d4d7d6 d1d0d3d2 cdcccfce c9c8cbca c5c4c7c6 c1c0c3c2
9928: fdfcfffe f9f8fbfa f5f4f7f6 f1f0f3f2 edecefee e9e8ebea e5e4e7e6 e1e0e3e2
9930: 9d9c9f9e 99989b9a 95949796 91909392 8d8c8f8e 89888b8a 85848786 81808382
9938: bdbcbfbe b9b8bbba b5b4b7b6 b1b0b3b2 adacafae a9a8abaa a5a4a7a6 a1a0a3a2
9940: 5c5d5e5f 58595a5b 54555657 50515253 4c4d4e4f 48494a4b 44454647 40414243
9948: 7c7d7e7f 78797a7b 74757677 70717273 6c6d6e6f 68696a6b 64656667 60616263
9950: 1c1d1e1f 18191a1b 14151617 10111213 0c0d0e0f 08090a0b 04050607 00010203
9958: 3c3d3e3f 38393a3b 34353637 30313233 2c2d2e2f 28292a2b 24252627 20212223
9960: dcdddedf d8d9dadb d4d5d6d7 d0d1d2d3 cccdcecf c8c9cacb c4c5c6c7 c0c1c2c3
9968: fcfdfeff f8f9fafb f4f5f6f7 f0f1f2f3 ecedeeef e8e9eaeb e4e5e6e7 e0e1e2e3
9970: 9c9d9e9f 98999a9b 94959697 90919293 8c8d8e8f 88898a8b 84858687 80818283
9978: bcbdbebf b8b9babb b4b5b6b7 b0b1b2b3 acadaeaf a8a9aaab a4a5a6a7 a0a1a2a3
9980: 63626160 67666564 6b6a6968 6f6e6d6c 73727170 77767574 7b7a7978 7f7e7d7c
9988: 43424140 47464544 4b4a4948 4f4e4d4c 53525150 57565554 5b5a5958 5f5e5d5c
9990: 23222120 27262524 2b2a2928 2f2e2d2c 33323130 37363534 3b3a3938 3f3e3d3c
9998: 03020100 07060504 0b0a0908 0f0e0d0c 13121110 17161514 1b1a1918 1f1e1d1c
99a0: e3e2e1e0 e7e6e5e4 ebeae9e8 efeeedec f3f2f1f0 f7f6f5f4 fbfaf9f8 fffefdfc
99a8: c3c2c1c0 c7c6c5c4 cbcac9c8 cfcecdcc d3d2d1d0 d7d6d5d4 dbdad9d8 dfdedddc
99b0: a3a2a1a0 a7a6a5a4 abaaa9a8 afaeadac b3b2b1b0 b7b6b5b4 bbbab9b8 bfbebdbc
99b8: 83828180 87868584 8b8a8988 8f8e8d8c 93929190 97969594 9b9a9998 9f9e9d9c
99c0: 62636061 66676465 6a6b6869 6e6f6c6d 72737071 76777475 7a7b7879 7e7f7c7d
99c8: 42434041 46474445 4a4b4849 4e4f4c4d 52535051 56575455 5a5b5859 5e5f5c5d
99d0: 22232021 26272425 2a2b2829 2e2f2c2d 32333031 36373435 3a3b3839 3e3f3c3d
99d8: 02030001 06070405 0a0b0809 0e0f0c0d 12131011 16171415 1a1b1819 1e1f1c1d
99e0: e2e3e0e1 e6e7e4e5 eaebe8e9 eeefeced f2f3f0f1 f6f7f4f5 fafbf8f9 fefffcfd
99e8: c2c3c0c1 c6c7c4c5 cacbc8c9 cecfcccd d2d3d0d1 d6d7d4d5 dadbd8d9 dedfdcdd
99f0: a2a3a0a1 a6a7a4a5 aaaba8a9 aeafacad b2b3b0b1 b6b7b4b5 babbb8b9 bebfbcbd
99f8: 82838081 86878485 8a8b8889 8e8f8c8d 92939091 96979495 9a9b9899 9e9f9c9d
9a00: 61606362 65646766 69686b6a 6d6c6f6e 71707372 75747776 79787b7a 7d7c7f7e
9a08: 41404342 45444746 49484b4a 4d4c4f4e 51505352 55545756 59585b5a 5d5c5f5e
9a10: 21202322 25242726 29282b2a 2d2c2f2e 31303332 35343736 39383b3a 3d3c3f3e
9a18: 01000302 05040706 09080b0a 0d0c0f0e 11101312 15141716 19181b1a 1d1c1f1e
9a20: e1e0e3e2 e5e4e7e6 e9e8ebea edecefee f1f0f3f2 f5f4f7f6 f9f8fbfa fdfcfffe
9a28: c1c0c3c2 c5c4c7c6 c9c8cbca cdcccfce d1d0d3d2 d5d4d7d6 d9d8dbda dddcdfde
9a30: a1a0a3a2 a5a4a7a6 a9a8abaa adacafae b1b0b3b2 b5b4b7b6 b9b8bbba bdbcbfbe
9a38: 81808382 85848786 89888b8a 8d8c8f8e 91909392 95949796 99989b9a 9d9c9f9e
9a40: 60616263 64656667 68696a6b 6c6d6e6f 70717273 74757677 78797a7b 7c7d7e7f
9a48: 40414243 44454647 48494a4b 4c4d4e4f 50515253 54555657 58595a5b 5c5d5e5f
9a50: 20212223 24252627 28292a2b 2c2d2e2f 30313233 34353637 38393a3b 3c3d3e3f
9a58: 00010203 04050607 08090a0b 0c0d0e0f 10111213 14151617 18191a1b 1c1d1e1f
9a60: e0e1e2e3 e4e5e6e7 e8e9eaeb ecedeeef f0f1f2f3 f4f5f6f7 f8f9fafb fcfdfeff
9a68: c0c1c2c3 c4c5c6c7 c8c9cacb cccdcecf d0d1d2d3 d4d5d6d7 d8d9dadb dcdddedf
9a70: a0a1a2a3 a4a5a6a7 a8a9aaab acadaeaf b0b1b2b3 b4b5b6b7 b8b9babb bcbdbebf
9a78: 80818283 84858687 88898a8b 8c8d8e8f 90919293 94959697 98999a9b 9c9d9e9f
9a80: 67666564 63626160 6f6e6d6c 6b6a6968 77767574 73727170 7f7e7d7c 7b7a7978
9a88: 47464544 43424140 4f4e4d4c 4b4a4948 57565554 53525150 5f5e5d5c 5b5a5958
9a90: 27262524 23222120 2f2e2d2c 2b2a2928 37363534 33323130 3f3e3d3c 3b3a3938
9a98: 07060504 03020100 0f0e0d0c 0b0a0908 17161514 13121110 1f1e1d1c 1b1a1918
9aa0: e7e6e5e4 e3e2e1e0 efeeedec ebeae9e8 f7f6f5f4 f3f2f1f0 fffefdfc fbfaf9f8
9aa8: c7c6c5c4 c3c2c1c0 cfcecdcc cbcac9c8 d7d6d5d4 d3d2d1d0 dfdedddc dbdad9d8
9ab0: a7a6a5a4 a3a2a1a0 afaeadac abaaa9a8 b7b6b5b4 b3b2b1b0 bfbebdbc bbbab9b8
9ab8: 87868584 83828180 8f8e8d8c 8b8a8988 97969594 93929190 9f9e9d9c 9b9a9998
9ac0: 66676465 62636061 6e6f6c6d 6a6b6869 76777475 72737071 7e7f7c7d 7a7b7879
9ac8: 46474445 42434041 4e4f4c4d 4a4b4849 56575455 52535051 5e5f5c5d 5a5b5859
9ad0: 26272425 22232021 2e2f2c2d 2a2b2829 36373435 32333031 3e3f3c3d 3a3b3839
9ad8: 06070405 02030001 0e0f0c0d 0a0b0809 16171415 12131011 1e1f1c1d 1a1b1819
9ae0: e6e7e4e5 e2e3e0e1 eeefeced eaebe8e9 f6f7f4f5 f2f3f0f1 fefffcfd fafbf8f9
9ae8: c6c7c4c5 c2c3c0c1 cecfcccd cacbc8c9 d6d7d4d5 d2d3d0d1 dedfdcdd dadbd8d9
9af0: a6a7a4a5 a2a3a0a1 aeafacad aaaba8a9 b6b7b4b5 b2b3b0b1 bebfbcbd babbb8b9
9af8: 86878485 82838081 8e8f8c8d 8a8b8889 96979495 92939091 9e9f9c9d 9a9b9899
9b00: 65646766 61606362 6d6c6f6e 69686b6a 75747776 71707372 7d7c7f7e 79787b7a
9b08: 45444746 41404342 4d4c4f4e 49484b4a 55545756 51505352 5d5c5f5e 59585b5a
9b10: 25242726 21202322 2d2c2f2e 29282b2a 35343736 31303332 3d3c3f3e 39383b3a
9b18: 05040706 01000302 0d0c0f0e 09080b0a 15141716 11101312 1d1c1f1e 19181b1a
9b20: e5e4e7e6 e1e0e3e2 edecefee e9e8ebea f5f4f7f6 f1f0f3f2 fdfcfffe f9f8fbfa
9b28: c5c4c7c6 c1c0c3c2 cdcccfce c9c8cbca d5d4d7d6 d1d0d3d2 dddcdfde d9d8dbda
9b30: a5a4a7a6 a1a0a3a2 adacafae a9a8abaa b5b4b7b6 b1b0b3b2 bdbcbfbe b9b8bbba
9b38: 85848786 81808382 8d8c8f8e 89888b8a 95949796 91909392 9d9c9f9e 99989b9a
9b40: 64656667 60616263 6c6d6e6f 68696a6b 74757677 70717273 7c7d7e7f 78797a7b
9b48: 44454647 40414243 4c4d4e4f 48494a4b 54555657 50515253 5c5d5e5f 58595a5b
9b50: 24252627 20212223 2c2d2e2f 28292a2b 34353637 30313233 3c3d3e3f 38393a3b
9b58: 04050607 00010203 0c0d0e0f 08090a0b 14151617 10111213 1c1d1e1f 18191a1b
9b60: e4e5e6e7 e0e1e2e3 ecedeeef e8e9eaeb f4f5f6f7 f0f1f2f3 fcfdfeff f8f9fafb
9b68: c4c5c6c7 c0c1c2c3 cccdcecf c8c9cacb d4d5d6d7 d0d1d2d3 dcdddedf d8d9dadb
9b70: a4a5a6a7 a0a1a2a3 acadaeaf a8a9aaab b4b5b6b7 b0b1b2b3 bcbdbebf b8b9babb
9b78: 84858687 80818283 8c8d8e8f 88898a8b 94959697 90919293 9c9d9e9f 98999a9b
9b80: 6b6a6968 6f6e6d6c 63626160 67666564 7b7a7978 7f7e7d7c 73727170 77767574
9b88: 4b4a4948 4f4e4d4c 43424140 47464544 5b5a5958 5f5e5d5c 53525150 57565554
9b90: 2b2a2928 2f2e2d2c 23222120 27262524 3b3a3938 3f3e3d3c 33323130 37363534
9b98: 0b0a0908 0f0e0d0c 03020100 07060504 1b1a1918 1f1e1d1c 13121110 17161514
9ba0: ebeae9e8 efeeedec e3e2e1e0 e7e6e5e4 fbfaf9f8 fffefdfc f3f2f1f0 f7f6f5f4
9ba8: cbcac9c8 cfcecdcc c3c2c1c0 c7c6c5c4 dbdad9d8 dfdedddc d3d2d1d0 d7d6d5d4
9bb0: abaaa9a8 afaeadac a3a2a1a0 a7a6a5a4 bbbab9b8 bfbebdbc b3b2b1b0 b7b6b5b4
9bb8: 8b8a8988 8f8e8d8c 83828180 87868584 9b9a9998 9f9e9d9c 93929190 97969594
9bc0: 6a6b6869 6e6f6c6d 62636061 66676465 7a7b7879 7e7f7c7d 72737071 76777475
9bc8: 4a4b4849 4e4f4c4d 42434041 46474445 5a5b5859 5e5f5c5d 52535051 56575455
9bd0: 2a2b2829 2e2f2c2d 22232021 26272425 3a3b3839 3e3f3c3d 32333031 36373435
9bd8: 0a0b0809 0e0f0c0d 02030001 06070405 1a1b1819 1e1f1c1d 12131011 16171415
9be0: eaebe8e9 eeefeced e2e3e0e1 e6e7e4e5 fafbf8f9 fefffcfd f2f3f0f1 f6f7f4f5
9be8: cacbc8c9 cecfcccd c2c3c0c1 c6c7c4c5 dadbd8d9 dedfdcdd d2d3d0d1 d6d7d4d5
9bf0: aaaba8a9 aeafacad a2a3a0a1 a6a7a4a5 babbb8b9 bebfbcbd b2b3b0b1 b6b7b4b5
9bf8: 8a8b8889 8e8f8c8d 82838081 86878485 9a9b9899 9e9f9c9d 92939091 96979495
9c00: 69686b6a 6d6c6f6e 61606362 65646766 79787b7a 7d7c7f7e 71707372 75747776
9c08: 49484b4a 4d4c4f4e 41404342 45444746 59585b5a 5d5c5f5e 51505352 55545756
9c10: 29282b2a 2d2c2f2e 21202322 25242726 39383b3a 3d3c3f3e 31303332 35343736
9c18: 09080b0a 0d0c0f0e 01000302 05040706 19181b1a 1d1c1f1e 11101312 15141716
9c20: e9e8ebea edecefee e1e0e3e2 e5e4e7e6 f9f8fbfa fdfcfffe f1f0f3f2 f5f4f7f6
9c28: c9c8cbca cdcccfce c1c0c3c2 c5c4c7c6 d9d8dbda dddcdfde d1d0d3d2 d5d4d7d6
9c30: a9a8abaa adacafae a1a0a3a2 a5a4a7a6 b9b8bbba bdbcbfbe b1b0b3b2 b5b4b7b6
9c38: 89888b8a 8d8c8f8e 81808382 85848786 99989b9a 9d9c9f9e 91909392 95949796
9c40: 68696a6b 6c6d6e6f 60616263 64656667 78797a7b 7c7d7e7f 70717273 74757677
9c48: 48494a4b 4c4d4e4f 40414243 44454647 58595a5b 5c5d5e5f 50515253 54555657
9c50: 28292a2b 2c2d2e2f 20212223 24252627 38393a3b 3c3d3e3f 30313233 34353637
9c58: 08090a0b 0c0d0e0f 00010203 04050607 18191a1b 1c1d1e1f 10111213 14151617
9c60: e8e9eaeb ecedeeef e0e1e2e3 e4e5e6e7 f8f9fafb fcfdfeff f0f1f2f3 f4f5f6f7
9c68: c8c9cacb cccdcecf c0c1c2c3 c4c5c6c7 d8d9dadb dcdddedf d0d1d2d3 d4d5d6d7
9c70: a8a9aaab acadaeaf a0a1a2a3 a4a5a6a7 b8b9babb bcbdbebf b0b1b2b3 b4b5b6b7
9c78: 88898a8b 8c8d8e8f 80818283 84858687 98999a9b 9c9d9e9f 90919293 94959697
9c80: 6f6e6d6c 6b6a6968 67666564 63626160 7f7e7d7c 7b7a7978 77767574 73727170
9c88: 4f4e4d4c 4b4a4948 47464544 43424140 5f5e5d5c 5b5a5958 57565554 53525150
9c90: 2f2e2d2c 2b2a2928 27262524 23222120 3f3e3d3c 3b3a3938 37363534 33323130
9c98: 0f0e0d0c 0b0a0908 07060504 03020100 1f1e1d1c 1b1a1918 17161514 13121110
9ca0: efeeedec ebeae9e8 e7e6e5e4 e3e2e1e0 fffefdfc fbfaf9f8 f7f6f5f4 f3f2f1f0
9ca8: cfcecdcc cbcac9c8 c7c6c5c4 c3c2c1c0 dfdedddc dbdad9d8 d7d6d5d4 d3d2d1d0
9cb0: afaeadac abaaa9a8 a7a6a5a4 a3a2a1a0 bfbebdbc bbbab9b8 b7b6b5b4 b3b2b1b0
9cb8: 8f8e8d8c 8b8a8988 87868584 83828180 9f9e9d9c 9b9a9998 97969594 93929190
9cc0: 6e6f6c6d 6a6b6869 66676465 62636061 7e7f7c7d 7a7b7879 76777475 72737071
9cc8: 4e4f4c4d 4a4b4849 46474445 42434041 5e5f5c5d 5a5b5859 56575455 52535051
9cd0: 2e2f2c2d 2a2b2829 26272425 22232021 3e3f3c3d 3a3b3839 36373435 32333031
9cd8: 0e0f0c0d 0a0b0809 06070405 02030001 1e1f1c1d 1a1b1819 16171415 12131011
9ce0: eeefeced eaebe8e9 e6e7e4e5 e2e3e0e1 fefffcfd fafbf8f9 f6f7f4f5 f2f3f0f1
9ce8: cecfcccd cacbc8c9 c6c7c4c5 c2c3c0c1 dedfdcdd dadbd8d9 d6d7d4d5 d2d3d0d1
9cf0: aeafacad aaaba8a9 a6a7a4a5 a2a3a0a1 bebfbcbd babbb8b9 b6b7b4b5 b2b3b0b1
9cf8: 8e8f8c8d 8a8b8889 86878485 82838081 9e9f9c9d 9a9b9899 96979495 92939091
9d00: 6d6c6f6e 69686b6a 65646766 61606362 7d7c7f7e 79787b7a 75747776 71707372
9d08: 4d4c4f4e 49484b4a 45444746 41404342 5d5c5f5e 59585b5a 55545756 51505352
9d10: 2d2c2f2e 29282b2a 25242726 21202322 3d3c3f3e 39383b3a 35343736 31303332
9d18: 0d0c0f0e 09080b0a 05040706 01000302 1d1c1f1e 19181b1a 15141716 11101312
9d20: edecefee e9e8ebea e5e4e7e6 e1e0e3e2 fdfcfffe f9f8fbfa f5f4f7f6 f1f0f3f2
9d28: cdcccfce c9c8cbca c5c4c7c6 c1c0c3c2 dddcdfde d9d8dbda d5d4d7d6 d1d0d3d2
9d30: adacafae a9a8abaa a5a4a7a6 a1a0a3a2 bdbcbfbe b9b8bbba b5b4b7b6 b1b0b3b2
9d38: 8d8c8f8e 89888b8a 85848786 81808382 9d9c9f9e 99989b9a 95949796 91909392
9d40: 6c6d6e6f 68696a6b 64656667 60616263 7c7d7e7f 78797a7b 74757677 70717273
9d48: 4c4d4e4f 48494a4b 44454647 40414243 5c5d5e5f 58595a5b 54555657 50515253
9d50: 2c2d2e2f 28292a2b 24252627 20212223 3c3d3e3f 38393a3b 34353637 30313233
9d58: 0c0d0e0f 08090a0b 04050607 00010203 1c1d1e1f 18191a1b 14151617 10111213
9d60: ecedeeef e8e9eaeb e4e5e6e7 e0e1e2e3 fcfdfeff f8f9fafb f4f5f6f7 f0f1f2f3
9d68: cccdcecf c8c9cacb c4c5c6c7 c0c1c2c3 dcdddedf d8d9dadb d4d5d6d7 d0d1d2d3
9d70: acadaeaf a8a9aaab a4a5a6a7 a0a1a2a3 bcbdbebf b8b9babb b4b5b6b7 b0b1b2b3
9d78: 8c8d8e8f 88898a8b 84858687 80818283 9c9d9e9f 98999a9b 94959697 90919293
9d80: 73727170 77767574 7b7a7978 7f7e7d7c 63626160 67666564 6b6a6968 6f6e6d6c
9d88: 53525150 57565554 5b5a5958 5f5e5d5c 43424140 47464544 4b4a4948 4f4e4d4c
9d90: 33323130 37363534 3b3a3938 3f3e3d3c 23222120 27262524 2b2a2928 2f2e2d2c
9d98: 13121110 17161514 1b1a1918 1f1e1d1c 03020100 07060504 0b0a0908 0f0e0d0c
9da0: f3f2f1f0 f7f6f5f4 fbfaf9f8 fffefdfc e3e2e1e0 e7e6e5e4 ebeae9e8 efeeedec
9da8: d3d2d1d0 d7d6d5d4 dbdad9d8 dfdedddc c3c2c1c0 c7c6c5c4 cbcac9c8 cfcecdcc
9db0: b3b2b1b0 b7b6b5b4 bbbab9b8 bfbebdbc a3a2a1a0 a7a6a5a4 abaaa9a8 afaeadac
9db8: 93929190 97969594 9b9a9998 9f9e9d9c 83828180 87868584 8b8a8988 8f8e8d8c
9dc0: 72737071 76777475 7a7b7879 7e7f7c7d 62636061 66676465 6a6b6869 6e6f6c6d
9dc8: 52535051 56575455 5a5b5859 5e5f5c5d 42434041 46474445 4a4b4849 4e4f4c4d
9dd0: 32333031 36373435 3a3b3839 3e3f3c3d 22232021 26272425 2a2b2829 2e2f2c2d
9dd8: 12131011 16171415 1a1b1819 1e1f1c1d 02030001 06070405 0a0b0809 0e0f0c0d
9de0: f2f3f0f1 f6f7f4f5 fafbf8f9 fefffcfd e2e3e0e1 e6e7e4e5 eaebe8e9 eeefeced
9de8: d2d3d0d1 d6d7d4d5 dadbd8d9 dedfdcdd c2c3c0c1 c6c7c4c5 cacbc8c9 cecfcccd
9df0: b2b3b0b1 b6b7b4b5 babbb8b9 bebfbcbd a2a3a0a1 a6a7a4a5 aaaba8a9 aeafacad
9df8: 92939091 96979495 9a9b9899 9e9f9c9d 82838081 86878485 8a8b8889 8e8f8c8d
9e00: 71707372 75747776 79787b7a 7d7c7f7e 61606362 65646766 69686b6a 6d6c6f6e
9e08: 51505352 55545756 59585b5a 5d5c5f5e 41404342 45444746 49484b4a 4d4c4f4e
9e10: 31303332 35343736 39383b3a 3d3c3f3e 21202322 25242726 29282b2a 2d2c2f2e
9e18: 11101312 15141716 19181b1a 1d1c1f1e 01000302 05040706 09080b0a 0d0c0f0e
9e20: f1f0f3f2 f5f4f7f6 f9f8fbfa fdfcfffe e1e0e3e2 e5e4e7e6 e9e8ebea edecefee
9e28: d1d0d3d2 d5d4d7d6 d9d8dbda dddcdfde c1c0c3c2 c5c4c7c6 c9c8cbca cdcccfce
9e30: b1b0b3b2 b5b4b7b6 b9b8bbba bdbcbfbe a1a0a3a2 a5a4a7a6 a9a8abaa adacafae
9e38: 91909392 95949796 99989b9a 9d9c9f9e 81808382 85848786 89888b8a 8d8c8f8e
9e40: 70717273 74757677 78797a7b 7c7d7e7f 60616263 64656667 68696a6b 6c6d6e6f
9e48: 50515253 54555657 58595a5b 5c5d5e5f 40414243 44454647 48494a4b 4c4d4e4f
9e50: 30313233 34353637 38393a3b 3c3d3e3f 20212223 24252627 28292a2b 2c2d2e2f
9e58: 10111213 14151617 18191a1b 1c1d1e1f 00010203 04050607 08090a0b 0c0d0e0f
9e60: f0f1f2f3 f4f5f6f7 f8f9fafb fcfdfeff e0e1e2e3 e4e5e6e7 e8e9eaeb ecedeeef
9e68: d0d1d2d3 d4d5d6d7 d8d9dadb dcdddedf c0c1c2c3 c4c5c6c7 c8c9cacb cccdcecf
9e70: b0b1b2b3 b4b5b6b7 b8b9babb bcbdbebf a0a1a2a3 a4a5a6a7 a8a9aaab acadaeaf
9e78: 90919293 94959697 98999a9b 9c9d9e9f 80818283 84858687 88898a8b 8c8d8e8f
9e80: 77767574 73727170 7f7e7d7c 7b7a7978 67666564 63626160 6f6e6d6c 6b6a6968
9e88: 57565554 53525150 5f5e5d5c 5b5a5958 47464544 43424140 4f4e4d4c 4b4a4948
9e90: 37363534 33323130 3f3e3d3c 3b3a3938 27262524 23222120 2f2e2d2c 2b2a2928
9e98: 17161514 13121110 1f1e1d1c 1b1a1918 07060504 03020100 0f0e0d0c 0b0a0908
9ea0: f7f6f5f4 f3f2f1f0 fffefdfc fbfaf9f8 e7e6e5e4 e3e2e1e0 efeeedec ebeae9e8
9ea8: d7d6d5d4 d3d2d1d0 dfdedddc dbdad9d8 c7c6c5c4 c3c2c1c0 cfcecdcc cbcac9c8
9eb0: b7b6b5b4 b3b2b1b0 bfbebdbc bbbab9b8 a7a6a5a4 a3a2a1a0 afaeadac abaaa9a8
9eb8: 97969594 93929190 9f9e9d9c 9b9a9998 87868584 83828180 8f8e8d8c 8b8a8988
9ec0: 76777475 72737071 7e7f7c7d 7a7b7879 66676465 62636061 6e6f6c6d 6a6b6869
9ec8: 56575455 52535051 5e5f5c5d 5a5b5859 46474445 42434041 4e4f4c4d 4a4b4849
9ed0: 36373435 32333031 3e3f3c3d 3a3b3839 26272425 22232021 2e2f2c2d 2a2b2829
9ed8: 16171415 12131011 1e1f1c1d 1a1b1819 06070405 02030001 0e0f0c0d 0a0b0809
9ee0: f6f7f4f5 f2f3f0f1 fefffcfd fafbf8f9 e6e7e4e5 e2e3e0e1 eeefeced eaebe8e9
9ee8: d6d7d4d5 d2d3d0d1 dedfdcdd dadbd8d9 c6c7c4c5 c2c3c0c1 cecfcccd cacbc8c9
9ef0: b6b7b4b5 b2b3b0b1 bebfbcbd babbb8b9 a6a7a4a5 a2a3a0a1 aeafacad aaaba8a9
9ef8: 96979495 92939091 9e9f9c9d 9a9b9899 86878485 82838081 8e8f8c8d 8a8b8889
9f00: 75747776 71707372 7d7c7f7e 79787b7a 65646766 61606362 6d6c6f6e 69686b6a
9f08: 55545756 51505352 5d5c5f5e 59585b5a 45444746 41404342 4d4c4f4e 49484b4a
9f10: 35343736 31303332 3d3c3f3e 39383b3a 25242726 21202322 2d2c2f2e 29282b2a
9f18: 15141716 11101312 1d1c1f1e 19181b1a 05040706 01000302 0d0c0f0e 09080b0a
9f20: f5f4f7f6 f1f0f3f2 fdfcfffe f9f8fbfa e5e4e7e6 e1e0e3e2 edecefee e9e8ebea
9f28: d5d4d7d6 d1d0d3d2 dddcdfde d9d8dbda c5c4c7c6 c1c0c3c2 cdcccfce c9c8cbca
9f30: b5b4b7b6 b1b0b3b2 bdbcbfbe b9b8bbba a5a4a7a6 a1a0a3a2 adacafae a9a8abaa
9f38: 95949796 91909392 9d9c9f9e 99989b9a 85848786 81808382 8d8c8f8e 89888b8a
9f40: 74757677 70717273 7c7d7e7f 78797a7b 64656667 60616263 6c6d6e6f 68696a6b
9f48: 54555657 50515253 5c5d5e5f 58595a5b 44454647 40414243 4c4d4e4f 48494a4b
9f50: 34353637 30313233 3c3d3e3f 38393a3b 24252627 20212223 2c2d2e2f 28292a2b
9f58: 14151617 10111213 1c1d1e1f 18191a1b 04050607 00010203 0c0d0e0f 08090a0b
9f60: f4f5f6f7 f0f1f2f3 fcfdfeff f8f9fafb e4e5e6e7 e0e1e2e3 ecedeeef e8e9eaeb
9f68: d4d5d6d7 d0d1d2d3 dcdddedf d8d9dadb c4c5c6c7 c0c1c2c3 cccdcecf c8c9cacb
9f70: b4b5b6b7 b0b1b2b3 bcbdbebf b8b9babb a4a5a6a7 a0a1a2a3 acadaeaf a8a9aaab
9f78: 94959697 90919293 9c9d9e9f 98999a9b 84858687 80818283 8c8d8e8f 88898a8b
9f80: 7b7a7978 7f7e7d7c 73727170 77767574 6b6a6968 6f6e6d6c 63626160 67666564
9f88: 5b5a5958 5f5e5d5c 53525150 57565554 4b4a4948 4f4e4d4c 43424140 47464544
9f90: 3b3a3938 3f3e3d3c 33323130 37363534 2b2a2928 2f2e2d2c 23222120 27262524
9f98: 1b1a1918 1f1e1d1c 13121110 17161514 0b0a0908 0f0e0d0c 03020100 07060504
9fa0: fbfaf9f8 fffefdfc f3f2f1f0 f7f6f5f4 ebeae9e8 efeeedec e3e2e1e0 e7e6e5e4
9fa8: dbdad9d8 dfdedddc d3d2d1d0 d7d6d5d4 cbcac9c8 cfcecdcc c3c2c1c0 c7c6c5c4
9fb0: bbbab9b8 bfbebdbc b3b2b1b0 b7b6b5b4 abaaa9a8 afaeadac a3a2a1a0 a7a6a5a4
9fb8: 9b9a9998 9f9e9d9c 93929190 97969594 8b8a8988 8f8e8d8c 83828180 87868584
9fc0: 7a7b7879 7e7f7c7d 72737071 76777475 6a6b6869 6e6f6c6d 62636061 66676465
9fc8: 5a5b5859 5e5f5c5d 52535051 56575455 4a4b4849 4e4f4c4d 42434041 46474445
9fd0: 3a3b3839 3e3f3c3d 32333031 36373435 2a2b2829 2e2f2c2d 22232021 26272425
9fd8: 1a1b1819 1e1f1c1d 12131011 16171415 0a0b0809 0e0f0c0d 02030001 06070405
9fe0: fafbf8f9 fefffcfd f2f3f0f1 f6f7f4f5 eaebe8e9 eeefeced e2e3e0e1 e6e7e4e5
9fe8: dadbd8d9 dedfdcdd d2d3d0d1 d6d7d4d5 cacbc8c9 cecfcccd c2c3c0c1 c6c7c4c5
9ff0: babbb8b9 bebfbcbd b2b3b0b1 b6b7b4b5 aaaba8a9 aeafacad a2a3a0a1 a6a7a4a5
9ff8: 9a9b9899 9e9f9c9d 92939091 96979495 8a8b8889 8e8f8c8d 82838081 86878485
a000: 79787b7a 7d7c7f7e 71707372 75747776 69686b6a 6d6c6f6e 61606362 65646766
a008: 59585b5a 5d5c5f5e 51505352 55545756 49484b4a 4d4c4f4e 41404342 45444746
a010: 39383b3a 3d3c3f3e 31303332 35343736 29282b2a 2d2c2f2e 21202322 25242726
a018: 19181b1a 1d1c1f1e 11101312 15141716 09080b0a 0d0c0f0e 01000302 05040706
a020: f9f8fbfa fdfcfffe f1f0f3f2 f5f4f7f6 e9e8ebea edecefee e1e0e3e2 e5e4e7e6
a028: d9d8dbda dddcdfde d1d0d3d2 d5d4d7d6 c9c8cbca cdcccfce c1c0c3c2 c5c4c7c6
a030: b9b8bbba bdbcbfbe b1b0b3b2 b5b4b7b6 a9a8abaa adacafae a1a0a3a2 a5a4a7a6
a038: 99989b9a 9d9c9f9e 91909392 95949796 89888b8a 8d8c8f8e 81808382 85848786
a040: 78797a7b 7c7d7e7f 70717273 74757677 68696a6b 6c6d6e6f 60616263 64656667
a048: 58595a5b 5c5d5e5f 50515253 54555657 48494a4b 4c4d4e4f 40414243 44454647
a050: 38393a3b 3c3d3e3f 30313233 34353637 28292a2b 2c2d2e2f 20212223 24252627
a058: 18191a1b 1c1d1e1f 10111213 14151617 08090a0b 0c0d0e0f 00010203 04050607
a060: f8f9fafb fcfdfeff f0f1f2f3 f4f5f6f7 e8e9eaeb ecedeeef e0e1e2e3 e4e5e6e7
a068: d8d9dadb dcdddedf d0d1d2d3 d4d5d6d7 c8c9cacb cccdcecf c0c1c2c3 c4c5c6c7
a070: b8b9babb bcbdbebf b0b1b2b3 b4b5b6b7 a8a9aaab acadaeaf a0a1a2a3 a4a5a6a7
a078: 98999a9b 9c9d9e9f 90919293 94959697 88898a8b 8c8d8e8f 80818283 84858687
a080: 7f7e7d7c 7b7a7978 77767574 73727170 6f6e6d6c 6b6a6968 67666564 63626160
a088: 5f5e5d5c 5b5a5958 57565554 53525150 4f4e4d4c 4b4a4948 47464544 43424140
a090: 3f3e3d3c 3b3a3938 37363534 33323130 2f2e2d2c 2b2a2928 27262524 23222120
a098: 1f1e1d1c 1b1a1918 17161514 13121110 0f0e0d0c 0b0a0908 07060504 03020100
a0a0: fffefdfc fbfaf9f8 f7f6f5f4 f3f2f1f0 efeeedec ebeae9e8 e7e6e5e4 e3e2e1e0
a0a8: dfdedddc dbdad9d8 d7d6d5d4 d3d2d1d0 cfcecdcc cbcac9c8 c7c6c5c4 c3c2c1c0
a0b0: bfbebdbc bbbab9b8 b7b6b5b4 b3b2b1b0 afaeadac abaaa9a8 a7a6a5a4 a3a2a1a0
a0b8: 9f9e9d9c 9b9a9998 97969594 93929190 8f8e8d8c 8b8a8988 87868584 83828180
a0c0: 7e7f7c7d 7a7b7879 76777475 72737071 6e6f6c6d 6a6b6869 66676465 62636061
a0c8: 5e5f5c5d 5a5b5859 56575455 52535051 4e4f4c4d 4a4b4849 46474445 42434041
a0d0: 3e3f3c3d 3a3b3839 36373435 32333031 2e2f2c2d 2a2b2829 26272425 22232021
a0d8: 1e1f1c1d 1a1b1819 16171415 12131011 0e0f0c0d 0a0b0809 06070405 02030001
a0e0: fefffcfd fafbf8f9 f6f7f4f5 f2f3f0f1 eeefeced eaebe8e9 e6e7e4e5 e2e3e0e1
a0e8: dedfdcdd dadbd8d9 d6d7d4d5 d2d3d0d1 cecfcccd cacbc8c9 c6c7c4c5 c2c3c0c1
a0f0: bebfbcbd babbb8b9 b6b7b4b5 b2b3b0b1 aeafacad aaaba8a9 a6a7a4a5 a2a3a0a1
a0f8: 9e9f9c9d 9a9b9899 96979495 92939091 8e8f8c8d 8a8b8889 86878485 82838081
a100: 7d7c7f7e 79787b7a 75747776 71707372 6d6c6f6e 69686b6a 65646766 61606362
a108: 5d5c5f5e 59585b5a 55545756 51505352 4d4c4f4e 49484b4a 45444746 41404342
a110: 3d3c3f3e 39383b3a 35343736 31303332 2d2c2f2e 29282b2a 25242726 21202322
a118: 1d1c1f1e 19181b1a 15141716 11101312 0d0c0f0e 09080b0a 05040706 01000302
a120: fdfcfffe f9f8fbfa f5f4f7f6 f1f0f3f2 edecefee e9e8ebea e5e4e7e6 e1e0e3e2
a128: dddcdfde d9d8dbda d5d4d7d6 d1d0d3d2 cdcccfce c9c8cbca c5c4c7c6 c1c0c3c2
a130: bdbcbfbe b9b8bbba b5b4b7b6 b1b0b3b2 adacafae a9a8abaa a5a4a7a6 a1a0a3a2
a138: 9d9c9f9e 99989b9a 95949796 91909392 8d8c8f8e 89888b8a 85848786 81808382
a140: 7c7d7e7f 78797a7b 74757677 70717273 6c6d6e6f 68696a6b 64656667 60616263
a148: 5c5d5e5f 58595a5b 54555657 50515253 4c4d4e4f 48494a4b 44454647 40414243
a150: 3c3d3e3f 38393a3b 34353637 30313233 2c2d2e2f 28292a2b 24252627 20212223
a158: 1c1d1e1f 18191a1b 14151617 10111213 0c0d0e0f 08090a0b 04050607 00010203
a160: fcfdfeff f8f9fafb f4f5f6f7 f0f1f2f3 ecedeeef e8e9eaeb e4e5e6e7 e0e1e2e3
a168: dcdddedf d8d9dadb d4d5d6d7 d0d1d2d3 cccdcecf c8c9cacb c4c5c6c7 c0c1c2c3
a170: bcbdbebf b8b9babb b4b5b6b7 b0b1b2b3 acadaeaf a8a9aaab a4a5a6a7 a0a1a2a3
a178: 9c9d9e9f 98999a9b 94959697 90919293 8c8d8e8f 88898a8b 84858687 80818283
a180: 83828180 87868584 8b8a8988 8f8e8d8c 93929190 97969594 9b9a9998 9f9e9d9c
a188: a3a2a1a0 a7a6a5a4 abaaa9a8 afaeadac b3b2b1b0 b7b6b5b4 bbbab9b8 bfbebdbc
a190: c3c2c1c0 c7c6c5c4 cbcac9c8 cfcecdcc d3d2d1d0 d7d6d5d4 dbdad9d8 dfdedddc
a198: e3e2e1e0 e7e6e5e4 ebeae9e8 efeeedec f3f2f1f0 f7f6f5f4 fbfaf9f8 fffefdfc
a1a0: 03020100 07060504 0b0a0908 0f0e0d0c 13121110 17161514 1b1a1918 1f1e1d1c
a1a8: 23222120 27262524 2b2a2928 2f2e2d2c 33323130 37363534 3b3a3938 3f3e3d3c
a1b0: 43424140 47464544 4b4a4948 4f4e4d4c 53525150 57565554 5b5a5958 5f5e5d5c
a1b8: 63626160 67666564 6b6a6968 6f6e6d6c 73727170 77767574 7b7a7978 7f7e7d7c
a1c0: 82838081 86878485 8a8b8889 8e8f8c8d 92939091 96979495 9a9b9899 9e9f9c9d
a1c8: a2a3a0a1 a6a7a4a5 aaaba8a9 aeafacad b2b3b0b1 b6b7b4b5 babbb8b9 bebfbcbd
a1d0: c2c3c0c1 c6c7c4c5 cacbc8c9 cecfcccd d2d3d0d1 d6d7d4d5 dadbd8d9 dedfdcdd
a1d8: e2e3e0e1 e6e7e4e5 eaebe8e9 eeefeced f2f3f0f1 f6f7f4f5 fafbf8f9 fefffcfd
a1e0: 02030001 06070405 0a0b0809 0e0f0c0d 12131011 16171415 1a1b1819 1e1f1c1d
a1e8: 22232021 26272425 2a2b2829 2e2f2c2d 32333031 36373435 3a3b3839 3e3f3c3d
a1f0: 42434041 46474445 4a4b4849 4e4f4c4d 52535051 56575455 5a5b5859 5e5f5c5d
a1f8: 62636061 66676465 6a6b6869 6e6f6c6d 72737071 76777475 7a7b7879 7e7f7c7d
a200: 81808382 85848786 89888b8a 8d8c8f8e 91909392 95949796 99989b9a 9d9c9f9e
a208: a1a0a3a2 a5a4a7a6 a9a8abaa adacafae b1b0b3b2 b5b4b7b6 b9b8bbba bdbcbfbe
a210: c1c0c3c2 c5c4c7c6 c9c8cbca cdcccfce d1d0d3d2 d5d4d7d6 d9d8dbda dddcdfde
a218: e1e0e3e2 e5e4e7e6 e9e8ebea edecefee f1f0f3f2 f5f4f7f6 f9f8fbfa fdfcfffe
a220: 01000302 05040706 09080b0a 0d0c0f0e 11101312 15141716 19181b1a 1d1c1f1e
a228: 21202322 25242726 29282b2a 2d2c2f2e 31303332 35343736 39383b3a 3d3c3f3e
a230: 41404342 45444746 49484b4a 4d4c4f4e 51505352 55545756 59585b5a 5d5c5f5e
a238: 61606362 65646766 69686b6a 6d6c6f6e 71707372 75747776 79787b7a 7d7c7f7e
a240: 80818283 84858687 88898a8b 8c8d8e8f 90919293 94959697 98999a9b 9c9d9e9f
a248: a0a1a2a3 a4a5a6a7 a8a9aaab acadaeaf b0b1b2b3 b4b5b6b7 b8b9babb bcbdbebf
a250: c0c1c2c3 c4c5c6c7 c8c9cacb cccdcecf d0d1d2d3 d4d5d6d7 d8d9dadb dcdddedf
a258: e0e1e2e3 e4e5e6e7 e8e9eaeb ecedeeef f0f1f2f3 f4f5f6f7 f8f9fafb fcfdfeff
a260: 00010203 04050607 08090a0b 0c0d0e0f 10111213 14151617 18191a1b 1c1d1e1f
a268: 20212223 24252627 28292a2b 2c2d2e2f 30313233 34353637 38393a3b 3c3d3e3f
a270: 40414243 44454647 48494a4b 4c4d4e4f 50515253 54555657 58595a5b 5c5d5e5f
a278: 60616263 64656667 68696a6b 6c6d6e6f 70717273 74757677 78797a7b 7c7d7e7f
a280: 87868584 83828180 8f8e8d8c 8b8a8988 97969594 93929190 9f9e9d9c 9b9a9998
a288: a7a6a5a4 a3a2a1a0 afaeadac abaaa9a8 b7b6b5b4 b3b2b1b0 bfbebdbc bbbab9b8
a290: c7c6c5c4 c3c2c1c0 cfcecdcc cbcac9c8 d7d6d5d4 d3d2d1d0 dfdedddc dbdad9d8
a298: e7e6e5e4 e3e2e1e0 efeeedec ebeae9e8 f7f6f5f4 f3f2f1f0 fffefdfc fbfaf9f8
a2a0: 07060504 03020100 0f0e0d0c 0b0a0908 17161514 13121110 1f1e1d1c 1b1a1918
a2a8: 27262524 23222120 2f2e2d2c 2b2a2928 37363534 33323130 3f3e3d3c 3b3a3938
a2b0: 47464544 43424140 4f4e4d4c 4b4a4948 57565554 53525150 5f5e5d5c 5b5a5958
a2b8: 67666564 63626160 6f6e6d6c 6b6a6968 77767574 73727170 7f7e7d7c 7b7a7978
a2c0: 86878485 82838081 8e8f8c8d 8a8b8889 96979495 92939091 9e9f9c9d 9a9b9899
a2c8: a6a7a4a5 a2a3a0a1 aeafacad aaaba8a9 b6b7b4b5 b2b3b0b1 bebfbcbd babbb8b9
a2d0: c6c7c4c5 c2c3c0c1 cecfcccd cacbc8c9 d6d7d4d5 d2d3d0d1 dedfdcdd dadbd8d9
a2d8: e6e7e4e5 e2e3e0e1 eeefeced eaebe8e9 f6f7f4f5 f2f3f0f1 fefffcfd fafbf8f9
a2e0: 06070405 02030001 0e0f0c0d 0a0b0809 16171415 12131011 1e1f1c1d 1a1b1819
a2e8: 26272425 22232021 2e2f2c2d 2a2b2829 36373435 32333031 3e3f3c3d 3a3b3839
a2f0: 46474445 42434041 4e4f4c4d 4a4b4849 56575455 52535051 5e5f5c5d 5a5b5859
a2f8: 66676465 62636061 6e6f6c6d 6a6b6869 76777475 72737071 7e7f7c7d 7a7b7879
a300: 85848786 81808382 8d8c8f8e 89888b8a 95949796 91909392 9d9c9f9e 99989b9a
a308: a5a4a7a6 a1a0a3a2 adacafae a9a8abaa b5b4b7b6 b1b0b3b2 bdbcbfbe b9b8bbba
a310: c5c4c7c6 c1c0c3c2 cdcccfce c9c8cbca d5d4d7d6 d1d0d3d2 dddcdfde d9d8dbda
a318: e5e4e7e6 e1e0e3e2 edecefee e9e8ebea f5f4f7f6 f1f0f3f2 fdfcfffe f9f8fbfa
a320: 05040706 01000302 0d0c0f0e 09080b0a 15141716 11101312 1d1c1f1e 19181b1a
a328: 25242726 21202322 2d2c2f2e 29282b2a 35343736 31303332 3d3c3f3e 39383b3a
a330: 45444746 41404342 4d4c4f4e 49484b4a 55545756 51505352 5d5c5f5e 59585b5a
a338: 65646766 61606362 6d6c6f6e 69686b6a 75747776 71707372 7d7c7f7e 79787b7a
a340: 84858687 80818283 8c8d8e8f 88898a8b 94959697 90919293 9c9d9e9f 98999a9b
a348: a4a5a6a7 a0a1a2a3 acadaeaf a8a9aaab b4b5b6b7 b0b1b2b3 bcbdbebf b8b9babb
a350: c4c5c6c7 c0c1c2c3 cccdcecf c8c9cacb d4d5d6d7 d0d1d2d3 dcdddedf d8d9dadb
a358: e4e5e6e7 e0e1e2e3 ecedeeef e8e9eaeb f4f5f6f7 f0f1f2f3 fcfdfeff f8f9fafb
a360: 04050607 00010203 0c0d0e0f 08090a0b 14151617 10111213 1c1d1e1f 18191a1b
a368: 24252627 20212223 2c2d2e2f 28292a2b 34353637 30313233 3c3d3e3f 38393a3b
a370: 44454647 40414243 4c4d4e4f 48494a4b 54555657 50515253 5c5d5e5f 58595a5b
a378: 64656667 60616263 6c6d6e6f 68696a6b 74757677 70717273 7c7d7e7f 78797a7b
a380: 8b8a8988 8f8e8d8c 83828180 87868584 9b9a9998 9f9e9d9c 93929190 97969594
a388: abaaa9a8 afaeadac a3a2a1a0 a7a6a5a4 bbbab9b8 bfbebdbc b3b2b1b0 b7b6b5b4
a390: cbcac9c8 cfcecdcc c3c2c1c0 c7c6c5c4 dbdad9d8 dfdedddc d3d2d1d0 d7d6d5d4
a398: ebeae9e8 efeeedec e3e2e1e0 e7e6e5e4 fbfaf9f8 fffefdfc f3f2f1f0 f7f6f5f4
a3a0: 0b0a0908 0f0e0d0c 03020100 07060504 1b1a1918 1f1e1d1c 13121110 17161514
a3a8: 2b2a2928 2f2e2d2c 23222120 27262524 3b3a3938 3f3e3d3c 33323130 37363534
a3b0: 4b4a4948 4f4e4d4c 43424140 47464544 5b5a5958 5f5e5d5c 53525150 57565554
a3b8: 6b6a6968 6f6e6d6c 63626160 67666564 7b7a7978 7f7e7d7c 73727170 77767574
a3c0: 8a8b8889 8e8f8c8d 82838081 86878485 9a9b9899 9e9f9c9d 92939091 96979495
a3c8: aaaba8a9 aeafacad a2a3a0a1 a6a7a4a5 babbb8b9 bebfbcbd b2b3b0b1 b6b7b4b5
a3d0: cacbc8c9 cecfcccd c2c3c0c1 c6c7c4c5 dadbd8d9 dedfdcdd d2d3d0d1 d6d7d4d5
a3d8: eaebe8e9 eeefeced e2e3e0e1 e6e7e4e5 fafbf8f9 fefffcfd f2f3f0f1 f6f7f4f5
a3e0: 0a0b0809 0e0f0c0d 02030001 06070405 1a1b1819 1e1f1c1d 12131011 16171415
a3e8: 2a2b2829 2e2f2c2d 22232021 26272425 3a3b3839 3e3f3c3d 32333031 36373435
a3f0: 4a4b4849 4e4f4c4d 42434041 46474445 5a5b5859 5e5f5c5d 52535051 56575455
a3f8: 6a6b6869 6e6f6c6d 62636061 66676465 7a7b7879 7e7f7c7d 72737071 76777475
a400: 89888b8a 8d8c8f8e 81808382 85848786 99989b9a 9d9c9f9e 91909392 95949796
a408: a9a8abaa adacafae a1a0a3a2 a5a4a7a6 b9b8bbba bdbcbfbe b1b0b3b2 b5b4b7b6
a410: c9c8cbca cdcccfce c1c0c3c2 c5c4c7c6 d9d8dbda dddcdfde d1d0d3d2 d5d4d7d6
a418: e9e8ebea edecefee e1e0e3e2 e5e4e7e6 f9f8fbfa fdfcfffe f1f0f3f2 f5f4f7f6
a420: 09080b0a 0d0c0f0e 01000302 05040706 19181b1a 1d1c1f1e 11101312 15141716
a428: 29282b2a 2d2c2f2e 21202322 25242726 39383b3a 3d3c3f3e 31303332 35343736
a430: 49484b4a 4d4c4f4e 41404342 45444746 59585b5a 5d5c5f5e 51505352 55545756
a438: 69686b6a 6d6c6f6e 61606362 65646766 79787b7a 7d7c7f7e 71707372 75747776
a440: 88898a8b 8c8d8e8f 80818283 84858687 98999a9b 9c9d9e9f 90919293 94959697
a448: a8a9aaab acadaeaf a0a1a2a3 a4a5a6a7 b8b9babb bcbdbebf b0b1b2b3 b4b5b6b7
a450: c8c9cacb cccdcecf c0c1c2c3 c4c5c6c7 d8d9dadb dcdddedf d0d1d2d3 d4d5d6d7
a458: e8e9eaeb ecedeeef e0e1e2e3 e4e5e6e7 f8f9fafb fcfdfeff f0f1f2f3 f4f5f6f7
a460: 08090a0b 0c0d0e0f 00010203 04050607 18191a1b 1c1d1e1f 10111213 14151617
a468: 28292a2b 2c2d2e2f 20212223 24252627 38393a3b 3c3d3e3f 30313233 34353637
a470: 48494a4b 4c4d4e4f 40414243 44454647 58595a5b 5c5d5e5f 50515253 54555657
a478: 68696a6b 6c6d6e6f 60616263 64656667 78797a7b 7c7d7e7f 70717273 74757677
a480: 8f8e8d8c 8b8a8988 87868584 83828180 9f9e9d9c 9b9a9998 97969594 93929190
a488: afaeadac abaaa9a8 a7a6a5a4 a3a2a1a0 bfbebdbc bbbab9b8 b7b6b5b4 b3b2b1b0
a490: cfcecdcc cbcac9c8 c7c6c5c4 c3c2c1c0 dfdedddc dbdad9d8 d7d6d5d4 d3d2d1d0
a498: efeeedec ebeae9e8 e7e6e5e4 e3e2e1e0 fffefdfc fbfaf9f8 f7f6f5f4 f3f2f1f0
a4a0: 0f0e0d0c 0b0a0908 07060504 03020100 1f1e1d1c 1b1a1918 17161514 13121110
a4a8: 2f2e2d2c 2b2a2928 27262524 23222120 3f3e3d3c 3b3a3938 37363534 33323130
a4b0: 4f4e4d4c 4b4a4948 47464544 43424140 5f5e5d5c 5b5a5958 57565554 53525150
a4b8: 6f6e6d6c 6b6a6968 67666564 63626160 7f7e7d7c 7b7a7978 77767574 73727170
a4c0: 8e8f8c8d 8a8b8889 86878485 82838081 9e9f9c9d 9a9b9899 96979495 92939091
a4c8: aeafacad aaaba8a9 a6a7a4a5 a2a3a0a1 bebfbcbd babbb8b9 b6b7b4b5 b2b3b0b1
a4d0: cecfcccd cacbc8c9 c6c7c4c5 c2c3c0c1 dedfdcdd dadbd8d9 d6d7d4d5 d2d3d0d1
a4d8: eeefeced eaebe8e9 e6e7e4e5 e2e3e0e1 fefffcfd fafbf8f9 f6f7f4f5 f2f3f0f1
a4e0: 0e0f0c0d 0a0b0809 06070405 02030001 1e1f1c1d 1a1b1819 16171415 12131011
a4e8: 2e2f2c2d 2a2b2829 26272425 22232021 3e3f3c3d 3a3b3839 36373435 32333031
a4f0: 4e4f4c4d 4a4b4849 46474445 42434041 5e5f5c5d 5a5b5859 56575455 52535051
a4f8: 6e6f6c6d 6a6b6869 66676465 62636061 7e7f7c7d 7a7b7879 76777475 72737071
a500: 8d8c8f8e 89888b8a 85848786 81808382 9d9c9f9e 99989b9a 95949796 91909392
a508: adacafae a9a8abaa a5a4a7a6 a1a0a3a2 bdbcbfbe b9b8bbba b5b4b7b6 b1b0b3b2
a510: cdcccfce c9c8cbca c5c4c7c6 c1c0c3c2 dddcdfde d9d8dbda d5d4d7d6 d1d0d3d2
a518: edecefee e9e8ebea e5e4e7e6 e1e0e3e2 fdfcfffe f9f8fbfa f5f4f7f6 f1f0f3f2
a520: 0d0c0f0e 09080b0a 05040706 01000302 1d1c1f1e 19181b1a 15141716 11101312
a528: 2d2c2f2e 29282b2a 25242726 21202322 3d3c3f3e 39383b3a 35343736 31303332
a530: 4d4c4f4e 49484b4a 45444746 41404342 5d5c5f5e 59585b5a 55545756 51505352
a538: 6d6c6f6e 69686b6a 65646766 61606362 7d7c7f7e 79787b7a 75747776 71707372
a540: 8c8d8e8f 88898a8b 84858687 80818283 9c9d9e9f 98999a9b 94959697 90919293
a548: acadaeaf a8a9aaab a4a5a6a7 a0a1a2a3 bcbdbebf b8b9babb b4b5b6b7 b0b1b2b3
a550: cccdcecf c8c9cacb c4c5c6c7 c0c1c2c3 dcdddedf d8d9dadb d4d5d6d7 d0d1d2d3
a558: ecedeeef e8e9eaeb e4e5e6e7 e0e1e2e3 fcfdfeff f8f9fafb f4f5f6f7 f0f1f2f3
a560: 0c0d0e0f 08090a0b 04050607 00010203 1c1d1e1f 18191a1b 14151617 10111213
a568: 2c2d2e2f 28292a2b 24252627 20212223 3c3d3e3f 38393a3b 34353637 30313233
a570: 4c4d4e4f 48494a4b 44454647 40414243 5c5d5e5f 58595a5b 54555657 50515253
a578: 6c6d6e6f 68696a6b 64656667 60616263 7c7d7e7f 78797a7b 74757677 70717273
a580: 93929190 97969594 9b9a9998 9f9e9d9c 83828180 87868584 8b8a8988 8f8e8d8c
a588: b3b2b1b0 b7b6b5b4 bbbab9b8 bfbebdbc a3a2a1a0 a7a6a5a4 abaaa9a8 afaeadac
a590: d3d2d1d0 d7d6d5d4 dbdad9d8 dfdedddc c3c2c1c0 c7c6c5c4 cbcac9c8 cfcecdcc
a598: f3f2f1f0 f7f6f5f4 fbfaf9f8 fffefdfc e3e2e1e0 e7e6e5e4 ebeae9e8 efeeedec
a5a0: 13121110 17161514 1b1a1918 1f1e1d1c 03020100 07060504 0b0a0908 0f0e0d0c
a5a8: 33323130 37363534 3b3a3938 3f3e3d3c 23222120 27262524 2b2a2928 2f2e2d2c
a5b0: 53525150 57565554 5b5a5958 5f5e5d5c 43424140 47464544 4b4a4948 4f4e4d4c
a5b8: 73727170 77767574 7b7a7978 7f7e7d7c 63626160 67666564 6b6a6968 6f6e6d6c
a5c0: 92939091 96979495 9a9b9899 9e9f9c9d 82838081 86878485 8a8b8889 8e8f8c8d
a5c8: b2b3b0b1 b6b7b4b5 babbb8b9 bebfbcbd a2a3a0a1 a6a7a4a5 aaaba8a9 aeafacad
a5d0: d2d3d0d1 d6d7d4d5 dadbd8d9 dedfdcdd c2c3c0c1 c6c7c4c5 cacbc8c9 cecfcccd
a5d8: f2f3f0f1 f6f7f4f5 fafbf8f9 fefffcfd e2e3e0e1 e6e7e4e5 eaebe8e9 eeefeced
a5e0: 12131011 16171415 1a1b1819 1e1f1c1d 02030001 06070405 0a0b0809 0e0f0c0d
a5e8: 32333031 36373435 3a3b3839 3e3f3c3d 22232021 26272425 2a2b2829 2e2f2c2d
a5f0: 52535051 56575455 5a5b5859 5e5f5c5d 42434041 46474445 4a4b4849 4e4f4c4d
a5f8: 72737071 76777475 7a7b7879 7e7f7c7d 62636061 66676465 6a6b6869 6e6f6c6d
a600: 91909392 95949796 99989b9a 9d9c9f9e 81808382 85848786 89888b8a 8d8c8f8e
a608: b1b0b3b2 b5b4b7b6 b9b8bbba bdbcbfbe a1a0a3a2 a5a4a7a6 a9a8abaa adacafae
a610: d1d0d3d2 d5d4d7d6 d9d8dbda dddcdfde c1c0c3c2 c5c4c7c6 c9c8cbca cdcccfce
a618: f1f0f3f2 f5f4f7f6 f9f8fbfa fdfcfffe e1e0e3e2 e5e4e7e6 e9e8ebea edecefee
a620: 11101312 15141716 19181b1a 1d1c1f1e 01000302 05040706 09080b0a 0d0c0f0e
a628: 31303332 35343736 39383b3a 3d3c3f3e 21202322 25242726 29282b2a 2d2c2f2e
a630: 51505352 55545756 59585b5a 5d5c5f5e 41404342 45444746 49484b4a 4d4c4f4e
a638: 71707372 75747776 79787b7a 7d7c7f7e 61606362 65646766 69686b6a 6d6c6f6e
a640: 90919293 94959697 98999a9b 9c9d9e9f 80818283 84858687 88898a8b 8c8d8e8f
a648: b0b1b2b3 b4b5b6b7 b8b9babb bcbdbebf a0a1a2a3 a4a5a6a7 a8a9aaab acadaeaf
a650: d0d1d2d3 d4d5d6d7 d8d9dadb dcdddedf c0c1c2c3 c4c5c6c7 c8c9cacb cccdcecf
a658: f0f1f2f3 f4f5f6f7 f8f9fafb fcfdfeff e0e1e2e3 e4e5e6e7 e8e9eaeb ecedeeef
a660: 10111213 14151617 18191a1b 1c1d1e1f 00010203 04050607 08090a0b 0c0d0e0f
a668: 30313233 34353637 38393a3b 3c3d3e3f 20212223 24252627 28292a2b 2c2d2e2f
a670: 50515253 54555657 58595a5b 5c5d5e5f 40414243 44454647 48494a4b 4c4d4e4f
a678: 70717273 74757677 78797a7b 7c7d7e7f 60616263 64656667 68696a6b 6c6d6e6f
a680: 97969594 93929190 9f9e9d9c 9b9a9998 87868584 83828180 8f8e8d8c 8b8a8988
a688: b7b6b5b4 b3b2b1b0 bfbebdbc bbbab9b8 a7a6a5a4 a3a2a1a0 afaeadac abaaa9a8
a690: d7d6d5d4 d3d2d1d0 dfdedddc dbdad9d8 c7c6c5c4 c3c2c1c0 cfcecdcc cbcac9c8
a698: f7f6f5f4 f3f2f1f0 fffefdfc fbfaf9f8 e7e6e5e4 e3e2e1e0 efeeedec ebeae9e8
a6a0: 17161514 13121110 1f1e1d1c 1b1a1918 07060504 03020100 0f0e0d0c 0b0a0908
a6a8: 37363534 33323130 3f3e3d3c 3b3a3938 27262524 23222120 2f2e2d2c 2b2a2928
a6b0: 57565554 53525150 5f5e5d5c 5b5a5958 47464544 43424140 4f4e4d4c 4b4a4948
a6b8: 77767574 73727170 7f7e7d7c 7b7a7978 67666564 63626160 6f6e6d6c 6b6a6968
a6c0: 96979495 92939091 9e9f9c9d 9a9b9899 86878485 82838081 8e8f8c8d 8a8b8889
a6c8: b6b7b4b5 b2b3b0b1 bebfbcbd babbb8b9 a6a7a4a5 a2a3a0a1 aeafacad aaaba8a9
a6d0: d6d7d4d5 d2d3d0d1 dedfdcdd dadbd8d9 c6c7c4c5 c2c3c0c1 cecfcccd cacbc8c9
a6d8: f6f7f4f5 f2f3f0f1 fefffcfd fafbf8f9 e6e7e4e5 e2e3e0e1 eeefeced eaebe8e9
a6e0: 16171415 12131011 1e1f1c1d 1a1b1819 06070405 02030001 0e0f0c0d 0a0b0809
a6e8: 36373435 32333031 3e3f3c3d 3a3b3839 26272425 22232021 2e2f2c2d 2a2b2829
a6f0: 56575455 52535051 5e5f5c5d 5a5b5859 46474445 42434041 4e4f4c4d 4a4b4849
a6f8: 76777475 72737071 7e7f7c7d 7a7b7879 66676465 62636061 6e6f6c6d 6a6b6869
a700: 95949796 91909392 9d9c9f9e 99989b9a 85848786 81808382 8d8c8f8e 89888b8a
a708: b5b4b7b6 b1b0b3b2 bdbcbfbe b9b8bbba a5a4a7a6 a1a0a3a2 adacafae a9a8abaa
a710: d5d4d7d6 d1d0d3d2 dddcdfde d9d8dbda c5c4c7c6 c1c0c3c2 cdcccfce c9c8cbca
a718: f5f4f7f6 f1f0f3f2 fdfcfffe f9f8fbfa e5e4e7e6 e1e0e3e2 edecefee e9e8ebea
a720: 15141716 11101312 1d1c1f1e 19181b1a 05040706 01000302 0d0c0f0e 09080b0a
a728: 35343736 31303332 3d3c3f3e 39383b3a 25242726 21202322 2d2c2f2e 29282b2a
a730: 55545756 51505352 5d5c5f5e 59585b5a 45444746 41404342 4d4c4f4e 49484b4a
a738: 75747776 71707372 7d7c7f7e 79787b7a 65646766 61606362 6d6c6f6e 69686b6a
a740: 94959697 90919293 9c9d9e9f 98999a9b 84858687 80818283 8c8d8e8f 88898a8b
a748: b4b5b6b7 b0b1b2b3 bcbdbebf b8b9babb a4a5a6a7 a0a1a2a3 acadaeaf a8a9aaab
a750: d4d5d6d7 d0d1d2d3 dcdddedf d8d9dadb c4c5c6c7 c0c1c2c3 cccdcecf c8c9cacb
a758: f4f5f6f7 f0f1f2f3 fcfdfeff f8f9fafb e4e5e6e7 e0e1e2e3 ecedeeef e8e9eaeb
a760: 14151617 10111213 1c1d1e1f 18191a1b 04050607 00010203 0c0d0e0f 08090a0b
a768: 34353637 30313233 3c3d3e3f 38393a3b 24252627 20212223 2c2d2e2f 28292a2b
a770: 54555657 50515253 5c5d5e5f 58595a5b 44454647 40414243 4c4d4e4f 48494a4b
a778: 74757677 70717273 7c7d7e7f 78797a7b 64656667 60616263 6c6d6e6f 68696a6b
a780: 9b9a9998 9f9e9d9c 93929190 97969594 8b8a8988 8f8e8d8c 83828180 87868584
a788: bbbab9b8 bfbebdbc b3b2b1b0 b7b6b5b4 abaaa9a8 afaeadac a3a2a1a0 a7a6a5a4
a790: dbdad9d8 dfdedddc d3d2d1d0 d7d6d5d4 cbcac9c8 cfcecdcc c3c2c1c0 c7c6c5c4
a798: fbfaf9f8 fffefdfc f3f2f1f0 f7f6f5f4 ebeae9e8 efeeedec e3e2e1e0 e7e6e5e4
a7a0: 1b1a1918 1f1e1d1c 13121110 17161514 0b0a0908 0f0e0d0c 03020100 07060504
a7a8: 3b3a3938 3f3e3d3c 33323130 37363534 2b2a2928 2f2e2d2c 23222120 27262524
a7b0: 5b5a5958 5f5e5d5c 53525150 57565554 4b4a4948 4f4e4d4c 43424140 47464544
a7b8: 7b7a7978 7f7e7d7c 73727170 77767574 6b6a6968 6f6e6d6c 63626160 67666564
a7c0: 9a9b9899 9e9f9c9d 92939091 96979495 8a8b8889 8e8f8c8d 82838081 86878485
a7c8: babbb8b9 bebfbcbd b2b3b0b1 b6b7b4b5 aaaba8a9 aeafacad a2a3a0a1 a6a7a4a5
a7d0: dadbd8d9 dedfdcdd d2d3d0d1 d6d7d4d5 cacbc8c9 cecfcccd c2c3c0c1 c6c7c4c5
a7d8: fafbf8f9 fefffcfd f2f3f0f1 f6f7f4f5 eaebe8e9 eeefeced e2e3e0e1 e6e7e4e5
a7e0: 1a1b1819 1e1f1c1d 12131011 16171415 0a0b0809 0e0f0c0d 02030001 06070405
a7e8: 3a3b3839 3e3f3c3d 32333031 36373435 2a2b2829 2e2f2c2d 22232021 26272425
a7f0: 5a5b5859 5e5f5c5d 52535051 56575455 4a4b4849 4e4f4c4d 42434041 46474445
a7f8: 7a7b7879 7e7f7c7d 72737071 76777475 6a6b6869 6e6f6c6d 62636061 66676465
a800: 99989b9a 9d9c9f9e 91909392 95949796 89888b8a 8d8c8f8e 81808382 85848786
a808: b9b8bbba bdbcbfbe b1b0b3b2 b5b4b7b6 a9a8abaa adacafae a1a0a3a2 a5a4a7a6
a810: d9d8dbda dddcdfde d1d0d3d2 d5d4d7d6 c9c8cbca cdcccfce c1c0c3c2 c5c4c7c6
a818: f9f8fbfa fdfcfffe f1f0f3f2 f5f4f7f6 e9e8ebea edecefee e1e0e3e2 e5e4e7e6
a820: 19181b1a 1d1c1f1e 11101312 15141716 09080b0a 0d0c0f0e 01000302 05040706
a828: 39383b3a 3d3c3f3e 31303332 35343736 29282b2a 2d2c2f2e 21202322 25242726
a830: 59585b5a 5d5c5f5e 51505352 55545756 49484b4a 4d4c4f4e 41404342 45444746
a838: 79787b7a 7d7c7f7e 71707372 75747776 69686b6a 6d6c6f6e 61606362 65646766
a840: 98999a9b 9c9d9e9f 90919293 94959697 88898a8b 8c8d8e8f 80818283 84858687
a848: b8b9babb bcbdbebf b0b1b2b3 b4b5b6b7 a8a9aaab acadaeaf a0a1a2a3 a4a5a6a7
a850: d8d9dadb dcdddedf d0d1d2d3 d4d5d6d7 c8c9cacb cccdcecf c0c1c2c3 c4c5c6c7
a858: f8f9fafb fcfdfeff f0f1f2f3 f4f5f6f7 e8e9eaeb ecedeeef e0e1e2e3 e4e5e6e7
a860: 18191a1b 1c1d1e1f 10111213 14151617 08090a0b 0c0d0e0f 00010203 04050607
a868: 38393a3b 3c3d3e3f 30313233 34353637 28292a2b 2c2d2e2f 20212223 24252627
a870: 58595a5b 5c5d5e5f 50515253 54555657 48494a4b 4c4d4e4f 40414243 44454647
a878: 78797a7b 7c7d7e7f 70717273 74757677 68696a6b 6c6d6e6f 60616263 64656667
a880: 9f9e9d9c 9b9a9998 97969594 93929190 8f8e8d8c 8b8a8988 87868584 83828180
a888: bfbebdbc bbbab9b8 b7b6b5b4 b3b2b1b0 afaeadac abaaa9a8 a7a6a5a4 a3a2a1a0
a890: dfdedddc dbdad9d8 d7d6d5d4 d3d2d1d0 cfcecdcc cbcac9c8 c7c6c5c4 c3c2c1c0
a898: fffefdfc fbfaf9f8 f7f6f5f4 f3f2f1f0 efeeedec ebeae9e8 e7e6e5e4 e3e2e1e0
a8a0: 1f1e1d1c 1b1a1918 17161514 13121110 0f0e0d0c 0b0a0908 07060504 03020100
a8a8: 3f3e3d3c 3b3a3938 37363534 33323130 2f2e2d2c 2b2a2928 27262524 23222120
a8b0: 5f5e5d5c 5b5a5958 57565554 53525150 4f4e4d4c 4b4a4948 47464544 43424140
a8b8: 7f7e7d7c 7b7a7978 77767574 73727170 6f6e6d6c 6b6a6968 67666564 63626160
a8c0: 9e9f9c9d 9a9b9899 96979495 92939091 8e8f8c8d 8a8b8889 86878485 82838081
a8c8: bebfbcbd babbb8b9 b6b7b4b5 b2b3b0b1 aeafacad aaaba8a9 a6a7a4a5 a2a3a0a1
a8d0: dedfdcdd dadbd8d9 d6d7d4d5 d2d3d0d1 cecfcccd cacbc8c9 c6c7c4c5 c2c3c0c1
a8d8: fefffcfd fafbf8f9 f6f7f4f5 f2f3f0f1 eeefeced eaebe8e9 e6e7e4e5 e2e3e0e1
a8e0: 1e1f1c1d 1a1b1819 16171415 12131011 0e0f0c0d 0a0b0809 06070405 02030001
a8e8: 3e3f3c3d 3a3b3839 36373435 32333031 2e2f2c2d 2a2b2829 26272425 22232021
a8f0: 5e5f5c5d 5a5b5859 56575455 52535051 4e4f4c4d 4a4b4849 46474445 42434041
a8f8: 7e7f7c7d 7a7b7879 76777475 72737071 6e6f6c6d 6a6b6869 66676465 62636061
a900: 9d9c9f9e 99989b9a 95949796 91909392 8d8c8f8e 89888b8a 85848786 81808382
a908: bdbcbfbe b9b8bbba b5b4b7b6 b1b0b3b2 adacafae a9a8abaa a5a4a7a6 a1a0a3a2
a910: dddcdfde d9d8dbda d5d4d7d6 d1d0d3d2 cdcccfce c9c8cbca c5c4c7c6 c1c0c3c2
a918: fdfcfffe f9f8fbfa f5f4f7f6 f1f0f3f2 edecefee e9e8ebea e5e4e7e6 e1e0e3e2
a920: 1d1c1f1e 19181b1a 15141716 11101312 0d0c0f0e 09080b0a 05040706 01000302
a928: 3d3c3f3e 39383b3a 35343736 31303332 2d2c2f2e 29282b2a 25242726 21202322
a930: 5d5c5f5e 59585b5a 55545756 51505352 4d4c4f4e 49484b4a 45444746 41404342
a938: 7d7c7f7e 79787b7a 75747776 71707372 6d6c6f6e 69686b6a 65646766 61606362
a940: 9c9d9e9f 98999a9b 94959697 90919293 8c8d8e8f 88898a8b 84858687 80818283
a948: bcbdbebf b8b9babb b4b5b6b7 b0b1b2b3 acadaeaf a8a9aaab a4a5a6a7 a0a1a2a3
a950: dcdddedf d8d9dadb d4d5d6d7 d0d1d2d3 cccdcecf c8c9cacb c4c5c6c7 c0c1c2c3
a958: fcfdfeff f8f9fafb f4f5f6f7 f0f1f2f3 ecedeeef e8e9eaeb e4e5e6e7 e0e1e2e3
a960: 1c1d1e1f 18191a1b 14151617 10111213 0c0d0e0f 08090a0b 04050607 00010203
a968: 3c3d3e3f 38393a3b 34353637 30313233 2c2d2e2f 28292a2b 24252627 20212223
a970: 5c5d5e5f 58595a5b 54555657 50515253 4c4d4e4f 48494a4b 44454647 40414243
a978: 7c7d7e7f 78797a7b 74757677 70717273 6c6d6e6f 68696a6b 64656667 60616263
a980: a3a2a1a0 a7a6a5a4 abaaa9a8 afaeadac b3b2b1b0 b7b6b5b4 bbbab9b8 bfbebdbc
a988: 83828180 87868584 8b8a8988 8f8e8d8c 93929190 97969594 9b9a9998 9f9e9d9c
a990: e3e2e1e0 e7e6e5e4 ebeae9e8 efeeedec f3f2f1f0 f7f6f5f4 fbfaf9f8 fffefdfc
a998: c3c2c1c0 c7c6c5c4 cbcac9c8 cfcecdcc d3d2d1d0 d7d6d5d4 dbdad9d8 dfdedddc
a9a0: 23222120 27262524 2b2a2928 2f2e2d2c 33323130 37363534 3b3a3938 3f3e3d3c
a9a8: 03020100 07060504 0b0a0908 0f0e0d0c 13121110 17161514 1b1a1918 1f1e1d1c
a9b0: 63626160 67666564 6b6a6968 6f6e6d6c 73727170 77767574 7b7a7978 7f7e7d7c
a9b8: 43424140 47464544 4b4a4948 4f4e4d4c 53525150 57565554 5b5a5958 5f5e5d5c
a9c0: a2a3a0a1 a6a7a4a5 aaaba8a9 aeafacad b2b3b0b1 b6b7b4b5 babbb8b9 bebfbcbd
a9c8: 82838081 86878485 8a8b8889 8e8f8c8d 92939091 96979495 9a9b9899 9e9f9c9d
a9d0: e2e3e0e1 e6e7e4e5 eaebe8e9 eeefeced f2f3f0f1 f6f7f4f5 fafbf8f9 fefffcfd
a9d8: c2c3c0c1 c6c7c4c5 cacbc8c9 cecfcccd d2d3d0d1 d6d7d4d5 dadbd8d9 dedfdcdd
a9e0: 22232021 26272425 2a2b2829 2e2f2c2d 32333031 36373435 3a3b3839 3e3f3c3d
a9e8: 02030001 06070405 0a0b0809 0e0f0c0d 12131011 16171415 1a1b1819 1e1f1c1d
a9f0: 62636061 66676465 6a6b6869 6e6f6c6d 72737071 76777475 7a7b7879 7e7f7c7d
a9f8: 42434041 46474445 4a4b4849 4e4f4c4d 52535051 56575455 5a5b5859 5e5f5c5d
aa00: a1a0a3a2 a5a4a7a6 a9a8abaa adacafae b1b0b3b2 b5b4b7b6 b9b8bbba bdbcbfbe
aa08: 81808382 85848786 89888b8a 8d8c8f8e 91909392 95949796 99989b9a 9d9c9f9e
aa10: e1e0e3e2 e5e4e7e6 e9e8ebea edecefee f1f0f3f2 f5f4f7f6 f9f8fbfa fdfcfffe
aa18: c1c0c3c2 c5c4c7c6 c9c8cbca cdcccfce d1d0d3d2 d5d4d7d6 d9d8dbda dddcdfde
aa20: 21202322 25242726 29282b2a 2d2c2f2e 31303332 35343736 39383b3a 3d3c3f3e
aa28: 01000302 05040706 09080b0a 0d0c0f0e 11101312 15141716 19181b1a 1d1c1f1e
aa30: 61606362 65646766 69686b6a 6d6c6f6e 71707372 75747776 79787b7a 7d7c7f7e
aa38: 41404342 45444746 49484b4a 4d4c4f4e 51505352 55545756 59585b5a 5d5c5f5e
aa40: a0a1a2a3 a4a5a6a7 a8a9aaab acadaeaf b0b1b2b3 b4b5b6b7 b8b9babb bcbdbebf
aa48: 80818283 84858687 88898a8b 8c8d8e8f 90919293 94959697 98999a9b 9c9d9e9f
aa50: e0e1e2e3 e4e5e6e7 e8e9eaeb ecedeeef f0f1f2f3 f4f5f6f7 f8f9fafb fcfdfeff
aa58: c0c1c2c3 c4c5c6c7 c8c9cacb cccdcecf d0d1d2d3 d4d5d6d7 d8d9dadb dcdddedf
aa60: 20212223 24252627 28292a2b 2c2d2e2f 30313233 34353637 38393a3b 3c3d3e3f
aa68: 00010203 04050607 08090a0b 0c0d0e0f 10111213 14151617 18191a1b 1c1d1e1f
aa70: 60616263 64656667 68696a6b 6c6d6e6f 70717273 74757677 78797a7b 7c7d7e7f
aa78: 40414243 44454647 48494a4b 4c4d4e4f 50515253 54555657 58595a5b 5c5d5e5f
aa80: a7a6a5a4 a3a2a1a0 afaeadac abaaa9a8 b7b6b5b4 b3b2b1b0 bfbebdbc bbbab9b8
aa88: 87868584 83828180 8f8e8d8c 8b8a8988 97969594 93929190 9f9e9d9c 9b9a9998
aa90: e7e6e5e4 e3e2e1e0 efeeedec ebeae9e8 f7f6f5f4 f3f2f1f0 fffefdfc fbfaf9f8
aa98: c7c6c5c4 c3c2c1c0 cfcecdcc cbcac9c8 d7d6d5d4 d3d2d1d0 dfdedddc dbdad9d8
aaa0: 27262524 23222120 2f2e2d2c 2b2a2928 37363534 33323130 3f3e3d3c 3b3a3938
aaa8: 07060504 03020100 0f0e0d0c 0b0a0908 17161514 13121110 1f1e1d1c 1b1a1918
aab0: 67666564 63626160 6f6e6d6c 6b6a6968 77767574 73727170 7f7e7d7c 7b7a7978
aab8: 47464544 43424140 4f4e4d4c 4b4a4948 57565554 53525150 5f5e5d5c 5b5a5958
aac0: a6a7a4a5 a2a3a0a1 aeafacad aaaba8a9 b6b7b4b5 b2b3b0b1 bebfbcbd babbb8b9
aac8: 86878485 82838081 8e8f8c8d 8a8b8889 96979495 92939091 9e9f9c9d 9a9b9899
aad0: e6e7e4e5 e2e3e0e1 eeefeced eaebe8e9 f6f7f4f5 f2f3f0f1 fefffcfd fafbf8f9
aad8: c6c7c4c5 c2c3c0c1 cecfcccd cacbc8c9 d6d7d4d5 d2d3d0d1 dedfdcdd dadbd8d9
aae0: 26272425 22232021 2e2f2c2d 2a2b2829 36373435 32333031 3e3f3c3d 3a3b3839
aae8: 06070405 02030001 0e0f0c0d 0a0b0809 16171415 12131011 1e1f1c1d 1a1b1819
aaf0: 66676465 62636061 6e6f6c6d 6a6b6869 76777475 72737071 7e7f7c7d 7a7b7879
aaf8: 46474445 42434041 4e4f4c4d 4a4b4849 56575455 52535051 5e5f5c5d 5a5b5859
ab00: a5a4a7a6 a1a0a3a2 adacafae a9a8abaa b5b4b7b6 b1b0b3b2 bdbcbfbe b9b8bbba
ab08: 85848786 81808382 8d8c8f8e 89888b8a 95949796 91909392 9d9c9f9e 99989b9a
ab10: e5e4e7e6 e1e0e3e2 edecefee e9e8ebea f5f4f7f6 f1f0f3f2 fdfcfffe f9f8fbfa
ab18: c5c4c7c6 c1c0c3c2 cdcccfce c9c8cbca d5d4d7d6 d1d0d3d2 dddcdfde d9d8dbda
ab20: 25242726 21202322 2d2c2f2e 29282b2a 35343736 31303332 3d3c3f3e 39383b3a
ab28: 05040706 01000302 0d0c0f0e 09080b0a 15141716 11101312 1d1c1f1e 19181b1a
ab30: 65646766 61606362 6d6c6f6e 69686b6a 75747776 71707372 7d7c7f7e 79787b7a
ab38: 45444746 41404342 4d4c4f4e 49484b4a 55545756 51505352 5d5c5f5e 59585b5a
ab40: a4a5a6a7 a0a1a2a3 acadaeaf a8a9aaab b4b5b6b7 b0b1b2b3 bcbdbebf b8b9babb
ab48: 84858687 80818283 8c8d8e8f 88898a8b 94959697 90919293 9c9d9e9f 98999a9b
ab50: e4e5e6e7 e0e1e2e3 ecedeeef e8e9eaeb f4f5f6f7 f0f1f2f3 fcfdfeff f8f9fafb
ab58: c4c5c6c7 c0c1c2c3 cccdcecf c8c9cacb d4d5d6d7 d0d1d2d3 dcdddedf d8d9dadb
ab60: 24252627 20212223 2c2d2e2f 28292a2b 34353637 30313233 3c3d3e3f 38393a3b
ab68: 04050607 00010203 0c0d0e0f 08090a0b 14151617 10111213 1c1d1e1f 18191a1b
ab70: 64656667 60616263 6c6d6e6f 68696a6b 74757677 70717273 7c7d7e7f 78797a7b
ab78: 44454647 40414243 4c4d4e4f 48494a4b 54555657 50515253 5c5d5e5f 58595a5b
ab80: abaaa9a8 afaeadac a3a2a1a0 a7a6a5a4 bbbab9b8 bfbebdbc b3b2b1b0 b7b6b5b4
ab88: 8b8a8988 8f8e8d8c 83828180 87868584 9b9a9998 9f9e9d9c 93929190 97969594
ab90: ebeae9e8 efeeedec e3e2e1e0 e7e6e5e4 fbfaf9f8 fffefdfc f3f2f1f0 f7f6f5f4
ab98: cbcac9c8 cfcecdcc c3c2c1c0 c7c6c5c4 dbdad9d8 dfdedddc d3d2d1d0 d7d6d5d4
aba0: 2b2a2928 2f2e2d2c 23222120 27262524 3b3a3938 3f3e3d3c 33323130 37363534
aba8: 0b0a0908 0f0e0d0c 03020100 07060504 1b1a1918 1f1e1d1c 13121110 17161514
abb0: 6b6a6968 6f6e6d6c 63626160 67666564 7b7a7978 7f7e7d7c 73727170 77767574
abb8: 4b4a4948 4f4e4d4c 43424140 47464544 5b5a5958 5f5e5d5c 53525150 57565554
abc0: aaaba8a9 aeafacad a2a3a0a1 a6a7a4a5 babbb8b9 bebfbcbd b2b3b0b1 b6b7b4b5
abc8: 8a8b8889 8e8f8c8d 82838081 86878485 9a9b9899 9e9f9c9d 92939091 96979495
abd0: eaebe8e9 eeefeced e2e3e0e1 e6e7e4e5 fafbf8f9 fefffcfd f2f3f0f1 f6f7f4f5
abd8: cacbc8c9 cecfcccd c2c3c0c1 c6c7c4c5 dadbd8d9 dedfdcdd d2d3d0d1 d6d7d4d5
abe0: 2a2b2829 2e2f2c2d 22232021 26272425 3a3b3839 3e3f3c3d 32333031 36373435
abe8: 0a0b0809 0e0f0c0d 02030001 06070405 1a1b1819 1e1f1c1d 12131011 16171415
abf0: 6a6b6869 6e6f6c6d 62636061 66676465 7a7b7879 7e7f7c7d 72737071 76777475
abf8: 4a4b4849 4e4f4c4d 42434041 46474445 5a5b5859 5e5f5c5d 52535051 56575455
ac00: a9a8abaa adacafae a1a0a3a2 a5a4a7a6 b9b8bbba bdbcbfbe b1b0b3b2 b5b4b7b6
ac08: 89888b8a 8d8c8f8e 81808382 85848786 99989b9a 9d9c9f9e 91909392 95949796
ac10: e9e8ebea edecefee e1e0e3e2 e5e4e7e6 f9f8fbfa fdfcfffe f1f0f3f2 f5f4f7f6
ac18: c9c8cbca cdcccfce c1c0c3c2 c5c4c7c6 d9d8dbda dddcdfde d1d0d3d2 d5d4d7d6
ac20: 29282b2a 2d2c2f2e 21202322 25242726 39383b3a 3d3c3f3e 31303332 35343736
ac28: 09080b0a 0d0c0f0e 01000302 05040706 19181b1a 1d1c1f1e 11101312 15141716
ac30: 69686b6a 6d6c6f6e 61606362 65646766 79787b7a 7d7c7f7e 71707372 75747776
ac38: 49484b4a 4d4c4f4e 41404342 45444746 59585b5a 5d5c5f5e 51505352 55545756
ac40: a8a9aaab acadaeaf a0a1a2a3 a4a5a6a7 b8b9babb bcbdbebf b0b1b2b3 b4b5b6b7
ac48: 88898a8b 8c8d8e8f 80818283 84858687 98999a9b 9c9d9e9f 90919293 94959697
ac50: e8e9eaeb ecedeeef e0e1e2e3 e4e5e6e7 f8f9fafb fcfdfeff f0f1f2f3 f4f5f6f7
ac58: c8c9cacb cccdcecf c0c1c2c3 c4c5c6c7 d8d9dadb dcdddedf d0d1d2d3 d4d5d6d7
ac60: 28292a2b 2c2d2e2f 20212223 24252627 38393a3b 3c3d3e3f 30313233 34353637
ac68: 08090a0b 0c0d0e0f 00010203 04050607 18191a1b 1c1d1e1f 10111213 14151617
ac70: 68696a6b 6c6d6e6f 60616263 64656667 78797a7b 7c7d7e7f 70717273 74757677
ac78: 48494a4b 4c4d4e4f 40414243 44454647 58595a5b 5c5d5e5f 50515253 54555657
ac80: afaeadac abaaa9a8 a7a6a5a4 a3a2a1a0 bfbebdbc bbbab9b8 b7b6b5b4 b3b2b1b0
ac88: 8f8e8d8c 8b8a8988 87868584 83828180 9f9e9d9c 9b9a9998 97969594 93929190
ac90: efeeedec ebeae9e8 e7e6e5e4 e3e2e1e0 fffefdfc fbfaf9f8 f7f6f5f4 f3f2f1f0
ac98: cfcecdcc cbcac9c8 c7c6c5c4 c3c2c1c0 dfdedddc dbdad9d8 d7d6d5d4 d3d2d1d0
aca0: 2f2e2d2c 2b2a2928 27262524 23222120 3f3e3d3c 3b3a3938 37363534 33323130
aca8: 0f0e0d0c 0b0a0908 07060504 03020100 1f1e1d1c 1b1a1918 17161514 13121110
acb0: 6f6e6d6c 6b6a6968 67666564 63626160 7f7e7d7c 7b7a7978 77767574 73727170
acb8: 4f4e4d4c 4b4a4948 47464544 43424140 5f5e5d5c 5b5a5958 57565554 53525150
acc0: aeafacad aaaba8a9 a6a7a4a5 a2a3a0a1 bebfbcbd babbb8b9 b6b7b4b5 b2b3b0b1
acc8: 8e8f8c8d 8a8b8889 86878485 82838081 9e9f9c9d 9a9b9899 96979495 92939091
acd0: eeefeced eaebe8e9 e6e7e4e5 e2e3e0e1 fefffcfd fafbf8f9 f6f7f4f5 f2f3f0f1
acd8: cecfcccd cacbc8c9 c6c7c4c5 c2c3c0c1 dedfdcdd dadbd8d9 d6d7d4d5 d2d3d0d1
ace0: 2e2f2c2d 2a2b2829 26272425 22232021 3e3f3c3d 3a3b3839 36373435 32333031
ace8: 0e0f0c0d 0a0b0809 06070405 02030001 1e1f1c1d 1a1b1819 16171415 12131011
acf0: 6e6f6c6d 6a6b6869 66676465 62636061 7e7f7c7d 7a7b7879 76777475 72737071
acf8: 4e4f4c4d 4a4b4849 46474445 42434041 5e5f5c5d 5a5b5859 56575455 52535051
ad00: adacafae a9a8abaa a5a4a7a6 a1a0a3a2 bdbcbfbe b9b8bbba b5b4b7b6 b1b0b3b2
ad08: 8d8c8f8e 89888b8a 85848786 81808382 9d9c9f9e 99989b9a 95949796 91909392
ad10: edecefee e9e8ebea e5e4e7e6 e1e0e3e2 fdfcfffe f9f8fbfa f5f4f7f6 f1f0f3f2
ad18: cdcccfce c9c8cbca c5c4c7c6 c1c0c3c2 dddcdfde d9d8dbda d5d4d7d6 d1d0d3d2
ad20: 2d2c2f2e 29282b2a 25242726 21202322 3d3c3f3e 39383b3a 35343736 31303332
ad28: 0d0c0f0e 09080b0a 05040706 01000302 1d1c1f1e 19181b1a 15141716 11101312
ad30: 6d6c6f6e 69686b6a 65646766 61606362 7d7c7f7e 79787b7a 75747776 71707372
ad38: 4d4c4f4e 49484b4a 45444746 41404342 5d5c5f5e 59585b5a 55545756 51505352
ad40: acadaeaf a8a9aaab a4a5a6a7 a0a1a2a3 bcbdbebf b8b9babb b4b5b6b7 b0b1b2b3
ad48: 8c8d8e8f 88898a8b 84858687 80818283 9c9d9e9f 98999a9b 94959697 90919293
ad50: ecedeeef e8e9eaeb e4e5e6e7 e0e1e2e3 fcfdfeff f8f9fafb f4f5f6f7 f0f1f2f3
ad58: cccdcecf c8c9cacb c4c5c6c7 c0c1c2c3 dcdddedf d8d9dadb d4d5d6d7 d0d1d2d3
ad60: 2c2d2e2f 28292a2b 24252627 20212223 3c3d3e3f 38393a3b 34353637 30313233
ad68: 0c0d0e0f 08090a0b 04050607 00010203 1c1d1e1f 18191a1b 14151617 10111213
ad70: 6c6d6e6f 68696a6b 64656667 60616263 7c7d7e7f 78797a7b 74757677 70717273
ad78: 4c4d4e4f 48494a4b 44454647 40414243 5c5d5e5f 58595a5b 54555657 50515253
ad80: b3b2b1b0 b7b6b5b4 bbbab9b8 bfbebdbc a3a2a1a0 a7a6a5a4 abaaa9a8 afaeadac
ad88: 93929190 97969594 9b9a9998 9f9e9d9c 83828180 87868584 8b8a8988 8f8e8d8c
ad90: f3f2f1f0 f7f6f5f4 fbfaf9f8 fffefdfc e3e2e1e0 e7e6e5e4 ebeae9e8 efeeedec
ad98: d3d2d1d0 d7d6d5d4 dbdad9d8 dfdedddc c3c2c1c0 c7c6c5c4 cbcac9c8 cfcecdcc
ada0: 33323130 37363534 3b3a3938 3f3e3d3c 23222120 27262524 2b2a2928 2f2e2d2c
ada8: 13121110 17161514 1b1a1918 1f1e1d1c 03020100 07060504 0b0a0908 0f0e0d0c
adb0: 73727170 77767574 7b7a7978 7f7e7d7c 63626160 67666564 6b6a6968 6f6e6d6c
adb8: 53525150 57565554 5b5a5958 5f5e5d5c 43424140 47464544 4b4a4948 4f4e4d4c
adc0: b2b3b0b1 b6b7b4b5 babbb8b9 bebfbcbd a2a3a0a1 a6a7a4a5 aaaba8a9 aeafacad
adc8: 92939091 96979495 9a9b9899 9e9f9c9d 82838081 86878485 8a8b8889 8e8f8c8d
add0: f2f3f0f1 f6f7f4f5 fafbf8f9 fefffcfd e2e3e0e1 e6e7e4e5 eaebe8e9 eeefeced
add8: d2d3d0d1 d6d7d4d5 dadbd8d9 dedfdcdd c2c3c0c1 c6c7c4c5 cacbc8c9 cecfcccd
ade0: 32333031 36373435 3a3b3839 3e3f3c3d 22232021 26272425 2a2b2829 2e2f2c2d
ade8: 12131011 16171415 1a1b1819 1e1f1c1d 02030001 06070405 0a0b0809 0e0f0c0d
adf0: 72737071 76777475 7a7b7879 7e7f7c7d 62636061 66676465 6a6b6869 6e6f6c6d
adf8: 52535051 56575455 5a5b5859 5e5f5c5d 42434041 46474445 4a4b4849 4e4f4c4d
ae00: b1b0b3b2 b5b4b7b6 b9b8bbba bdbcbfbe a1a0a3a2 a5a4a7a6 a9a8abaa adacafae
ae08: 91909392 95949796 99989b9a 9d9c9f9e 81808382 85848786 89888b8a 8d8c8f8e
ae10: f1f0f3f2 f5f4f7f6 f9f8fbfa fdfcfffe e1e0e3e2 e5e4e7e6 e9e8ebea edecefee
ae18: d1d0d3d2 d5d4d7d6 d9d8dbda dddcdfde c1c0c3c2 c5c4c7c6 c9c8cbca cdcccfce
ae20: 31303332 35343736 39383b3a 3d3c3f3e 21202322 25242726 29282b2a 2d2c2f2e
ae28: 11101312 15141716 19181b1a 1d1c1f1e 01000302 05040706 09080b0a 0d0c0f0e
ae30: 71707372 75747776 79787b7a 7d7c7f7e 61606362 65646766 69686b6a 6d6c6f6e
ae38: 51505352 55545756 59585b5a 5d5c5f5e 41404342 45444746 49484b4a 4d4c4f4e
ae40: b0b1b2b3 b4b5b6b7 b8b9babb bcbdbebf a0a1a2a3 a4a5a6a7 a8a9aaab acadaeaf
ae48: 90919293 94959697 98999a9b 9c9d9e9f 80818283 84858687 88898a8b 8c8d8e8f
ae50: f0f1f2f3 f4f5f6f7 f8f9fafb fcfdfeff e0e1e2e3 e4e5e6e7 e8e9eaeb ecedeeef
ae58: d0d1d2d3 d4d5d6d7 d8d9dadb dcdddedf c0c1c2c3 c4c5c6c7 c8c9cacb cccdcecf
ae60: 30313233 34353637 38393a3b 3c3d3e3f 20212223 24252627 28292a2b 2c2d2e2f
ae68: 10111213 14151617 18191a1b 1c1d1e1f 00010203 04050607 08090a0b 0c0d0e0f
ae70: 70717273 74757677 78797a7b 7c7d7e7f 60616263 64656667 68696a6b 6c6d6e6f
ae78: 50515253 54555657 58595a5b 5c5d5e5f 40414243 44454647 48494a4b 4c4d4e4f
ae80: b7b6b5b4 b3b2b1b0 bfbebdbc bbbab9b8 a7a6a5a4 a3a2a1a0 afaeadac abaaa9a8
ae88: 97969594 93929190 9f9e9d9c 9b9a9998 87868584 83828180 8f8e8d8c 8b8a8988
ae90: f7f6f5f4 f3f2f1f0 fffefdfc fbfaf9f8 e7e6e5e4 e3e2e1e0 efeeedec ebeae9e8
ae98: d7d6d5d4 d3d2d1d0 dfdedddc dbdad9d8 c7c6c5c4 c3c2c1c0 cfcecdcc cbcac9c8
aea0: 37363534 33323130 3f3e3d3c 3b3a3938 27262524 23222120 2f2e2d2c 2b2a2928
aea8: 17161514 13121110 1f1e1d1c 1b1a1918 07060504 03020100 0f0e0d0c 0b0a0908
aeb0: 77767574 73727170 7f7e7d7c 7b7a7978 67666564 63626160 6f6e6d6c 6b6a6968
aeb8: 57565554 53525150 5f5e5d5c 5b5a5958 47464544 43424140 4f4e4d4c 4b4a4948
aec0: b6b7b4b5 b2b3b0b1 bebfbcbd babbb8b9 a6a7a4a5 a2a3a0a1 aeafacad aaaba8a9
aec8: 96979495 92939091 9e9f9c9d 9a9b9899 86878485 82838081 8e8f8c8d 8a8b8889
aed0: f6f7f4f5 f2f3f0f1 fefffcfd fafbf8f9 e6e7e4e5 e2e3e0e1 eeefeced eaebe8e9
aed8: d6d7d4d5 d2d3d0d1 dedfdcdd dadbd8d9 c6c7c4c5 c2c3c0c1 cecfcccd cacbc8c9
aee0: 36373435 32333031 3e3f3c3d 3a3b3839 26272425 22232021 2e2f2c2d 2a2b2829
aee8: 16171415 12131011 1e1f1c1d 1a1b1819 06070405 02030001 0e0f0c0d 0a0b0809
aef0: 76777475 72737071 7e7f7c7d 7a7b7879 66676465 62636061 6e6f6c6d 6a6b6869
aef8: 56575455 52535051 5e5f5c5d 5a5b5859 46474445 42434041 4e4f4c4d 4a4b4849
af00: b5b4b7b6 b1b0b3b2 bdbcbfbe b9b8bbba a5a4a7a6 a1a0a3a2 adacafae a9a8abaa
af08: 95949796 91909392 9d9c9f9e 99989b9a 85848786 81808382 8d8c8f8e 89888b8a
af10: f5f4f7f6 f1f0f3f2 fdfcfffe f9f8fbfa e5e4e7e6 e1e0e3e2 edecefee e9e8ebea
af18: d5d4d7d6 d1d0d3d2 dddcdfde d9d8dbda c5c4c7c6 c1c0c3c2 cdcccfce c9c8cbca
af20: 35343736 31303332 3d3c3f3e 39383b3a 25242726 21202322 2d2c2f2e 29282b2a
af28: 15141716 11101312 1d1c1f1e 19181b1a 05040706 01000302 0d0c0f0e 09080b0a
af30: 75747776 71707372 7d7c7f7e 79787b7a 65646766 61606362 6d6c6f6e 69686b6a
af38: 55545756 51505352 5d5c5f5e 59585b5a 45444746 41404342 4d4c4f4e 49484b4a
af40: b4b5b6b7 b0b1b2b3 bcbdbebf b8b9babb a4a5a6a7 a0a1a2a3 acadaeaf a8a9aaab
af48: 94959697 90919293 9c9d9e9f 98999a9b 84858687 80818283 8c8d8e8f 88898a8b
af50: f4f5f6f7 f0f1f2f3 fcfdfeff f8f9fafb e4e5e6e7 e0e1e2e3 ecedeeef e8e9eaeb
af58: d4d5d6d7 d0d1d2d3 dcdddedf d8d9dadb c4c5c6c7 c0c1c2c3 cccdcecf c8c9cacb
af60: 34353637 30313233 3c3d3e3f 38393a3b 24252627 20212223 2c2d2e2f 28292a2b
af68: 14151617 10111213 1c1d1e1f 18191a1b 04050607 00010203 0c0d0e0f 08090a0b
af70: 74757677 70717273 7c7d7e7f 78797a7b 64656667 60616263 6c6d6e6f 68696a6b
af78: 54555657 50515253 5c5d5e5f 58595a5b 44454647 40414243 4c4d4e4f 48494a4b
af80: bbbab9b8 bfbebdbc b3b2b1b0 b7b6b5b4 abaaa9a8 afaeadac a3a2a1a0 a7a6a5a4
af88: 9b9a9998 9f9e9d9c 93929190 97969594 8b8a8988 8f8e8d8c 83828180 87868584
af90: fbfaf9f8 fffefdfc f3f2f1f0 f7f6f5f4 ebeae9e8 efeeedec e3e2e1e0 e7e6e5e4
af98: dbdad9d8 dfdedddc d3d2d1d0 d7d6d5d4 cbcac9c8 cfcecdcc c3c2c1c0 c7c6c5c4
afa0: 3b3a3938 3f3e3d3c 33323130 37363534 2b2a2928 2f2e2d2c 23222120 27262524
afa8: 1b1a1918 1f1e1d1c 13121110 17161514 0b0a0908 0f0e0d0c 03020100 07060504
afb0: 7b7a7978 7f7e7d7c 73727170 77767574 6b6a6968 6f6e6d6c 63626160 67666564
afb8: 5b5a5958 5f5e5d5c 53525150 57565554 4b4a4948 4f4e4d4c 43424140 47464544
afc0: babbb8b9 bebfbcbd b2b3b0b1 b6b7b4b5 aaaba8a9 aeafacad a2a3a0a1 a6a7a4a5
afc8: 9a9b9899 9e9f9c9d 92939091 96979495 8a8b8889 8e8f8c8d 82838081 86878485
afd0: fafbf8f9 fefffcfd f2f3f0f1 f6f7f4f5 eaebe8e9 eeefeced e2e3e0e1 e6e7e4e5
afd8: dadbd8d9 dedfdcdd d2d3d0d1 d6d7d4d5 cacbc8c9 cecfcccd c2c3c0c1 c6c7c4c5
afe0: 3a3b3839 3e3f3c3d 32333031 36373435 2a2b2829 2e2f2c2d 22232021 26272425
afe8: 1a1b1819 1e1f1c1d 12131011 16171415 0a0b0809 0e0f0c0d 02030001 06070405
aff0: 7a7b7879 7e7f7c7d 72737071 76777475 6a6b6869 6e6f6c6d 62636061 66676465
aff8: 5a5b5859 5e5f5c5d 52535051 56575455 4a4b4849 4e4f4c4d 42434041 46474445
b000: b9b8bbba bdbcbfbe b1b0b3b2 b5b4b7b6 a9a8abaa adacafae a1a0a3a2 a5a4a7a6
b008: 99989b9a 9d9c9f9e 91909392 95949796 89888b8a 8d8c8f8e 81808382 85848786
b010: f9f8fbfa fdfcfffe f1f0f3f2 f5f4f7f6 e9e8ebea edecefee e1e0e3e2 e5e4e7e6
b018: d9d8dbda dddcdfde d1d0d3d2 d5d4d7d6 c9c8cbca cdcccfce c1c0c3c2 c5c4c7c6
b020: 39383b3a 3d3c3f3e 31303332 35343736 29282b2a 2d2c2f2e 21202322 25242726
b028: 19181b1a 1d1c1f1e 11101312 15141716 09080b0a 0d0c0f0e 01000302 05040706
b030: 79787b7a 7d7c7f7e 71707372 75747776 69686b6a 6d6c6f6e 61606362 65646766
b038: 59585b5a 5d5c5f5e 51505352 55545756 49484b4a 4d4c4f4e 41404342 45444746
b040: b8b9babb bcbdbebf b0b1b2b3 b4b5b6b7 a8a9aaab acadaeaf a0a1a2a3 a4a5a6a7
b048: 98999a9b 9c9d9e9f 90919293 94959697 88898a8b 8c8d8e8f 80818283 84858687
b050: f8f9fafb fcfdfeff f0f1f2f3 f4f5f6f7 e8e9eaeb ecedeeef e0e1e2e3 e4e5e6e7
b058: d8d9dadb dcdddedf d0d1d2d3 d4d5d6d7 c8c9cacb cccdcecf c0c1c2c3 c4c5c6c7
b060: 38393a3b 3c3d3e3f 30313233 34353637 28292a2b 2c2d2e2f 20212223 24252627
b068: 18191a1b 1c1d1e1f 10111213 14151617 08090a0b 0c0d0e0f 00010203 04050607
b070: 78797a7b 7c7d7e7f 70717273 74757677 68696a6b 6c6d6e6f 60616263 64656667
b078: 58595a5b 5c5d5e5f 50515253 54555657 48494a4b 4c4d4e4f 40414243 44454647
b080: bfbebdbc bbbab9b8 b7b6b5b4 b3b2b1b0 afaeadac abaaa9a8 a7a6a5a4 a3a2a1a0
b088: 9f9e9d9c 9b9a9998 97969594 93929190 8f8e8d8c 8b8a8988 87868584 83828180
b090: fffefdfc fbfaf9f8 f7f6f5f4 f3f2f1f0 efeeedec ebeae9e8 e7e6e5e4 e3e2e1e0
b098: dfdedddc dbdad9d8 d7d6d5d4 d3d2d1d0 cfcecdcc cbcac9c8 c7c6c5c4 c3c2c1c0
b0a0: 3f3e3d3c 3b3a3938 37363534 33323130 2f2e2d2c 2b2a2928 27262524 23222120
b0a8: 1f1e1d1c 1b1a1918 17161514 13121110 0f0e0d0c 0b0a0908 07060504 03020100
b0b0: 7f7e7d7c 7b7a7978 77767574 73727170 6f6e6d6c 6b6a6968 67666564 63626160
b0b8: 5f5e5d5c 5b5a5958 57565554 53525150 4f4e4d4c 4b4a4948 47464544 43424140
b0c0: bebfbcbd babbb8b9 b6b7b4b5 b2b3b0b1 aeafacad aaaba8a9 a6a7a4a5 a2a3a0a1
b0c8: 9e9f9c9d 9a9b9899 96979495 92939091 8e8f8c8d 8a8b8889 86878485 82838081
b0d0: fefffcfd fafbf8f9 f6f7f4f5 f2f3f0f1 eeefeced eaebe8e9 e6e7e4e5 e2e3e0e1
b0d8: dedfdcdd dadbd8d9 d6d7d4d5 d2d3d0d1 cecfcccd cacbc8c9 c6c7c4c5 c2c3c0c1
b0e0: 3e3f3c3d 3a3b3839 36373435 32333031 2e2f2c2d 2a2b2829 26272425 22232021
b0e8: 1e1f1c1d 1a1b1819 16171415 12131011 0e0f0c0d 0a0b0809 06070405 02030001
b0f0: 7e7f7c7d 7a7b7879 76777475 72737071 6e6f6c6d 6a6b6869 66676465 62636061
b0f8: 5e5f5c5d 5a5b5859 56575455 52535051 4e4f4c4d 4a4b4849 46474445 42434041
b100: bdbcbfbe b9b8bbba b5b4b7b6 b1b0b3b2 adacafae a9a8abaa a5a4a7a6 a1a0a3a2
b108: 9d9c9f9e 99989b9a 95949796 91909392 8d8c8f8e 89888b8a 85848786 81808382
b110: fdfcfffe f9f8fbfa f5f4f7f6 f1f0f3f2 edecefee e9e8ebea e5e4e7e6 e1e0e3e2
b118: dddcdfde d9d8dbda d5d4d7d6 d1d0d3d2 cdcccfce c9c8cbca c5c4c7c6 c1c0c3c2
b120: 3d3c3f3e 39383b3a 35343736 31303332 2d2c2f2e 29282b2a 25242726 21202322
b128: 1d1c1f1e 19181b1a 15141716 11101312 0d0c0f0e 09080b0a 05040706 01000302
b130: 7d7c7f7e 79787b7a 75747776 71707372 6d6c6f6e 69686b6a 65646766 61606362
b138: 5d5c5f5e 59585b5a 55545756 51505352 4d4c4f4e 49484b4a 45444746 41404342
b140: bcbdbebf b8b9babb b4b5b6b7 b0b1b2b3 acadaeaf a8a9aaab a4a5a6a7 a0a1a2a3
b148: 9c9d9e9f 98999a9b 94959697 90919293 8c8d8e8f 88898a8b 84858687 80818283
b150: fcfdfeff f8f9fafb f4f5f6f7 f0f1f2f3 ecedeeef e8e9eaeb e4e5e6e7 e0e1e2e3
b158: dcdddedf d8d9dadb d4d5d6d7 d0d1d2d3 cccdcecf c8c9cacb c4c5c6c7 c0c1c2c3
b160: 3c3d3e3f 38393a3b 34353637 30313233 2c2d2e2f 28292a2b 24252627 20212223
b168: 1c1d1e1f 18191a1b 14151617 10111213 0c0d0e0f 08090a0b 04050607 00010203
b170: 7c7d7e7f 78797a7b 74757677 70717273 6c6d6e6f 68696a6b 64656667 60616263
b178: 5c5d5e5f 58595a5b 54555657 50515253 4c4d4e4f 48494a4b 44454647 40414243
b180: c3c2c1c0 c7c6c5c4 cbcac9c8 cfcecdcc d3d2d1d0 d7d6d5d4 dbdad9d8 dfdedddc
b188: e3e2e1e0 e7e6e5e4 ebeae9e8 efeeedec f3f2f1f0 f7f6f5f4 fbfaf9f8 fffefdfc
b190: 83828180 87868584 8b8a8988 8f8e8d8c 93929190 97969594 9b9a9998 9f9e9d9c
b198: a3a2a1a0 a7a6a5a4 abaaa9a8 afaeadac b3b2b1b0 b7b6b5b4 bbbab9b8 bfbebdbc
b1a0: 43424140 47464544 4b4a4948 4f4e4d4c 53525150 57565554 5b5a5958 5f5e5d5c
b1a8: 63626160 67666564 6b6a6968 6f6e6d6c 73727170 77767574 7b7a7978 7f7e7d7c
b1b0: 03020100 07060504 0b0a0908 0f0e0d0c 13121110 17161514 1b1a1918 1f1e1d1c
b1b8: 23222120 27262524 2b2a2928 2f2e2d2c 33323130 37363534 3b3a3938 3f3e3d3c
b1c0: c2c3c0c1 c6c7c4c5 cacbc8c9 cecfcccd d2d3d0d1 d6d7d4d5 dadbd8d9 dedfdcdd
b1c8: e2e3e0e1 e6e7e4e5 eaebe8e9 eeefeced f2f3f0f1 f6f7f4f5 fafbf8f9 fefffcfd
b1d0: 82838081 86878485 8a8b8889 8e8f8c8d 92939091 96979495 9a9b9899 9e9f9c9d
b1d8: a2a3a0a1 a6a7a4a5 aaaba8a9 aeafacad b2b3b0b1 b6b7b4b5 babbb8b9 bebfbcbd
b1e0: 42434041 46474445 4a4b4849 4e4f4c4d 52535051 56575455 5a5b5859 5e5f5c5d
b1e8: 62636061 66676465 6a6b6869 6e6f6c6d 72737071 76777475 7a7b7879 7e7f7c7d
b1f0: 02030001 06070405 0a0b0809 0e0f0c0d 12131011 16171415 1a1b1819 1e1f1c1d
b1f8: 22232021 26272425 2a2b2829 2e2f2c2d 32333031 36373435 3a3b3839 3e3f3c3d
b200: c1c0c3c2 c5c4c7c6 c9c8cbca cdcccfce d1d0d3d2 d5d4d7d6 d9d8dbda dddcdfde
b208: e1e0e3e2 e5e4e7e6 e9e8ebea edecefee f1f0f3f2 f5f4f7f6 f9f8fbfa fdfcfffe
b210: 81808382 85848786 89888b8a 8d8c8f8e 91909392 95949796 99989b9a 9d9c9f9e
b218: a1a0a3a2 a5a4a7a6 a9a8abaa adacafae b1b0b3b2 b5b4b7b6 b9b8bbba bdbcbfbe
b220: 41404342 45444746 49484b4a 4d4c4f4e 51505352 55545756 59585b5a 5d5c5f5e
b228: 61606362 65646766 69686b6a 6d6c6f6e 71707372 75747776 79787b7a 7d7c7f7e
b230: 01000302 05040706 09080b0a 0d0c0f0e 11101312 15141716 19181b1a 1d1c1f1e
b238: 21202322 25242726 29282b2a 2d2c2f2e 31303332 35343736 39383b3a 3d3c3f3e
b240: c0c1c2c3 c4c5c6c7 c8c9cacb cccdcecf d0d1d2d3 d4d5d6d7 d8d9dadb dcdddedf
b248: e0e1e2e3 e4e5e6e7 e8e9eaeb ecedeeef f0f1f2f3 f4f5f6f7 f8f9fafb fcfdfeff
b250: 80818283 84858687 88898a8b 8c8d8e8f 90919293 94959697 98999a9b 9c9d9e9f
b258: a0a1a2a3 a4a5a6a7 a8a9aaab acadaeaf b0b1b2b3 b4b5b6b7 b8b9babb bcbdbebf
b260: 40414243 44454647 48494a4b 4c4d4e4f 50515253 54555657 58595a5b 5c5d5e5f
b268: 60616263 64656667 68696a6b 6c6d6e6f 70717273 74757677 78797a7b 7c7d7e7f
b270: 00010203 04050607 08090a0b 0c0d0e0f 10111213 14151617 18191a1b 1c1d1e1f
b278: 20212223 24252627 28292a2b 2c2d2e2f 30313233 34353637 38393a3b 3c3d3e3f
b280: c7c6c5c4 c3c2c1c0 cfcecdcc cbcac9c8 d7d6d5d4 d3d2d1d0 dfdedddc dbdad9d8
b288: e7e6e5e4 e3e2e1e0 efeeedec ebeae9e8 f7f6f5f4 f3f2f1f0 fffefdfc fbfaf9f8
b290: 87868584 83828180 8f8e8d8c 8b8a8988 97969594 93929190 9f9e9d9c 9b9a9998
b298: a7a6a5a4 a3a2a1a0 afaeadac abaaa9a8 b7b6b5b4 b3b2b1b0 bfbebdbc bbbab9b8
b2a0: 47464544 43424140 4f4e4d4c 4b4a4948 57565554 53525150 5f5e5d5c 5b5a5958
b2a8: 67666564 63626160 6f6e6d6c 6b6a6968 77767574 73727170 7f7e7d7c 7b7a7978
b2b0: 07060504 03020100 0f0e0d0c 0b0a0908 17161514 13121110 1f1e1d1c 1b1a1918
b2b8: 27262524 23222120 2f2e2d2c 2b2a2928 37363534 33323130 3f3e3d3c 3b3a3938
b2c0: c6c7c4c5 c2c3c0c1 cecfcccd cacbc8c9 d6d7d4d5 d2d3d0d1 dedfdcdd dadbd8d9
b2c8: e6e7e4e5 e2e3e0e1 eeefeced eaebe8e9 f6f7f4f5 f2f3f0f1 fefffcfd fafbf8f9
b2d0: 86878485 82838081 8e8f8c8d 8a8b8889 96979495 92939091 9e9f9c9d 9a9b9899
b2d8: a6a7a4a5 a2a3a0a1 aeafacad aaaba8a9 b6b7b4b5 b2b3b0b1 bebfbcbd babbb8b9
b2e0: 46474445 42434041 4e4f4c4d 4a4b4849 56575455 52535051 5e5f5c5d 5a5b5859
b2e8: 66676465 62636061 6e6f6c6d 6a6b6869 76777475 72737071 7e7f7c7d 7a7b7879
b2f0: 06070405 02030001 0e0f0c0d 0a0b0809 16171415 12131011 1e1f1c1d 1a1b1819
b2f8: 26272425 22232021 2e2f2c2d 2a2b2829 36373435 32333031 3e3f3c3d 3a3b3839
b300: c5c4c7c6 c1c0c3c2 cdcccfce c9c8cbca d5d4d7d6 d1d0d3d2 dddcdfde d9d8dbda
b308: e5e4e7e6 e1e0e3e2 edecefee e9e8ebea f5f4f7f6 f1f0f3f2 fdfcfffe f9f8fbfa
b310: 85848786 81808382 8d8c8f8e 89888b8a 95949796 91909392 9d9c9f9e 99989b9a
b318: a5a4a7a6 a1a0a3a2 adacafae a9a8abaa b5b4b7b6 b1b0b3b2 bdbcbfbe b9b8bbba
b320: 45444746 41404342 4d4c4f4e 49484b4a 55545756 51505352 5d5c5f5e 59585b5a
b328: 65646766 61606362 6d6c6f6e 69686b6a 75747776 71707372 7d7c7f7e 79787b7a
b330: 05040706 01000302 0d0c0f0e 09080b0a 15141716 11101312 1d1c1f1e 19181b1a
b338: 25242726 21202322 2d2c2f2e 29282b2a 35343736 31303332 3d3c3f3e 39383b3a
b340: c4c5c6c7 c0c1c2c3 cccdcecf c8c9cacb d4d5d6d7 d0d1d2d3 dcdddedf d8d9dadb
b348: e4e5e6e7 e0e1e2e3 ecedeeef e8e9eaeb f4f5f6f7 f0f1f2f3 fcfdfeff f8f9fafb
b350: 84858687 80818283 8c8d8e8f 88898a8b 94959697 90919293 9c9d9e9f 98999a9b
b358: a4a5a6a7 a0a1a2a3 acadaeaf a8a9aaab b4b5b6b7 b0b1b2b3 bcbdbebf b8b9babb
b360: 44454647 40414243 4c4d4e4f 48494a4b 54555657 50515253 5c5d5e5f 58595a5b
b368: 64656667 60616263 6c6d6e6f 68696a6b 74757677 70717273 7c7d7e7f 78797a7b
b370: 04050607 00010203 0c0d0e0f 08090a0b 14151617 10111213 1c1d1e1f 18191a1b
b378: 24252627 20212223 2c2d2e2f 28292a2b 34353637 30313233 3c3d3e3f 38393a3b
b380: cbcac9c8 cfcecdcc c3c2c1c0 c7c6c5c4 dbdad9d8 dfdedddc d3d2d1d0 d7d6d5d4
b388: ebeae9e8 efeeedec e3e2e1e0 e7e6e5e4 fbfaf9f8 fffefdfc f3f2f1f0 f7f6f5f4
b390: 8b8a8988 8f8e8d8c 83828180 87868584 9b9a9998 9f9e9d9c 93929190 97969594
b398: abaaa9a8 afaeadac a3a2a1a0 a7a6a5a4 bbbab9b8 bfbebdbc b3b2b1b0 b7b6b5b4
b3a0: 4b4a4948 4f4e4d4c 43424140 47464544 5b5a5958 5f5e5d5c 53525150 57565554
b3a8: 6b6a6968 6f6e6d6c 63626160 67666564 7b7a7978 7f7e7d7c 73727170 77767574
b3b0: 0b0a0908 0f0e0d0c 03020100 07060504 1b1a1918 1f1e1d1c 13121110 17161514
b3b8: 2b2a2928 2f2e2d2c 23222120 27262524 3b3a3938 3f3e3d3c 33323130 37363534
b3c0: cacbc8c9 cecfcccd c2c3c0c1 c6c7c4c5 dadbd8d9 dedfdcdd d2d3d0d1 d6d7d4d5
b3c8: eaebe8e9 eeefeced e2e3e0e1 e6e7e4e5 fafbf8f9 fefffcfd f2f3f0f1 f6f7f4f5
b3d0: 8a8b8889 8e8f8c8d 82838081 86878485 9a9b9899 9e9f9c9d 92939091 96979495
b3d8: aaaba8a9 aeafacad a2a3a0a1 a6a7a4a5 babbb8b9 bebfbcbd b2b3b0b1 b6b7b4b5
b3e0: 4a4b4849 4e4f4c4d 42434041 46474445 5a5b5859 5e5f5c5d 52535051 56575455
b3e8: 6a6b6869 6e6f6c6d 62636061 66676465 7a7b7879 7e7f7c7d 72737071 76777475
b3f0: 0a0b0809 0e0f0c0d 02030001 06070405 1a1b1819 1e1f1c1d 12131011 16171415
b3f8: 2a2b2829 2e2f2c2d 22232021 26272425 3a3b3839 3e3f3c3d 32333031 36373435
b400: c9c8cbca cdcccfce c1c0c3c2 c5c4c7c6 d9d8dbda dddcdfde d1d0d3d2 d5d4d7d6
b408: e9e8ebea edecefee e1e0e3e2 e5e4e7e6 f9f8fbfa fdfcfffe f1f0f3f2 f5f4f7f6
b410: 89888b8a 8d8c8f8e 81808382 85848786 99989b9a 9d9c9f9e 91909392 95949796
b418: a9a8abaa adacafae a1a0a3a2 a5a4a7a6 b9b8bbba bdbcbfbe b1b0b3b2 b5b4b7b6
b420: 49484b4a 4d4c4f4e 41404342 45444746 59585b5a 5d5c5f5e 51505352 55545756
b428: 69686b6a 6d6c6f6e 61606362 65646766 79787b7a 7d7c7f7e 71707372 75747776
b430: 09080b0a 0d0c0f0e 01000302 05040706 19181b1a 1d1c1f1e 11101312 15141716
b438: 29282b2a 2d2c2f2e 21202322 25242726 39383b3a 3d3c3f3e 31303332 35343736
b440: c8c9cacb cccdcecf c0c1c2c3 c4c5c6c7 d8d9dadb dcdddedf d0d1d2d3 d4d5d6d7
b448: e8e9eaeb ecedeeef e0e1e2e3 e4e5e6e7 f8f9fafb fcfdfeff f0f1f2f3 f4f5f6f7
b450: 88898a8b 8c8d8e8f 80818283 84858687 98999a9b 9c9d9e9f 90919293 94959697
b458: a8a9aaab acadaeaf a0a1a2a3 a4a5a6a7 b8b9babb bcbdbebf b0b1b2b3 b4b5b6b7
b460: 48494a4b 4c4d4e4f 40414243 44454647 58595a5b 5c5d5e5f 50515253 54555657
b468: 68696a6b 6c6d6e6f 60616263 64656667 78797a7b 7c7d7e7f 70717273 74757677
b470: 08090a0b 0c0d0e0f 00010203 04050607 18191a1b 1c1d1e1f 10111213 14151617
b478: 28292a2b 2c2d2e2f 20212223 24252627 38393a3b 3c3d3e3f 30313233 34353637
b480: cfcecdcc cbcac9c8 c7c6c5c4 c3c2c1c0 dfdedddc dbdad9d8 d7d6d5d4 d3d2d1d0
b488: efeeedec ebeae9e8 e7e6e5e4 e3e2e1e0 fffefdfc fbfaf9f8 f7f6f5f4 f3f2f1f0
b490: 8f8e8d8c 8b8a8988 87868584 83828180 9f9e9d9c 9b9a9998 97969594 93929190
b498: afaeadac abaaa9a8 a7a6a5a4 a3a2a1a0 bfbebdbc bbbab9b8 b7b6b5b4 b3b2b1b0
b4a0: 4f4e4d4c 4b4a4948 47464544 43424140 5f5e5d5c 5b5a5958 57565554 53525150
b4a8: 6f6e6d6c 6b6a6968 67666564 63626160 7f7e7d7c 7b7a7978 77767574 73727170
b4b0: 0f0e0d0c 0b0a0908 07060504 03020100 1f1e1d1c 1b1a1918 17161514 13121110
b4b8: 2f2e2d2c 2b2a2928 27262524 23222120 3f3e3d3c 3b3a3938 37363534 33323130
b4c0: cecfcccd cacbc8c9 c6c7c4c5 c2c3c0c1 dedfdcdd dadbd8d9 d6d7d4d5 d2d3d0d1
b4c8: eeefeced eaebe8e9 e6e7e4e5 e2e3e0e1 fefffcfd fafbf8f9 f6f7f4f5 f2f3f0f1
b4d0: 8e8f8c8d 8a8b8889 86878485 82838081 9e9f9c9d 9a9b9899 96979495 92939091
b4d8: aeafacad aaaba8a9 a6a7a4a5 a2a3a0a1 bebfbcbd babbb8b9 b6b7b4b5 b2b3b0b1
b4e0: 4e4f4c4d 4a4b4849 46474445 42434041 5e5f5c5d 5a5b5859 56575455 52535051
b4e8: 6e6f6c6d 6a6b6869 66676465 62636061 7e7f7c7d 7a7b7879 76777475 72737071
b4f0: 0e0f0c0d 0a0b0809 06070405 02030001 1e1f1c1d 1a1b1819 16171415 12131011
b4f8: 2e2f2c2d 2a2b2829 26272425 22232021 3e3f3c3d 3a3b3839 36373435 32333031
b500: cdcccfce c9c8cbca c5c4c7c6 c1c0c3c2 dddcdfde d9d8dbda d5d4d7d6 d1d0d3d2
b508: edecefee e9e8ebea e5e4e7e6 e1e0e3e2 fdfcfffe f9f8fbfa f5f4f7f6 f1f0f3f2
b510: 8d8c8f8e 89888b8a 85848786 81808382 9d9c9f9e 99989b9a 95949796 91909392
b518: adacafae a9a8abaa a5a4a7a6 a1a0a3a2 bdbcbfbe b9b8bbba b5b4b7b6 b1b0b3b2
b520: 4d4c4f4e 49484b4a 45444746 41404342 5d5c5f5e 59585b5a 55545756 51505352
b528: 6d6c6f6e 69686b6a 65646766 61606362 7d7c7f7e 79787b7a 75747776 71707372
b530: 0d0c0f0e 09080b0a 05040706 01000302 1d1c1f1e 19181b1a 15141716 11101312
b538: 2d2c2f2e 29282b2a 25242726 21202322 3d3c3f3e 39383b3a 35343736 31303332
b540: cccdcecf c8c9cacb c4c5c6c7 c0c1c2c3 dcdddedf d8d9dadb d4d5d6d7 d0d1d2d3
b548: ecedeeef e8e9eaeb e4e5e6e7 e0e1e2e3 fcfdfeff f8f9fafb f4f5f6f7 f0f1f2f3
b550: 8c8d8e8f 88898a8b 84858687 80818283 9c9d9e9f 98999a9b 94959697 90919293
b558: acadaeaf a8a9aaab a4a5a6a7 a0a1a2a3 bcbdbebf b8b9babb b4b5b6b7 b0b1b2b3
b560: 4c4d4e4f 48494a4b 44454647 40414243 5c5d5e5f 58595a5b 54555657 50515253
b568: 6c6d6e6f 68696a6b 64656667 60616263 7c7d7e7f 78797a7b 74757677 70717273
b570: 0c0d0e0f 08090a0b 04050607 00010203 1c1d1e1f 18191a1b 14151617 10111213
b578: 2c2d2e2f 28292a2b 24252627 20212223 3c3d3e3f 38393a3b 34353637 30313233
b580: d3d2d1d0 d7d6d5d4 dbdad9d8 dfdedddc c3c2c1c0 c7c6c5c4 cbcac9c8 cfcecdcc
b588: f3f2f1f0 f7f6f5f4 fbfaf9f8 fffefdfc e3e2e1e0 e7e6e5e4 ebeae9e8 efeeedec
b590: 93929190 97969594 9b9a9998 9f9e9d9c 83828180 87868584 8b8a8988 8f8e8d8c
b598: b3b2b1b0 b7b6b5b4 bbbab9b8 bfbebdbc a3a2a1a0 a7a6a5a4 abaaa9a8 afaeadac
b5a0: 53525150 57565554 5b5a5958 5f5e5d5c 43424140 47464544 4b4a4948 4f4e4d4c
b5a8: 73727170 77767574 7b7a7978 7f7e7d7c 63626160 67666564 6b6a6968 6f6e6d6c
b5b0: 13121110 17161514 1b1a1918 1f1e1d1c 03020100 07060504 0b0a0908 0f0e0d0c
b5b8: 33323130 37363534 3b3a3938 3f3e3d3c 23222120 27262524 2b2a2928 2f2e2d2c
b5c0: d2d3d0d1 d6d7d4d5 dadbd8d9 dedfdcdd c2c3c0c1 c6c7c4c5 cacbc8c9 cecfcccd
b5c8: f2f3f0f1 f6f7f4f5 fafbf8f9 fefffcfd e2e3e0e1 e6e7e4e5 eaebe8e9 eeefeced
b5d0: 92939091 96979495 9a9b9899 9e9f9c9d 82838081 86878485 8a8b8889 8e8f8c8d
b5d8: b2b3b0b1 b6b7b4b5 babbb8b9 bebfbcbd a2a3a0a1 a6a7a4a5 aaaba8a9 aeafacad
b5e0: 52535051 56575455 5a5b5859 5e5f5c5d 42434041 46474445 4a4b4849 4e4f4c4d
b5e8: 72737071 76777475 7a7b7879 7e7f7c7d 62636061 66676465 6a6b6869 6e6f6c6d
b5f0: 12131011 16171415 1a1b1819 1e1f1c1d 02030001 06070405 0a0b0809 0e0f0c0d
b5f8: 32333031 36373435 3a3b3839 3e3f3c3d 22232021 26272425 2a2b2829 2e2f2c2d
b600: d1d0d3d2 d5d4d7d6 d9d8dbda dddcdfde c1c0c3c2 c5c4c7c6 c9c8cbca cdcccfce
b608: f1f0f3f2 f5f4f7f6 f9f8fbfa fdfcfffe e1e0e3e2 e5e4e7e6 e9e8ebea edecefee
b610: 91909392 95949796 99989b9a 9d9c9f9e 81808382 85848786 89888b8a 8d8c8f8e
b618: b1b0b3b2 b5b4b7b6 b9b8bbba bdbcbfbe a1a0a3a2 a5a4a7a6 a9a8abaa adacafae
b620: 51505352 55545756 59585b5a 5d5c5f5e 41404342 45444746 49484b4a 4d4c4f4e
b628: 71707372 75747776 79787b7a 7d7c7f7e 61606362 65646766 69686b6a 6d6c6f6e
b630: 11101312 15141716 19181b1a 1d1c1f1e 01000302 05040706 09080b0a 0d0c0f0e
b638: 31303332 35343736 39383b3a 3d3c3f3e 21202322 25242726 29282b2a 2d2c2f2e
b640: d0d1d2d3 d4d5d6d7 d8d9dadb dcdddedf c0c1c2c3 c4c5c6c7 c8c9cacb cccdcecf
b648: f0f1f2f3 f4f5f6f7 f8f9fafb fcfdfeff e0e1e2e3 e4e5e6e7 e8e9eaeb ecedeeef
b650: 90919293 94959697 98999a9b 9c9d9e9f 80818283 84858687 88898a8b 8c8d8e8f
b658: b0b1b2b3 b4b5b6b7 b8b9babb bcbdbebf a0a1a2a3 a4a5a6a7 a8a9aaab acadaeaf
b660: 50515253 54555657 58595a5b 5c5d5e5f 40414243 44454647 48494a4b 4c4d4e4f
b668: 70717273 74757677 78797a7b 7c7d7e7f 60616263 64656667 68696a6b 6c6d6e6f
b670: 10111213 14151617 18191a1b 1c1d1e1f 00010203 04050607 08090a0b 0c0d0e0f
b678: 30313233 34353637 38393a3b 3c3d3e3f 20212223 24252627 28292a2b 2c2d2e2f
b680: d7d6d5d4 d3d2d1d0 dfdedddc dbdad9d8 c7c6c5c4 c3c2c1c0 cfcecdcc cbcac9c8
b688: f7f6f5f4 f3f2f1f0 fffefdfc fbfaf9f8 e7e6e5e4 e3e2e1e0 efeeedec ebeae9e8
b690: 97969594 93929190 9f9e9d9c 9b9a9998 87868584 83828180 8f8e8d8c 8b8a8988
b698: b7b6b5b4 b3b2b1b0 bfbebdbc bbbab9b8 a7a6a5a4 a3a2a1a0 afaeadac abaaa9a8
b6a0: 57565554 53525150 5f5e5d5c 5b5a5958 47464544 43424140 4f4e4d4c 4b4a4948
b6a8: 77767574 73727170 7f7e7d7c 7b7a7978 67666564 63626160 6f6e6d6c 6b6a6968
b6b0: 17161514 13121110 1f1e1d1c 1b1a1918 07060504 03020100 0f0e0d0c 0b0a0908
b6b8: 37363534 33323130 3f3e3d3c 3b3a3938 27262524 23222120 2f2e2d2c 2b2a2928
b6c0: d6d7d4d5 d2d3d0d1 dedfdcdd dadbd8d9 c6c7c4c5 c2c3c0c1 cecfcccd cacbc8c9
b6c8: f6f7f4f5 f2f3f0f1 fefffcfd fafbf8f9 e6e7e4e5 e2e3e0e1 eeefeced eaebe8e9
b6d0: 96979495 92939091 9e9f9c9d 9a9b9899 86878485 82838081 8e8f8c8d 8a8b8889
b6d8: b6b7b4b5 b2b3b0b1 bebfbcbd babbb8b9 a6a7a4a5 a2a3a0a1 aeafacad aaaba8a9
b6e0: 56575455 52535051 5e5f5c5d 5a5b5859 46474445 42434041 4e4f4c4d 4a4b4849
b6e8: 76777475 72737071 7e7f7c7d 7a7b7879 66676465 62636061 6e6f6c6d 6a6b6869
b6f0: 16171415 12131011 1e1f1c1d 1a1b1819 06070405 02030001 0e0f0c0d 0a0b0809
b6f8: 36373435 32333031 3e3f3c3d 3a3b3839 26272425 22232021 2e2f2c2d 2a2b2829
b700: d5d4d7d6 d1d0d3d2 dddcdfde d9d8dbda c5c4c7c6 c1c0c3c2 cdcccfce c9c8cbca
b708: f5f4f7f6 f1f0f3f2 fdfcfffe f9f8fbfa e5e4e7e6 e1e0e3e2 edecefee e9e8ebea
b710: 95949796 91909392 9d9c9f9e 99989b9a 85848786 81808382 8d8c8f8e 89888b8a
b718: b5b4b7b6 b1b0b3b2 bdbcbfbe b9b8bbba a5a4a7a6 a1a0a3a2 adacafae a9a8abaa
b720: 55545756 51505352 5d5c5f5e 59585b5a 45444746 41404342 4d4c4f4e 49484b4a
b728: 75747776 71707372 7d7c7f7e 79787b7a 65646766 61606362 6d6c6f6e 69686b6a
b730: 15141716 11101312 1d1c1f1e 19181b1a 05040706 01000302 0d0c0f0e 09080b0a
b738: 35343736 31303332 3d3c3f3e 39383b3a 25242726 21202322 2d2c2f2e 29282b2a
b740: d4d5d6d7 d0d1d2d3 dcdddedf d8d9dadb c4c5c6c7 c0c1c2c3 cccdcecf c8c9cacb
b748: f4f5f6f7 f0f1f2f3 fcfdfeff f8f9fafb e4e5e6e7 e0e1e2e3 ecedeeef e8e9eaeb
b750: 94959697 90919293 9c9d9e9f 98999a9b 84858687 80818283 8c8d8e8f 88898a8b
b758: b4b5b6b7 b0b1b2b3 bcbdbebf b8b9babb a4a5a6a7 a0a1a2a3 acadaeaf a8a9aaab
b760: 54555657 50515253 5c5d5e5f 58595a5b 44454647 40414243 4c4d4e4f 48494a4b
b768: 74757677 70717273 7c7d7e7f 78797a7b 64656667 60616263 6c6d6e6f 68696a6b
b770: 14151617 10111213 1c1d1e1f 18191a1b 04050607 00010203 0c0d0e0f 08090a0b
b778: 34353637 30313233 3c3d3e3f 38393a3b 24252627 20212223 2c2d2e2f 28292a2b
b780: dbdad9d8 dfdedddc d3d2d1d0 d7d6d5d4 cbcac9c8 cfcecdcc c3c2c1c0 c7c6c5c4
b788: fbfaf9f8 fffefdfc f3f2f1f0 f7f6f5f4 ebeae9e8 efeeedec e3e2e1e0 e7e6e5e4
b790: 9b9a9998 9f9e9d9c 93929190 97969594 8b8a8988 8f8e8d8c 83828180 87868584
b798: bbbab9b8 bfbebdbc b3b2b1b0 b7b6b5b4 abaaa9a8 afaeadac a3a2a1a0 a7a6a5a4
b7a0: 5b5a5958 5f5e5d5c 53525150 57565554 4b4a4948 4f4e4d4c 43424140 47464544
b7a8: 7b7a7978 7f7e7d7c 73727170 77767574 6b6a6968 6f6e6d6c 63626160 67666564
b7b0: 1b1a1918 1f1e1d1c 13121110 17161514 0b0a0908 0f0e0d0c 03020100 07060504
b7b8: 3b3a3938 3f3e3d3c 33323130 37363534 2b2a2928 2f2e2d2c 23222120 27262524
b7c0: dadbd8d9 dedfdcdd d2d3d0d1 d6d7d4d5 cacbc8c9 cecfcccd c2c3c0c1 c6c7c4c5
b7c8: fafbf8f9 fefffcfd f2f3f0f1 f6f7f4f5 eaebe8e9 eeefeced e2e3e0e1 e6e7e4e5
b7d0: 9a9b9899 9e9f9c9d 92939091 96979495 8a8b8889 8e8f8c8d 82838081 86878485
b7d8: babbb8b9 bebfbcbd b2b3b0b1 b6b7b4b5 aaaba8a9 aeafacad a2a3a0a1 a6a7a4a5
b7e0: 5a5b5859 5e5f5c5d 52535051 56575455 4a4b4849 4e4f4c4d 42434041 46474445
b7e8: 7a7b7879 7e7f7c7d 72737071 76777475 6a6b6869 6e6f6c6d 62636061 66676465
b7f0: 1a1b1819 1e1f1c1d 12131011 16171415 0a0b0809 0e0f0c0d 02030001 06070405
b7f8: 3a3b3839 3e3f3c3d 32333031 36373435 2a2b2829 2e2f2c2d 22232021 26272425
b800: d9d8dbda dddcdfde d1d0d3d2 d5d4d7d6 c9c8cbca cdcccfce c1c0c3c2 c5c4c7c6
b808: f9f8fbfa fdfcfffe f1f0f3f2 f5f4f7f6 e9e8ebea edecefee e1e0e3e2 e5e4e7e6
b810: 99989b9a 9d9c9f9e 91909392 95949796 89888b8a 8d8c8f8e 81808382 85848786
b818: b9b8bbba bdbcbfbe b1b0b3b2 b5b4b7b6 a9a8abaa adacafae a1a0a3a2 a5a4a7a6
b820: 59585b5a 5d5c5f5e 51505352 55545756 49484b4a 4d4c4f4e 41404342 45444746
b828: 79787b7a 7d7c7f7e 71707372 75747776 69686b6a 6d6c6f6e 61606362 65646766
b830: 19181b1a 1d1c1f1e 11101312 15141716 09080b0a 0d0c0f0e 01000302 05040706
b838: 39383b3a 3d3c3f3e 31303332 35343736 29282b2a 2d2c2f2e 21202322 25242726
b840: d8d9dadb dcdddedf d0d1d2d3 d4d5d6d7 c8c9cacb cccdcecf c0c1c2c3 c4c5c6c7
b848: f8f9fafb fcfdfeff f0f1f2f3 f4f5f6f7 e8e9eaeb ecedeeef e0e1e2e3 e4e5e6e7
b850: 98999a9b 9c9d9e9f 90919293 94959697 88898a8b 8c8d8e8f 80818283 84858687
b858: b8b9babb bcbdbebf b0b1b2b3 b4b5b6b7 a8a9aaab acadaeaf a0a1a2a3 a4a5a6a7
b860: 58595a5b 5c5d5e5f 50515253 54555657 48494a4b 4c4d4e4f 40414243 44454647
b868: 78797a7b 7c7d7e7f 70717273 74757677 68696a6b 6c6d6e6f 60616263 64656667
b870: 18191a1b 1c1d1e1f 10111213 14151617 08090a0b 0c0d0e0f 00010203 04050607
b878: 38393a3b 3c3d3e3f 30313233 34353637 28292a2b 2c2d2e2f 20212223 24252627
b880: dfdedddc dbdad9d8 d7d6d5d4 d3d2d1d0 cfcecdcc cbcac9c8 c7c6c5c4 c3c2c1c0
b888: fffefdfc fbfaf9f8 f7f6f5f4 f3f2f1f0 efeeedec ebeae9e8 e7e6e5e4 e3e2e1e0
b890: 9f9e9d9c 9b9a9998 97969594 93929190 8f8e8d8c 8b8a8988 87868584 83828180
b898: bfbebdbc bbbab9b8 b7b6b5b4 b3b2b1b0 afaeadac abaaa9a8 a7a6a5a4 a3a2a1a0
b8a0: 5f5e5d5c 5b5a5958 57565554 53525150 4f4e4d4c 4b4a4948 47464544 43424140
b8a8: 7f7e7d7c 7b7a7978 77767574 73727170 6f6e6d6c 6b6a6968 67666564 63626160
b8b0: 1f1e1d1c 1b1a1918 17161514 13121110 0f0e0d0c 0b0a0908 07060504 03020100
b8b8: 3f3e3d3c 3b3a3938 37363534 33323130 2f2e2d2c 2b2a2928 27262524 23222120
b8c0: dedfdcdd dadbd8d9 d6d7d4d5 d2d3d0d1 cecfcccd cacbc8c9 c6c7c4c5 c2c3c0c1
b8c8: fefffcfd fafbf8f9 f6f7f4f5 f2f3f0f1 eeefeced eaebe8e9 e6e7e4e5 e2e3e0e1
b8d0: 9e9f9c9d 9a9b9899 96979495 92939091 8e8f8c8d 8a8b8889 86878485 82838081
b8d8: bebfbcbd babbb8b9 b6b7b4b5 b2b3b0b1 aeafacad aaaba8a9 a6a7a4a5 a2a3a0a1
b8e0: 5e5f5c5d 5a5b5859 56575455 52535051 4e4f4c4d 4a4b4849 46474445 42434041
b8e8: 7e7f7c7d 7a7b7879 76777475 72737071 6e6f6c6d 6a6b6869 66676465 62636061
b8f0: 1e1f1c1d 1a1b1819 16171415 12131011 0e0f0c0d 0a0b0809 06070405 02030001
b8f8: 3e3f3c3d 3a3b3839 36373435 32333031 2e2f2c2d 2a2b2829 26272425 22232021
b900: dddcdfde d9d8dbda d5d4d7d6 d1d0d3d2 cdcccfce c9c8cbca c5c4c7c6 c1c0c3c2
b908: fdfcfffe f9f8fbfa f5f4f7f6 f1f0f3f2 edecefee e9e8ebea e5e4e7e6 e1e0e3e2
b910: 9d9c9f9e 99989b9a 95949796 91909392 8d8c8f8e 89888b8a 85848786 81808382
b918: bdbcbfbe b9b8bbba b5b4b7b6 b1b0b3b2 adacafae a9a8abaa a5a4a7a6 a1a0a3a2
b920: 5d5c5f5e 59585b5a 55545756 51505352 4d4c4f4e 49484b4a 45444746 41404342
b928: 7d7c7f7e 79787b7a 75747776 71707372 6d6c6f6e 69686b6a 65646766 61606362
b930: 1d1c1f1e 19181b1a 15141716 11101312 0d0c0f0e 09080b0a 05040706 01000302
b938: 3d3c3f3e 39383b3a 35343736 31303332 2d2c2f2e 29282b2a 25242726 21202322
b940: dcdddedf d8d9dadb d4d5d6d7 d0d1d2d3 cccdcecf c8c9cacb c4c5c6c7 c0c1c2c3
b948: fcfdfeff f8f9fafb f4f5f6f7 f0f1f2f3 ecedeeef e8e9eaeb e4e5e6e7 e0e1e2e3
b950: 9c9d9e9f 98999a9b 94959697 90919293 8c8d8e8f 88898a8b 84858687 80818283
b958: bcbdbebf b8b9babb b4b5b6b7 b0b1b2b3 acadaeaf a8a9aaab a4a5a6a7 a0a1a2a3
b960: 5c5d5e5f 58595a5b 54555657 50515253 4c4d4e4f 48494a4b 44454647 40414243
b968: 7c7d7e7f 78797a7b 74757677 70717273 6c6d6e6f 68696a6b 64656667 60616263
b970: 1c1d1e1f 18191a1b 14151617 10111213 0c0d0e0f 08090a0b 04050607 00010203
b978: 3c3d3e3f 38393a3b 34353637 30313233 2c2d2e2f 28292a2b 24252627 20212223
b980: e3e2e1e0 e7e6e5e4 ebeae9e8 efeeedec f3f2f1f0 f7f6f5f4 fbfaf9f8 fffefdfc
b988: c3c2c1c0 c7c6c5c4 cbcac9c8 cfcecdcc d3d2d1d0 d7d6d5d4 dbdad9d8 dfdedddc
b990: a3a2a1a0 a7a6a5a4 abaaa9a8 afaeadac b3b2b1b0 b7b6b5b4 bbbab9b8 bfbebdbc
b998: 83828180 87868584 8b8a8988 8f8e8d8c 93929190 97969594 9b9a9998 9f9e9d9c
b9a0: 63626160 67666564 6b6a6968 6f6e6d6c 73727170 77767574 7b7a7978 7f7e7d7c
b9a8: 43424140 47464544 4b4a4948 4f4e4d4c 53525150 57565554 5b5a5958 5f5e5d5c
b9b0: 23222120 27262524 2b2a2928 2f2e2d2c 33323130 37363534 3b3a3938 3f3e3d3c
b9b8: 03020100 07060504 0b0a0908 0f0e0d0c 13121110 17161514 1b1a1918 1f1e1d1c
b9c0: e2e3e0e1 e6e7e4e5 eaebe8e9 eeefeced f2f3f0f1 f6f7f4f5 fafbf8f9 fefffcfd
b9c8: c2c3c0c1 c6c7c4c5 cacbc8c9 cecfcccd d2d3d0d1 d6d7d4d5 dadbd8d9 dedfdcdd
b9d0: a2a3a0a1 a6a7a4a5 aaaba8a9 aeafacad b2b3b0b1 b6b7b4b5 babbb8b9 bebfbcbd
b9d8: 82838081 86878485 8a8b8889 8e8f8c8d 92939091 96979495 9a9b9899 9e9f9c9d
b9e0: 62636061 66676465 6a6b6869 6e6f6c6d 72737071 76777475 7a7b7879 7e7f7c7d
b9e8: 42434041 46474445 4a4b4849 4e4f4c4d 52535051 56575455 5a5b5859 5e5f5c5d
b9f0: 22232021 26272425 2a2b2829 2e2f2c2d 32333031 36373435 3a3b3839 3e3f3c3d
b9f8: 02030001 06070405 0a0b0809 0e0f0c0d 12131011 16171415 1a1b1819 1e1f1c1d
ba00: e1e0e3e2 e5e4e7e6 e9e8ebea edecefee f1f0f3f2 f5f4f7f6 f9f8fbfa fdfcfffe
ba08: c1c0c3c2 c5c4c7c6 c9c8cbca cdcccfce d1d0d3d2 d5d4d7d6 d9d8dbda dddcdfde
ba10: a1a0a3a2 a5a4a7a6 a9a8abaa adacafae b1b0b3b2 b5b4b7b6 b9b8bbba bdbcbfbe
ba18: 81808382 85848786 89888b8a 8d8c8f8e 91909392 95949796 99989b9a 9d9c9f9e
ba20: 61606362 65646766 69686b6a 6d6c6f6e 71707372 75747776 79787b7a 7d7c7f7e
ba28: 41404342 45444746 49484b4a 4d4c4f4e 51505352 55545756 59585b5a 5d5c5f5e
ba30: 21202322 25242726 29282b2a 2d2c2f2e 31303332 35343736 39383b3a 3d3c3f3e
ba38: 01000302 05040706 09080b0a 0d0c0f0e 11101312 15141716 19181b1a 1d1c1f1e
ba40: e0e1e2e3 e4e5e6e7 e8e9eaeb ecedeeef f0f1f2f3 f4f5f6f7 f8f9fafb fcfdfeff
ba48: c0c1c2c3 c4c5c6c7 c8c9cacb cccdcecf d0d1d2d3 d4d5d6d7 d8d9dadb dcdddedf
ba50: a0a1a2a3 a4a5a6a7 a8a9aaab acadaeaf b0b1b2b3 b4b5b6b7 b8b9babb bcbdbebf
ba58: 80818283 84858687 88898a8b 8c8d8e8f 90919293 94959697 98999a9b 9c9d9e9f
ba60: 60616263 64656667 68696a6b 6c6d6e6f 70717273 74757677 78797a7b 7c7d7e7f
ba68: 40414243 44454647 48494a4b 4c4d4e4f 50515253 54555657 58595a5b 5c5d5e5f
ba70: 20212223 24252627 28292a2b 2c2d2e2f 30313233 34353637 38393a3b 3c3d3e3f
ba78: 00010203 04050607 08090a0b 0c0d0e0f 10111213 14151617 18191a1b 1c1d1e1f
ba80: e7e6e5e4 e3e2e1e0 efeeedec ebeae9e8 f7f6f5f4 f3f2f1f0 fffefdfc fbfaf9f8
ba88: c7c6c5c4 c3c2c1c0 cfcecdcc cbcac9c8 d7d6d5d4 d3d2d1d0 dfdedddc dbdad9d8
ba90: a7a6a5a4 a3a2a1a0 afaeadac abaaa9a8 b7b6b5b4 b3b2b1b0 bfbebdbc bbbab9b8
ba98: 87868584 83828180 8f8e8d8c 8b8a8988 97969594 93929190 9f9e9d9c 9b9a9998
baa0: 67666564 63626160 6f6e6d6c 6b6a6968 77767574 73727170 7f7e7d7c 7b7a7978
baa8: 47464544 43424140 4f4e4d4c 4b4a4948 57565554 53525150 5f5e5d5c 5b5a5958
bab0: 27262524 23222120 2f2e2d2c 2b2a2928 37363534 33323130 3f3e3d3c 3b3a3938
bab8: 07060504 03020100 0f0e0d0c 0b0a0908 17161514 13121110 1f1e1d1c 1b1a1918
bac0: e6e7e4e5 e2e3e0e1 eeefeced eaebe8e9 f6f7f4f5 f2f3f0f1 fefffcfd fafbf8f9
bac8: c6c7c4c5 c2c3c0c1 cecfcccd cacbc8c9 d6d7d4d5 d2d3d0d1 dedfdcdd dadbd8d9
bad0: a6a7a4a5 a2a3a0a1 aeafacad aaaba8a9 b6b7b4b5 b2b3b0b1 bebfbcbd babbb8b9
bad8: 86878485 82838081 8e8f8c8d 8a8b8889 96979495 92939091 9e9f9c9d 9a9b9899
bae0: 66676465 62636061 6e6f6c6d 6a6b6869 76777475 72737071 7e7f7c7d 7a7b7879
bae8: 46474445 42434041 4e4f4c4d 4a4b4849 56575455 52535051 5e5f5c5d 5a5b5859
baf0: 26272425 22232021 2e2f2c2d 2a2b2829 36373435 32333031 3e3f3c3d 3a3b3839
baf8: 06070405 02030001 0e0f0c0d 0a0b0809 16171415 12131011 1e1f1c1d 1a1b1819
bb00: e5e4e7e6 e1e0e3e2 edecefee e9e8ebea f5f4f7f6 f1f0f3f2 fdfcfffe f9f8fbfa
bb08: c5c4c7c6 c1c0c3c2 cdcccfce c9c8cbca d5d4d7d6 d1d0d3d2 dddcdfde d9d8dbda
bb10: a5a4a7a6 a1a0a3a2 adacafae a9a8abaa b5b4b7b6 b1b0b3b2 bdbcbfbe b9b8bbba
bb18: 85848786 81808382 8d8c8f8e 89888b8a 95949796 91909392 9d9c9f9e 99989b9a
bb20: 65646766 61606362 6d6c6f6e 69686b6a 75747776 71707372 7d7c7f7e 79787b7a
bb28: 45444746 41404342 4d4c4f4e 49484b4a 55545756 51505352 5d5c5f5e 59585b5a
bb30: 25242726 21202322 2d2c2f2e 29282b2a 35343736 31303332 3d3c3f3e 39383b3a
bb38: 05040706 01000302 0d0c0f0e 09080b0a 15141716 11101312 1d1c1f1e 19181b1a
bb40: e4e5e6e7 e0e1e2e3 ecedeeef e8e9eaeb f4f5f6f7 f0f1f2f3 fcfdfeff f8f9fafb
bb48: c4c5c6c7 c0c1c2c3 cccdcecf c8c9cacb d4d5d6d7 d0d1d2d3 dcdddedf d8d9dadb
bb50: a4a5a6a7 a0a1a2a3 acadaeaf a8a9aaab b4b5b6b7 b0b1b2b3 bcbdbebf b8b9babb
bb58: 84858687 80818283 8c8d8e8f 88898a8b 94959697 90919293 9c9d9e9f 98999a9b
bb60: 64656667 60616263 6c6d6e6f 68696a6b 74757677 70717273 7c7d7e7f 78797a7b
bb68: 44454647 40414243 4c4d4e4f 48494a4b 54555657 50515253 5c5d5e5f 58595a5b
bb70: 24252627 20212223 2c2d2e2f 28292a2b 34353637 30313233 3c3d3e3f 38393a3b
bb78: 04050607 00010203 0c0d0e0f 08090a0b 14151617 10111213 1c1d1e1f 18191a1b
bb80: ebeae9e8 efeeedec e3e2e1e0 e7e6e5e4 fbfaf9f8 fffefdfc f3f2f1f0 f7f6f5f4
bb88: cbcac9c8 cfcecdcc c3c2c1c0 c7c6c5c4 dbdad9d8 dfdedddc d3d2d1d0 d7d6d5d4
bb90: abaaa9a8 afaeadac a3a2a1a0 a7a6a5a4 bbbab9b8 bfbebdbc b3b2b1b0 b7b6b5b4
bb98: 8b8a8988 8f8e8d8c 83828180 87868584 9b9a9998 9f9e9d9c 93929190 97969594
bba0: 6b6a6968 6f6e6d6c 63626160 67666564 7b7a7978 7f7e7d7c 73727170 77767574
bba8: 4b4a4948 4f4e4d4c 43424140 47464544 5b5a5958 5f5e5d5c 53525150 57565554
bbb0: 2b2a2928 2f2e2d2c 23222120 27262524 3b3a3938 3f3e3d3c 33323130 37363534
bbb8: 0b0a0908 0f0e0d0c 03020100 07060504 1b1a1918 1f1e1d1c 13121110 17161514
bbc0: eaebe8e9 eeefeced e2e3e0e1 e6e7e4e5 fafbf8f9 fefffcfd f2f3f0f1 f6f7f4f5
bbc8: cacbc8c9 cecfcccd c2c3c0c1 c6c7c4c5 dadbd8d9 dedfdcdd d2d3d0d1 d6d7d4d5
bbd0: aaaba8a9 aeafacad a2a3a0a1 a6a7a4a5 babbb8b9 bebfbcbd b2b3b0b1 b6b7b4b5
bbd8: 8a8b8889 8e8f8c8d 82838081 86878485 9a9b9899 9e9f9c9d 92939091 96979495
bbe0: 6a6b6869 6e6f6c6d 62636061 66676465 7a7b7879 7e7f7c7d 72737071 76777475
bbe8: 4a4b4849 4e4f4c4d 42434041 46474445 5a5b5859 5e5f5c5d 52535051 56575455
bbf0: 2a2b2829 2e2f2c2d 22232021 26272425 3a3b3839 3e3f3c3d 32333031 36373435
bbf8: 0a0b0809 0e0f0c0d 02030001 06070405 1a1b1819 1e1f1c1d 12131011 16171415
bc00: e9e8ebea edecefee e1e0e3e2 e5e4e7e6 f9f8fbfa fdfcfffe f1f0f3f2 f5f4f7f6
bc08: c9c8cbca cdcccfce c1c0c3c2 c5c4c7c6 d9d8dbda dddcdfde d1d0d3d2 d5d4d7d6
bc10: a9a8abaa adacafae a1a0a3a2 a5a4a7a6 b9b8bbba bdbcbfbe b1b0b3b2 b5b4b7b6
bc18: 89888b8a 8d8c8f8e 81808382 85848786 99989b9a 9d9c9f9e 91909392 95949796
bc20: 69686b6a 6d6c6f6e 61606362 65646766 79787b7a 7d7c7f7e 71707372 75747776
bc28: 49484b4a 4d4c4f4e 41404342 45444746 59585b5a 5d5c5f5e 51505352 55545756
bc30: 29282b2a 2d2c2f2e 21202322 25242726 39383b3a 3d3c3f3e 31303332 35343736
bc38: 09080b0a 0d0c0f0e 01000302 05040706 19181b1a 1d1c1f1e 11101312 15141716
bc40: e8e9eaeb ecedeeef e0e1e2e3 e4e5e6e7 f8f9fafb fcfdfeff f0f1f2f3 f4f5f6f7
bc48: c8c9cacb cccdcecf c0c1c2c3 c4c5c6c7 d8d9dadb dcdddedf d0d1d2d3 d4d5d6d7
bc50: a8a9aaab acadaeaf a0a1a2a3 a4a5a6a7 b8b9babb bcbdbebf b0b1b2b3 b4b5b6b7
bc58: 88898a8b 8c8d8e8f 80818283 84858687 98999a9b 9c9d9e9f 90919293 94959697
bc60: 68696a6b 6c6d6e6f 60616263 64656667 78797a7b 7c7d7e7f 70717273 74757677
bc68: 48494a4b 4c4d4e4f 40414243 44454647 58595a5b 5c5d5e5f 50515253 54555657
bc70: 28292a2b 2c2d2e2f 20212223 24252627 38393a3b 3c3d3e3f 30313233 34353637
bc78: 08090a0b 0c0d0e0f 00010203 04050607 18191a1b 1c1d1e1f 10111213 14151617
bc80: efeeedec ebeae9e8 e7e6e5e4 e3e2e1e0 fffefdfc fbfaf9f8 f7f6f5f4 f3f2f1f0
bc88: cfcecdcc cbcac9c8 c7c6c5c4 c3c2c1c0 dfdedddc dbdad9d8 d7d6d5d4 d3d2d1d0
bc90: afaeadac abaaa9a8 a7a6a5a4 a3a2a1a0 bfbebdbc bbbab9b8 b7b6b5b4 b3b2b1b0
bc98: 8f8e8d8c 8b8a8988 87868584 83828180 9f9e9d9c 9b9a9998 97969594 93929190
bca0: 6f6e6d6c 6b6a6968 67666564 63626160 7f7e7d7c 7b7a7978 77767574 73727170
bca8: 4f4e4d4c 4b4a4948 47464544 43424140 5f5e5d5c 5b5a5958 57565554 53525150
bcb0: 2f2e2d2c 2b2a2928 27262524 23222120 3f3e3d3c 3b3a3938 37363534 33323130
bcb8: 0f0e0d0c 0b0a0908 07060504 03020100 1f1e1d1c 1b1a1918 17161514 13121110
bcc0: eeefeced eaebe8e9 e6e7e4e5 e2e3e0e1 fefffcfd fafbf8f9 f6f7f4f5 f2f3f0f1
bcc8: cecfcccd cacbc8c9 c6c7c4c5 c2c3c0c1 dedfdcdd dadbd8d9 d6d7d4d5 d2d3d0d1
bcd0: aeafacad aaaba8a9 a6a7a4a5 a2a3a0a1 bebfbcbd babbb8b9 b6b7b4b5 b2b3b0b1
bcd8: 8e8f8c8d 8a8b8889 86878485 82838081 9e9f9c9d 9a9b9899 96979495 92939091
bce0: 6e6f6c6d 6a6b6869 66676465 62636061 7e7f7c7d 7a7b7879 76777475 72737071
bce8: 4e4f4c4d 4a4b4849 46474445 42434041 5e5f5c5d 5a5b5859 56575455 52535051
bcf0: 2e2f2c2d 2a2b2829 26272425 22232021 3e3f3c3d 3a3b3839 36373435 32333031
bcf8: 0e0f0c0d 0a0b0809 06070405 02030001 1e1f1c1d 1a1b1819 16171415 12131011
bd00: edecefee e9e8ebea e5e4e7e6 e1e0e3e2 fdfcfffe f9f8fbfa f5f4f7f6 f1f0f3f2
bd08: cdcccfce c9c8cbca c5c4c7c6 c1c0c3c2 dddcdfde d9d8dbda d5d4d7d6 d1d0d3d2
bd10: adacafae a9a8abaa a5a4a7a6 a1a0a3a2 bdbcbfbe b9b8bbba b5b4b7b6 b1b0b3b2
bd18: 8d8c8f8e 89888b8a 85848786 81808382 9d9c9f9e 99989b9a 95949796 91909392
bd20: 6d6c6f6e 69686b6a 65646766 61606362 7d7c7f7e 79787b7a 75747776 71707372
bd28: 4d4c4f4e 49484b4a 45444746 41404342 5d5c5f5e 59585b5a 55545756 51505352
bd30: 2d2c2f2e 29282b2a 25242726 21202322 3d3c3f3e 39383b3a 35343736 31303332
bd38: 0d0c0f0e 09080b0a 05040706 01000302 1d1c1f1e 19181b1a 15141716 11101312
bd40: ecedeeef e8e9eaeb e4e5e6e7 e0e1e2e3 fcfdfeff f8f9fafb f4f5f6f7 f0f1f2f3
bd48: cccdcecf c8c9cacb c4c5c6c7 c0c1c2c3 dcdddedf d8d9dadb d4d5d6d7 d0d1d2d3
bd50: acadaeaf a8a9aaab a4a5a6a7 a0a1a2a3 bcbdbebf b8b9babb b4b5b6b7 b0b1b2b3
bd58: 8c8d8e8f 88898a8b 84858687 80818283 9c9d9e9f 98999a9b 94959697 90919293
bd60: 6c6d6e6f 68696a6b 64656667 60616263 7c7d7e7f 78797a7b 74757677 70717273
bd68: 4c4d4e4f 48494a4b 44454647 40414243 5c5d5e5f 58595a5b 54555657 50515253
bd70: 2c2d2e2f 28292a2b 24252627 20212223 3c3d3e3f 38393a3b 34353637 30313233
bd78: 0c0d0e0f 08090a0b 04050607 00010203 1c1d1e1f 18191a1b 14151617 10111213
bd80: f3f2f1f0 f7f6f5f4 fbfaf9f8 fffefdfc e3e2e1e0 e7e6e5e4 ebeae9e8 efeeedec
bd88: d3d2d1d0 d7d6d5d4 dbdad9d8 dfdedddc c3c2c1c0 c7c6c5c4 cbcac9c8 cfcecdcc
bd90: b3b2b1b0 b7b6b5b4 bbbab9b8 bfbebdbc a3a2a1a0 a7a6a5a4 abaaa9a8 afaeadac
bd98: 93929190 97969594 9b9a9998 9f9e9d9c 83828180 87868584 8b8a8988 8f8e8d8c
bda0: 73727170 77767574 7b7a7978 7f7e7d7c 63626160 67666564 6b6a6968 6f6e6d6c
bda8: 53525150 57565554 5b5a5958 5f5e5d5c 43424140 47464544 4b4a4948 4f4e4d4c
bdb0: 33323130 37363534 3b3a3938 3f3e3d3c 23222120 27262524 2b2a2928 2f2e2d2c
bdb8: 13121110 17161514 1b1a1918 1f1e1d1c 03020100 07060504 0b0a0908 0f0e0d0c
bdc0: f2f3f0f1 f6f7f4f5 fafbf8f9 fefffcfd e2e3e0e1 e6e7e4e5 eaebe8e9 eeefeced
bdc8: d2d3d0d1 d6d7d4d5 dadbd8d9 dedfdcdd c2c3c0c1 c6c7c4c5 cacbc8c9 cecfcccd
bdd0: b2b3b0b1 b6b7b4b5 babbb8b9 bebfbcbd a2a3a0a1 a6a7a4a5 aaaba8a9 aeafacad
bdd8: 92939091 96979495 9a9b9899 9e9f9c9d 82838081 86878485 8a8b8889 8e8f8c8d
bde0: 72737071 76777475 7a7b7879 7e7f7c7d 62636061 66676465 6a6b6869 6e6f6c6d
bde8: 52535051 56575455 5a5b5859 5e5f5c5d 42434041 46474445 4a4b4849 4e4f4c4d
bdf0: 32333031 36373435 3a3b3839 3e3f3c3d 22232021 26272425 2a2b2829 2e2f2c2d
bdf8: 12131011 16171415 1a1b1819 1e1f1c1d 02030001 06070405 0a0b0809 0e0f0c0d
be00: f1f0f3f2 f5f4f7f6 f9f8fbfa fdfcfffe e1e0e3e2 e5e4e7e6 e9e8ebea edecefee
be08: d1d0d3d2 d5d4d7d6 d9d8dbda dddcdfde c1c0c3c2 c5c4c7c6 c9c8cbca cdcccfce
be10: b1b0b3b2 b5b4b7b6 b9b8bbba bdbcbfbe a1a0a3a2 a5a4a7a6 a9a8abaa adacafae
be18: 91909392 95949796 99989b9a 9d9c9f9e 81808382 85848786 89888b8a 8d8c8f8e
be20: 71707372 75747776 79787b7a 7d7c7f7e 61606362 65646766 69686b6a 6d6c6f6e
be28: 51505352 55545756 59585b5a 5d5c5f5e 41404342 45444746 49484b4a 4d4c4f4e
be30: 31303332 35343736 39383b3a 3d3c3f3e 21202322 25242726 29282b2a 2d2c2f2e
be38: 11101312 15141716 19181b1a 1d1c1f1e 01000302 05040706 09080b0a 0d0c0f0e
be40: f0f1f2f3 f4f5f6f7 f8f9fafb fcfdfeff e0e1e2e3 e4e5e6e7 e8e9eaeb ecedeeef
be48: d0d1d2d3 d4d5d6d7 d8d9dadb dcdddedf c0c1c2c3 c4c5c6c7 c8c9cacb cccdcecf
be50: b0b1b2b3 b4b5b6b7 b8b9babb bcbdbebf a0a1a2a3 a4a5a6a7 a8a9aaab acadaeaf
be58: 90919293 94959697 98999a9b 9c9d9e9f 80818283 84858687 88898a8b 8c8d8e8f
be60: 70717273 74757677 78797a7b 7c7d7e7f 60616263 64656667 68696a6b 6c6d6e6f
be68: 50515253 54555657 58595a5b 5c5d5e5f 40414243 44454647 48494a4b 4c4d4e4f
be70: 30313233 34353637 38393a3b 3c3d3e3f 20212223 24252627 28292a2b 2c2d2e2f
be78: 10111213 14151617 18191a1b 1c1d1e1f 00010203 04050607 08090a0b 0c0d0e0f
be80: f7f6f5f4 f3f2f1f0 fffefdfc fbfaf9f8 e7e6e5e4 e3e2e1e0 efeeedec ebeae9e8
be88: d7d6d5d4 d3d2d1d0 dfdedddc dbdad9d8 c7c6c5c4 c3c2c1c0 cfcecdcc cbcac9c8
be90: b7b6b5b4 b3b2b1b0 bfbebdbc bbbab9b8 a7a6a5a4 a3a2a1a0 afaeadac abaaa9a8
be98: 97969594 93929190 9f9e9d9c 9b9a9998 87868584 83828180 8f8e8d8c 8b8a8988
bea0: 77767574 73727170 7f7e7d7c 7b7a7978 67666564 63626160 6f6e6d6c 6b6a6968
bea8: 57565554 53525150 5f5e5d5c 5b5a5958 47464544 43424140 4f4e4d4c 4b4a4948
beb0: 37363534 33323130 3f3e3d3c 3b3a3938 27262524 23222120 2f2e2d2c 2b2a2928
beb8: 17161514 13121110 1f1e1d1c 1b1a1918 07060504 03020100 0f0e0d0c 0b0a0908
bec0: f6f7f4f5 f2f3f0f1 fefffcfd fafbf8f9 e6e7e4e5 e2e3e0e1 eeefeced eaebe8e9
bec8: d6d7d4d5 d2d3d0d1 dedfdcdd dadbd8d9 c6c7c4c5 c2c3c0c1 cecfcccd cacbc8c9
bed0: b6b7b4b5 b2b3b0b1 bebfbcbd babbb8b9 a6a7a4a5 a2a3a0a1 aeafacad aaaba8a9
bed8: 96979495 92939091 9e9f9c9d 9a9b9899 86878485 82838081 8e8f8c8d 8a8b8889
bee0: 76777475 72737071 7e7f7c7d 7a7b7879 66676465 62636061 6e6f6c6d 6a6b6869
bee8: 56575455 52535051 5e5f5c5d 5a5b5859 46474445 42434041 4e4f4c4d 4a4b4849
bef0: 36373435 32333031 3e3f3c3d 3a3b3839 26272425 22232021 2e2f2c2d 2a2b2829
bef8: 16171415 12131011 1e1f1c1d 1a1b1819 06070405 02030001 0e0f0c0d 0a0b0809
bf00: f5f4f7f6 f1f0f3f2 fdfcfffe f9f8fbfa e5e4e7e6 e1e0e3e2 edecefee e9e8ebea
bf08: d5d4d7d6 d1d0d3d2 dddcdfde d9d8dbda c5c4c7c6 c1c0c3c2 cdcccfce c9c8cbca
bf10: b5b4b7b6 b1b0b3b2 bdbcbfbe b9b8bbba a5a4a7a6 a1a0a3a2 adacafae a9a8abaa
bf18: 95949796 91909392 9d9c9f9e 99989b9a 85848786 81808382 8d8c8f8e 89888b8a
bf20: 75747776 71707372 7d7c7f7e 79787b7a 65646766 61606362 6d6c6f6e 69686b6a
bf28: 55545756 51505352 5d5c5f5e 59585b5a 45444746 41404342 4d4c4f4e 49484b4a
bf30: 35343736 31303332 3d3c3f3e 39383b3a 25242726 21202322 2d2c2f2e 29282b2a
bf38: 15141716 11101312 1d1c1f1e 19181b1a 05040706 01000302 0d0c0f0e 09080b0a
bf40: f4f5f6f7 f0f1f2f3 fcfdfeff f8f9fafb e4e5e6e7 e0e1e2e3 ecedeeef e8e9eaeb
bf48: d4d5d6d7 d0d1d2d3 dcdddedf d8d9dadb c4c5c6c7 c0c1c2c3 cccdcecf c8c9cacb
bf50: b4b5b6b7 b0b1b2b3 bcbdbebf b8b9babb a4a5a6a7 a0a1a2a3 acadaeaf a8a9aaab
bf58: 94959697 90919293 9c9d9e9f 98999a9b 84858687 80818283 8c8d8e8f 88898a8b
bf60: 74757677 70717273 7c7d7e7f 78797a7b 64656667 60616263 6c6d6e6f 68696a6b
bf68: 54555657 50515253 5c5d5e5f 58595a5b 44454647 40414243 4c4d4e4f 48494a4b
bf70: 34353637 30313233 3c3d3e3f 38393a3b 24252627 20212223 2c2d2e2f 28292a2b
bf78: 14151617 10111213 1c1d1e1f 18191a1b 04050607 00010203 0c0d0e0f 08090a0b
bf80: fbfaf9f8 fffefdfc f3f2f1f0 f7f6f5f4 ebeae9e8 efeeedec e3e2e1e0 e7e6e5e4
bf88: dbdad9d8 dfdedddc d3d2d1d0 d7d6d5d4 cbcac9c8 cfcecdcc c3c2c1c0 c7c6c5c4
bf90: bbbab9b8 bfbebdbc b3b2b1b0 b7b6b5b4 abaaa9a8 afaeadac a3a2a1a0 a7a6a5a4
bf98: 9b9a9998 9f9e9d9c 93929190 97969594 8b8a8988 8f8e8d8c 83828180 87868584
bfa0: 7b7a7978 7f7e7d7c 73727170 77767574 6b6a6968 6f6e6d6c 63626160 67666564
bfa8: 5b5a5958 5f5e5d5c 53525150 57565554 4b4a4948 4f4e4d4c 43424140 47464544
bfb0: 3b3a3938 3f3e3d3c 33323130 37363534 2b2a2928 2f2e2d2c 23222120 27262524
bfb8: 1b1a1918 1f1e1d1c 13121110 17161514 0b0a0908 0f0e0d0c 03020100 07060504
bfc0: fafbf8f9 fefffcfd f2f3f0f1 f6f7f4f5 eaebe8e9 eeefeced e2e3e0e1 e6e7e4e5
bfc8: dadbd8d9 dedfdcdd d2d3d0d1 d6d7d4d5 cacbc8c9 cecfcccd c2c3c0c1 c6c7c4c5
bfd0: babbb8b9 bebfbcbd b2b3b0b1 b6b7b4b5 aaaba8a9 aeafacad a2a3a0a1 a6a7a4a5
bfd8: 9a9b9899 9e9f9c9d 92939091 96979495 8a8b8889 8e8f8c8d 82838081 86878485
bfe0: 7a7b7879 7e7f7c7d 72737071 76777475 6a6b6869 6e6f6c6d 62636061 66676465
bfe8: 5a5b5859 5e5f5c5d 52535051 56575455 4a4b4849 4e4f4c4d 42434041 46474445
bff0: 3a3b3839 3e3f3c3d 32333031 36373435 2a2b2829 2e2f2c2d 22232021 26272425
bff8: 1a1b1819 1e1f1c1d 12131011 16171415 0a0b0809 0e0f0c0d 02030001 06070405
c000: f9f8fbfa fdfcfffe f1f0f3f2 f5f4f7f6 e9e8ebea edecefee e1e0e3e2 e5e4e7e6
c008: d9d8dbda dddcdfde d1d0d3d2 d5d4d7d6 c9c8cbca cdcccfce c1c0c3c2 c5c4c7c6
c010: b9b8bbba bdbcbfbe b1b0b3b2 b5b4b7b6 a9a8abaa adacafae a1a0a3a2 a5a4a7a6
c018: 99989b9a 9d9c9f9e 91909392 95949796 89888b8a 8d8c8f8e 81808382 85848786
c020: 79787b7a 7d7c7f7e 71707372 75747776 69686b6a 6d6c6f6e 61606362 65646766
c028: 59585b5a 5d5c5f5e 51505352 55545756 49484b4a 4d4c4f4e 41404342 45444746
c030: 39383b3a 3d3c3f3e 31303332 35343736 29282b2a 2d2c2f2e 21202322 25242726
c038: 19181b1a 1d1c1f1e 11101312 15141716 09080b0a 0d0c0f0e 01000302 05040706
c040: f8f9fafb fcfdfeff f0f1f2f3 f4f5f6f7 e8e9eaeb ecedeeef e0e1e2e3 e4e5e6e7
c048: d8d9dadb dcdddedf d0d1d2d3 d4d5d6d7 c8c9cacb cccdcecf c0c1c2c3 c4c5c6c7
c050: b8b9babb bcbdbebf b0b1b2b3 b4b5b6b7 a8a9aaab acadaeaf a0a1a2a3 a4a5a6a7
c058: 98999a9b 9c9d9e9f 90919293 94959697 88898a8b 8c8d8e8f 80818283 84858687
c060: 78797a7b 7c7d7e7f 70717273 74757677 68696a6b 6c6d6e6f 60616263 64656667
c068: 58595a5b 5c5d5e5f 50515253 54555657 48494a4b 4c4d4e4f 40414243 44454647
c070: 38393a3b 3c3d3e3f 30313233 34353637 28292a2b 2c2d2e2f 20212223 24252627
c078: 18191a1b 1c1d1e1f 10111213 14151617 08090a0b 0c0d0e0f 00010203 04050607
c080: fffefdfc fbfaf9f8 f7f6f5f4 f3f2f1f0 efeeedec ebeae9e8 e7e6e5e4 e3e2e1e0
c088: dfdedddc dbdad9d8 d7d6d5d4 d3d2d1d0 cfcecdcc cbcac9c8 c7c6c5c4 c3c2c1c0
c090: bfbebdbc bbbab9b8 b7b6b5b4 b3b2b1b0 afaeadac abaaa9a8 a7a6a5a4 a3a2a1a0
c098: 9f9e9d9c 9b9a9998 97969594 93929190 8f8e8d8c 8b8a8988 87868584 83828180
c0a0: 7f7e7d7c 7b7a7978 77767574 73727170 6f6e6d6c 6b6a6968 67666564 63626160
c0a8: 5f5e5d5c 5b5a5958 57565554 53525150 4f4e4d4c 4b4a4948 47464544 43424140
c0b0: 3f3e3d3c 3b3a3938 37363534 33323130 2f2e2d2c 2b2a2928 27262524 23222120
c0b8: 1f1e1d1c 1b1a1918 17161514 13121110 0f0e0d0c 0b0a0908 07060504 03020100
c0c0: fefffcfd fafbf8f9 f6f7f4f5 f2f3f0f1 eeefeced eaebe8e9 e6e7e4e5 e2e3e0e1
c0c8: dedfdcdd dadbd8d9 d6d7d4d5 d2d3d0d1 cecfcccd cacbc8c9 c6c7c4c5 c2c3c0c1
c0d0: bebfbcbd babbb8b9 b6b7b4b5 b2b3b0b1 aeafacad aaaba8a9 a6a7a4a5 a2a3a0a1
c0d8: 9e9f9c9d 9a9b9899 96979495 92939091 8e8f8c8d 8a8b8889 86878485 82838081
c0e0: 7e7f7c7d 7a7b7879 76777475 72737071 6e6f6c6d 6a6b6869 66676465 62636061
c0e8: 5e5f5c5d 5a5b5859 56575455 52535051 4e4f4c4d 4a4b4849 46474445 42434041
c0f0: 3e3f3c3d 3a3b3839 36373435 32333031 2e2f2c2d 2a2b2829 26272425 22232021
c0f8: 1e1f1c1d 1a1b1819 16171415 12131011 0e0f0c0d 0a0b0809 06070405 02030001
c100: fdfcfffe f9f8fbfa f5f4f7f6 f1f0f3f2 edecefee e9e8ebea e5e4e7e6 e1e0e3e2
c108: dddcdfde d9d8dbda d5d4d7d6 d1d0d3d2 cdcccfce c9c8cbca c5c4c7c6 c1c0c3c2
c110: bdbcbfbe b9b8bbba b5b4b7b6 b1b0b3b2 adacafae a9a8abaa a5a4a7a6 a1a0a3a2
c118: 9d9c9f9e 99989b9a 95949796 91909392 8d8c8f8e 89888b8a 85848786 81808382
c120: 7d7c7f7e 79787b7a 75747776 71707372 6d6c6f6e 69686b6a 65646766 61606362
c128: 5d5c5f5e 59585b5a 55545756 51505352 4d4c4f4e 49484b4a 45444746 41404342
c130: 3d3c3f3e 39383b3a 35343736 31303332 2d2c2f2e 29282b2a 25242726 21202322
c138: 1d1c1f1e 19181b1a 15141716 11101312 0d0c0f0e 09080b0a 05040706 01000302
c140: fcfdfeff f8f9fafb f4f5f6f7 f0f1f2f3 ecedeeef e8e9eaeb e4e5e6e7 e0e1e2e3
c148: dcdddedf d8d9dadb d4d5d6d7 d0d1d2d3 cccdcecf c8c9cacb c4c5c6c7 c0c1c2c3
c150: bcbdbebf b8b9babb b4b5b6b7 b0b1b2b3 acadaeaf a8a9aaab a4a5a6a7 a0a1a2a3
c158: 9c9d9e9f 98999a9b 94959697 90919293 8c8d8e8f 88898a8b 84858687 80818283
c160: 7c7d7e7f 78797a7b 74757677 70717273 6c6d6e6f 68696a6b 64656667 60616263
c168: 5c5d5e5f 58595a5b 54555657 50515253 4c4d4e4f 48494a4b 44454647 40414243
c170: 3c3d3e3f 38393a3b 34353637 30313233 2c2d2e2f 28292a2b 24252627 20212223
c178: 1c1d1e1f 18191a1b 14151617 10111213 0c0d0e0f 08090a0b 04050607 00010203
c180: 00000000 00000001 00000002 00000003 00000004 00000005 00000006 00000007
c188: 00000008 00000009 0000000a 0000000b 0000000c 0000000d 0000000e 0000000f
c190: 00000010 00000011 00000012 00000013 00000014 00000015 00000016 00000017
c198: 00000018 00000019 0000001a 0000001b 0000001c 0000001d 0000001e 0000001f
c1a0: 00000020 00000021 00000022 00000023 00000024 00000025 00000026 00000027
c1a8: 00000028 00000029 0000002a 0000002b 0000002c 0000002d 0000002e 0000002f
c1b0: 00000030 00000031 00000032 00000033 00000034 00000035 00000036 00000037
c1b8: 00000038 00000039 0000003a 0000003b 0000003c 0000003d 0000003e 0000003f
c1c0: 00000040 00000041 00000042 00000043 00000044 00000045 00000046 00000047
c1c8: 00000048 00000049 0000004a 0000004b 0000004c 0000004d 0000004e 0000004f
c1d0: 00000050 00000051 00000052 00000053 00000054 00000055 00000056 00000057
c1d8: 00000058 00000059 0000005a 0000005b 0000005c 0000005d 0000005e 0000005f
c1e0: 00000060 00000061 00000062 00000063 00000064 00000065 00000066 00000067
c1e8: 00000068 00000069 0000006a 0000006b 0000006c 0000006d 0000006e 0000006f
c1f0: 00000070 00000071 00000072 00000073 00000074 00000075 00000076 00000077
c1f8: 00000078 00000079 0000007a 0000007b 0000007c 0000007d 0000007e 0000007f
c200: 00000080 00000081 00000082 00000083 00000084 00000085 00000086 00000087
c208: 00000088 00000089 0000008a 0000008b 0000008c 0000008d 0000008e 0000008f
c210: 00000090 00000091 00000092 00000093 00000094 00000095 00000096 00000097
c218: 00000098 00000099 0000009a 0000009b 0000009c 0000009d 0000009e 0000009f
c220: 000000a0 000000a1 000000a2 000000a3 000000a4 000000a5 000000a6 000000a7
c228: 000000a8 000000a9 000000aa 000000ab 000000ac 000000ad 000000ae 000000af
c230: 000000b0 000000b1 000000b2 000000b3 000000b4 000000b5 000000b6 000000b7
c238: 000000b8 000000b9 000000ba 000000bb 000000bc 000000bd 000000be 000000bf
c240: 000000c0 000000c1 000000c2 000000c3 000000c4 000000c5 000000c6 000000c7
c248: 000000c8 000000c9 000000ca 000000cb 000000cc 000000cd 000000ce 000000cf
c250: 000000d0 000000d1 000000d2 000000d3 000000d4 000000d5 000000d6 000000d7
c258: 000000d8 000000d9 000000da 000000db 000000dc 000000dd 000000de 000000df
c260: 000000e0 000000e1 000000e2 000000e3 000000e4 000000e5 000000e6 000000e7
c268: 000000e8 000000e9 000000ea 000000eb 000000ec 000000ed 000000ee 000000ef
c270: 000000f0 000000f1 000000f2 000000f3 000000f4 000000f5 000000f6 000000f7
c278: 000000f8 000000f9 000000fa 000000fb 000000fc 000000fd 000000fe 000000ff
c280: 00000000 00000002 00000004 00000006 00000008 0000000a 0000000c 0000000e
c288: 00000010 00000012 00000014 00000016 00000018 0000001a 0000001c 0000001e
c290: 00000020 00000022 00000024 00000026 00000028 0000002a 0000002c 0000002e
c298: 00000030 00000032 00000034 00000036 00000038 0000003a 0000003c 0000003e
c2a0: 00000040 00000042 00000044 00000046 00000048 0000004a 0000004c 0000004e
c2a8: 00000050 00000052 00000054 00000056 00000058 0000005a 0000005c 0000005e
c2b0: 00000060 00000062 00000064 00000066 00000068 0000006a 0000006c 0000006e
c2b8: 00000070 00000072 00000074 00000076 00000078 0000007a 0000007c 0000007e
c2c0: 00000080 00000082 00000084 00000086 00000088 0000008a 0000008c 0000008e
c2c8: 00000090 00000092 00000094 00000096 00000098 0000009a 0000009c 0000009e
c2d0: 000000a0 000000a2 000000a4 000000a6 000000a8 000000aa 000000ac 000000ae
c2d8: 000000b0 000000b2 000000b4 000000b6 000000b8 000000ba 000000bc 000000be
c2e0: 000000c0 000000c2 000000c4 000000c6 000000c8 000000ca 000000cc 000000ce
c2e8: 000000d0 000000d2 000000d4 000000d6 000000d8 000000da 000000dc 000000de
c2f0: 000000e0 000000e2 000000e4 000000e6 000000e8 000000ea 000000ec 000000ee
c2f8: 000000f0 000000f2 000000f4 000000f6 000000f8 000000fa 000000fc 000000fe
c300: 00000100 00000102 00000104 00000106 00000108 0000010a 0000010c 0000010e
c308: 00000110 00000112 00000114 00000116 00000118 0000011a 0000011c 0000011e
c310: 00000120 00000122 00000124 00000126 00000128 0000012a 0000012c 0000012e
c318: 00000130 00000132 00000134 00000136 00000138 0000013a 0000013c 0000013e
c320: 00000140 00000142 00000144 00000146 00000148 0000014a 0000014c 0000014e
c328: 00000150 00000152 00000154 00000156 00000158 0000015a 0000015c 0000015e
c330: 00000160 00000162 00000164 00000166 00000168 0000016a 0000016c 0000016e
c338: 00000170 00000172 00000174 00000176 00000178 0000017a 0000017c 0000017e
c340: 00000180 00000182 00000184 00000186 00000188 0000018a 0000018c 0000018e
c348: 00000190 00000192 00000194 00000196 00000198 0000019a 0000019c 0000019e
c350: 000001a0 000001a2 000001a4 000001a6 000001a8 000001aa 000001ac 000001ae
c358: 000001b0 000001b2 000001b4 000001b6 000001b8 000001ba 000001bc 000001be
c360: 000001c0 000001c2 000001c4 000001c6 000001c8 000001ca 000001cc 000001ce
c368: 000001d0 000001d2 000001d4 000001d6 000001d8 000001da 000001dc 000001de
c370: 000001e0 000001e2 000001e4 000001e6 000001e8 000001ea 000001ec 000001ee
c378: 000001f0 000001f2 000001f4 000001f6 000001f8 000001fa 000001fc 000001fe
c380: 00000000 00000004 00000008 0000000c 00000010 00000014 00000018 0000001c
c388: 00000020 00000024 00000028 0000002c 00000030 00000034 00000038 0000003c
c390: 00000040 00000044 00000048 0000004c 00000050 00000054 00000058 0000005c
c398: 00000060 00000064 00000068 0000006c 00000070 00000074 00000078 0000007c
c3a0: 00000080 00000084 00000088 0000008c 00000090 00000094 00000098 0000009c
c3a8: 000000a0 000000a4 000000a8 000000ac 000000b0 000000b4 000000b8 000000bc
c3b0: 000000c0 000000c4 000000c8 000000cc 000000d0 000000d4 000000d8 000000dc
c3b8: 000000e0 000000e4 000000e8 000000ec 000000f0 000000f4 000000f8 000000fc
c3c0: 00000100 00000104 00000108 0000010c 00000110 00000114 00000118 0000011c
c3c8: 00000120 00000124 00000128 0000012c 00000130 00000134 00000138 0000013c
c3d0: 00000140 00000144 00000148 0000014c 00000150 00000154 00000158 0000015c
c3d8: 00000160 00000164 00000168 0000016c 00000170 00000174 00000178 0000017c
c3e0: 00000180 00000184 00000188 0000018c 00000190 00000194 00000198 0000019c
c3e8: 000001a0 000001a4 000001a8 000001ac 000001b0 000001b4 000001b8 000001bc
c3f0: 000001c0 000001c4 000001c8 000001cc 000001d0 000001d4 000001d8 000001dc
c3f8: 000001e0 000001e4 000001e8 000001ec 000001f0 000001f4 000001f8 000001fc
c400: 00000200 00000204 00000208 0000020c 00000210 00000214 00000218 0000021c
c408: 00000220 00000224 00000228 0000022c 00000230 00000234 00000238 0000023c
c410: 00000240 00000244 00000248 0000024c 00000250 00000254 00000258 0000025c
c418: 00000260 00000264 00000268 0000026c 00000270 00000274 00000278 0000027c
c420: 00000280 00000284 00000288 0000028c 00000290 00000294 00000298 0000029c
c428: 000002a0 000002a4 000002a8 000002ac 000002b0 000002b4 000002b8 000002bc
c430: 000002c0 000002c4 000002c8 000002cc 000002d0 000002d4 000002d8 000002dc
c438: 000002e0 000002e4 000002e8 000002ec 000002f0 000002f4 000002f8 000002fc
c440: 00000300 00000304 00000308 0000030c 00000310 00000314 00000318 0000031c
c448: 00000320 00000324 00000328 0000032c 00000330 00000334 00000338 0000033c
c450: 00000340 00000344 00000348 0000034c 00000350 00000354 00000358 0000035c
c458: 00000360 00000364 00000368 0000036c 00000370 00000374 00000378 0000037c
c460: 00000380 00000384 00000388 0000038c 00000390 00000394 00000398 0000039c
c468: 000003a0 000003a4 000003a8 000003ac 000003b0 000003b4 000003b8 000003bc
c470: 000003c0 000003c4 000003c8 000003cc 000003d0 000003d4 000003d8 000003dc
c478: 000003e0 000003e4 000003e8 000003ec 000003f0 000003f4 000003f8 000003fc
c480: 00000000 00000008 00000010 00000018 00000020 00000028 00000030 00000038
c488: 00000040 00000048 00000050 00000058 00000060 00000068 00000070 00000078
c490: 00000080 00000088 00000090 00000098 000000a0 000000a8 000000b0 000000b8
c498: 000000c0 000000c8 000000d0 000000d8 000000e0 000000e8 000000f0 000000f8
c4a0: 00000100 00000108 00000110 00000118 00000120 00000128 00000130 00000138
c4a8: 00000140 00000148 00000150 00000158 00000160 00000168 00000170 00000178
c4b0: 00000180 00000188 00000190 00000198 000001a0 000001a8 000001b0 000001b8
c4b8: 000001c0 000001c8 000001d0 000001d8 000001e0 000001e8 000001f0 000001f8
c4c0: 00000200 00000208 00000210 00000218 00000220 00000228 00000230 00000238
c4c8: 00000240 00000248 00000250 00000258 00000260 00000268 00000270 00000278
c4d0: 00000280 00000288 00000290 00000298 000002a0 000002a8 000002b0 000002b8
c4d8: 000002c0 000002c8 000002d0 000002d8 000002e0 000002e8 000002f0 000002f8
c4e0: 00000300 00000308 00000310 00000318 00000320 00000328 00000330 00000338
c4e8: 00000340 00000348 00000350 00000358 00000360 00000368 00000370 00000378
c4f0: 00000380 00000388 00000390 00000398 000003a0 000003a8 000003b0 000003b8
c4f8: 000003c0 000003c8 000003d0 000003d8 000003e0 000003e8 000003f0 000003f8
c500: 00000400 00000408 00000410 00000418 00000420 00000428 00000430 00000438
c508: 00000440 00000448 00000450 00000458 00000460 00000468 00000470 00000478
c510: 00000480 00000488 00000490 00000498 000004a0 000004a8 000004b0 000004b8
c518: 000004c0 000004c8 000004d0 000004d8 000004e0 000004e8 000004f0 000004f8
c520: 00000500 00000508 00000510 00000518 00000520 00000528 00000530 00000538
c528: 00000540 00000548 00000550 00000558 00000560 00000568 00000570 00000578
c530: 00000580 00000588 00000590 00000598 000005a0 000005a8 000005b0 000005b8
c538: 000005c0 000005c8 000005d0 000005d8 000005e0 000005e8 000005f0 000005f8
c540: 00000600 00000608 00000610 00000618 00000620 00000628 00000630 00000638
c548: 00000640 00000648 00000650 00000658 00000660 00000668 00000670 00000678
c550: 00000680 00000688 00000690 00000698 000006a0 000006a8 000006b0 000006b8
c558: 000006c0 000006c8 000006d0 000006d8 000006e0 000006e8 000006f0 000006f8
c560: 00000700 00000708 00000710 00000718 00000720 00000728 00000730 00000738
c568: 00000740 00000748 00000750 00000758 00000760 00000768 00000770 00000778
c570: 00000780 00000788 00000790 00000798 000007a0 000007a8 000007b0 000007b8
c578: 000007c0 000007c8 000007d0 000007d8 000007e0 000007e8 000007f0 000007f8
c580: 00000000 00000010 00000020 00000030 00000040 00000050 00000060 00000070
c588: 00000080 00000090 000000a0 000000b0 000000c0 000000d0 000000e0 000000f0
c590: 00000100 00000110 00000120 00000130 00000140 00000150 00000160 00000170
c598: 00000180 00000190 000001a0 000001b0 000001c0 000001d0 000001e0 000001f0
c5a0: 00000200 00000210 00000220 00000230 00000240 00000250 00000260 00000270
c5a8: 00000280 00000290 000002a0 000002b0 000002c0 000002d0 000002e0 000002f0
c5b0: 00000300 00000310 00000320 00000330 00000340 00000350 00000360 00000370
c5b8: 00000380 00000390 000003a0 000003b0 000003c0 000003d0 000003e0 000003f0
c5c0: 00000400 00000410 00000420 00000430 00000440 00000450 00000460 00000470
c5c8: 00000480 00000490 000004a0 000004b0 000004c0 000004d0 000004e0 000004f0
c5d0: 00000500 00000510 00000520 00000530 00000540 00000550 00000560 00000570
c5d8: 00000580 00000590 000005a0 000005b0 000005c0 000005d0 000005e0 000005f0
c5e0: 00000600 00000610 00000620 00000630 00000640 00000650 00000660 00000670
c5e8: 00000680 00000690 000006a0 000006b0 000006c0 000006d0 000006e0 000006f0
c5f0: 00000700 00000710 00000720 00000730 00000740 00000750 00000760 00000770
c5f8: 00000780 00000790 000007a0 000007b0 000007c0 000007d0 000007e0 000007f0
c600: 00000800 00000810 00000820 00000830 00000840 00000850 00000860 00000870
c608: 00000880 00000890 000008a0 000008b0 000008c0 000008d0 000008e0 000008f0
c610: 00000900 00000910 00000920 00000930 00000940 00000950 00000960 00000970
c618: 00000980 00000990 000009a0 000009b0 000009c0 000009d0 000009e0 000009f0
c620: 00000a00 00000a10 00000a20 00000a30 00000a40 00000a50 00000a60 00000a70
c628: 00000a80 00000a90 00000aa0 00000ab0 00000ac0 00000ad0 00000ae0 00000af0
c630: 00000b00 00000b10 00000b20 00000b30 00000b40 00000b50 00000b60 00000b70
c638: 00000b80 00000b90 00000ba0 00000bb0 00000bc0 00000bd0 00000be0 00000bf0
c640: 00000c00 00000c10 00000c20 00000c30 00000c40 00000c50 00000c60 00000c70
c648: 00000c80 00000c90 00000ca0 00000cb0 00000cc0 00000cd0 00000ce0 00000cf0
c650: 00000d00 00000d10 00000d20 00000d30 00000d40 00000d50 00000d60 00000d70
c658: 00000d80 00000d90 00000da0 00000db0 00000dc0 00000dd0 00000de0 00000df0
c660: 00000e00 00000e10 00000e20 00000e30 00000e40 00000e50 00000e60 00000e70
c668: 00000e80 00000e90 00000ea0 00000eb0 00000ec0 00000ed0 00000ee0 00000ef0
c670: 00000f00 00000f10 00000f20 00000f30 00000f40 00000f50 00000f60 00000f70
c678: 00000f80 00000f90 00000fa0 00000fb0 00000fc0 00000fd0 00000fe0 00000ff0
c680: 00000000 00000020 00000040 00000060 00000080 000000a0 000000c0 000000e0
c688: 00000100 00000120 00000140 00000160 00000180 000001a0 000001c0 000001e0
c690: 00000200 00000220 00000240 00000260 00000280 000002a0 000002c0 000002e0
c698: 00000300 00000320 00000340 00000360 00000380 000003a0 000003c0 000003e0
c6a0: 00000400 00000420 00000440 00000460 00000480 000004a0 000004c0 000004e0
c6a8: 00000500 00000520 00000540 00000560 00000580 000005a0 000005c0 000005e0
c6b0: 00000600 00000620 00000640 00000660 00000680 000006a0 000006c0 000006e0
c6b8: 00000700 00000720 00000740 00000760 00000780 000007a0 000007c0 000007e0
c6c0: 00000800 00000820 00000840 00000860 00000880 000008a0 000008c0 000008e0
c6c8: 00000900 00000920 00000940 00000960 00000980 000009a0 000009c0 000009e0
c6d0: 00000a00 00000a20 00000a40 00000a60 00000a80 00000aa0 00000ac0 00000ae0
c6d8: 00000b00 00000b20 00000b40 00000b60 00000b80 00000ba0 00000bc0 00000be0
c6e0: 00000c00 00000c20 00000c40 00000c60 00000c80 00000ca0 00000cc0 00000ce0
c6e8: 00000d00 00000d20 00000d40 00000d60 00000d80 00000da0 00000dc0 00000de0
c6f0: 00000e00 00000e20 00000e40 00000e60 00000e80 00000ea0 00000ec0 00000ee0
c6f8: 00000f00 00000f20 00000f40 00000f60 00000f80 00000fa0 00000fc0 00000fe0
c700: 00001000 00001020 00001040 00001060 00001080 000010a0 000010c0 000010e0
c708: 00001100 00001120 00001140 00001160 00001180 000011a0 000011c0 000011e0
c710: 00001200 00001220 00001240 00001260 00001280 000012a0 000012c0 000012e0
c718: 00001300 00001320 00001340 00001360 00001380 000013a0 000013c0 000013e0
c720: 00001400 00001420 00001440 00001460 00001480 000014a0 000014c0 000014e0
c728: 00001500 00001520 00001540 00001560 00001580 000015a0 000015c0 000015e0
c730: 00001600 00001620 00001640 00001660 00001680 000016a0 000016c0 000016e0
c738: 00001700 00001720 00001740 00001760 00001780 000017a0 000017c0 000017e0
c740: 00001800 00001820 00001840 00001860 00001880 000018a0 000018c0 000018e0
c748: 00001900 00001920 00001940 00001960 00001980 000019a0 000019c0 000019e0
c750: 00001a00 00001a20 00001a40 00001a60 00001a80 00001aa0 00001ac0 00001ae0
c758: 00001b00 00001b20 00001b40 00001b60 00001b80 00001ba0 00001bc0 00001be0
c760: 00001c00 00001c20 00001c40 00001c60 00001c80 00001ca0 00001cc0 00001ce0
c768: 00001d00 00001d20 00001d40 00001d60 00001d80 00001da0 00001dc0 00001de0
c770: 00001e00 00001e20 00001e40 00001e60 00001e80 00001ea0 00001ec0 00001ee0
c778: 00001f00 00001f20 00001f40 00001f60 00001f80 00001fa0 00001fc0 00001fe0
c780: 00000000 00000040 00000080 000000c0 00000100 00000140 00000180 000001c0
c788: 00000200 00000240 00000280 000002c0 00000300 00000340 00000380 000003c0
c790: 00000400 00000440 00000480 000004c0 00000500 00000540 00000580 000005c0
c798: 00000600 00000640 00000680 000006c0 00000700 00000740 00000780 000007c0
c7a0: 00000800 00000840 00000880 000008c0 00000900 00000940 00000980 000009c0
c7a8: 00000a00 00000a40 00000a80 00000ac0 00000b00 00000b40 00000b80 00000bc0
c7b0: 00000c00 00000c40 00000c80 00000cc0 00000d00 00000d40 00000d80 00000dc0
c7b8: 00000e00 00000e40 00000e80 00000ec0 00000f00 00000f40 00000f80 00000fc0
c7c0: 00001000 00001040 00001080 000010c0 00001100 00001140 00001180 000011c0
c7c8: 00001200 00001240 00001280 000012c0 00001300 00001340 00001380 000013c0
c7d0: 00001400 00001440 00001480 000014c0 00001500 00001540 00001580 000015c0
c7d8: 00001600 00001640 00001680 000016c0 00001700 00001740 00001780 000017c0
c7e0: 00001800 00001840 00001880 000018c0 00001900 00001940 00001980 000019c0
c7e8: 00001a00 00001a40 00001a80 00001ac0 00001b00 00001b40 00001b80 00001bc0
c7f0: 00001c00 00001c40 00001c80 00001cc0 00001d00 00001d40 00001d80 00001dc0
c7f8: 00001e00 00001e40 00001e80 00001ec0 00001f00 00001f40 00001f80 00001fc0
c800: 00002000 00002040 00002080 000020c0 00002100 00002140 00002180 000021c0
c808: 00002200 00002240 00002280 000022c0 00002300 00002340 00002380 000023c0
c810: 00002400 00002440 00002480 000024c0 00002500 00002540 00002580 000025c0
c818: 00002600 00002640 00002680 000026c0 00002700 00002740 00002780 000027c0
c820: 00002800 00002840 00002880 000028c0 00002900 00002940 00002980 000029c0
c828: 00002a00 00002a40 00002a80 00002ac0 00002b00 00002b40 00002b80 00002bc0
c830: 00002c00 00002c40 00002c80 00002cc0 00002d00 00002d40 00002d80 00002dc0
c838: 00002e00 00002e40 00002e80 00002ec0 00002f00 00002f40 00002f80 00002fc0
c840: 00003000 00003040 00003080 000030c0 00003100 00003140 00003180 000031c0
c848: 00003200 00003240 00003280 000032c0 00003300 00003340 00003380 000033c0
c850: 00003400 00003440 00003480 000034c0 00003500 00003540 00003580 000035c0
c858: 00003600 00003640 00003680 000036c0 00003700 00003740 00003780 000037c0
c860: 00003800 00003840 00003880 000038c0 00003900 00003940 00003980 000039c0
c868: 00003a00 00003a40 00003a80 00003ac0 00003b00 00003b40 00003b80 00003bc0
c870: 00003c00 00003c40 00003c80 00003cc0 00003d00 00003d40 00003d80 00003dc0
c878: 00003e00 00003e40 00003e80 00003ec0 00003f00 00003f40 00003f80 00003fc0
c880: 00000000 00000080 00000100 00000180 00000200 00000280 00000300 00000380
c888: 00000400 00000480 00000500 00000580 00000600 00000680 00000700 00000780
c890: 00000800 00000880 00000900 00000980 00000a00 00000a80 00000b00 00000b80
c898: 00000c00 00000c80 00000d00 00000d80 00000e00 00000e80 00000f00 00000f80
c8a0: 00001000 00001080 00001100 00001180 00001200 00001280 00001300 00001380
c8a8: 00001400 00001480 00001500 00001580 00001600 00001680 00001700 00001780
c8b0: 00001800 00001880 00001900 00001980 00001a00 00001a80 00001b00 00001b80
c8b8: 00001c00 00001c80 00001d00 00001d80 00001e00 00001e80 00001f00 00001f80
c8c0: 00002000 00002080 00002100 00002180 00002200 00002280 00002300 00002380
c8c8: 00002400 00002480 00002500 00002580 00002600 00002680 00002700 00002780
c8d0: 00002800 00002880 00002900 00002980 00002a00 00002a80 00002b00 00002b80
c8d8: 00002c00 00002c80 00002d00 00002d80 00002e00 00002e80 00002f00 00002f80
c8e0: 00003000 00003080 00003100 00003180 00003200 00003280 00003300 00003380
c8e8: 00003400 00003480 00003500 00003580 00003600 00003680 00003700 00003780
c8f0: 00003800 00003880 00003900 00003980 00003a00 00003a80 00003b00 00003b80
c8f8: 00003c00 00003c80 00003d00 00003d80 00003e00 00003e80 00003f00 00003f80
c900: 00004000 00004080 00004100 00004180 00004200 00004280 00004300 00004380
c908: 00004400 00004480 00004500 00004580 00004600 00004680 00004700 00004780
c910: 00004800 00004880 00004900 00004980 00004a00 00004a80 00004b00 00004b80
c918: 00004c00 00004c80 00004d00 00004d80 00004e00 00004e80 00004f00 00004f80
c920: 00005000 00005080 00005100 00005180 00005200 00005280 00005300 00005380
c928: 00005400 00005480 00005500 00005580 00005600 00005680 00005700 00005780
c930: 00005800 00005880 00005900 00005980 00005a00 00005a80 00005b00 00005b80
c938: 00005c00 00005c80 00005d00 00005d80 00005e00 00005e80 00005f00 00005f80
c940: 00006000 00006080 00006100 00006180 00006200 00006280 00006300 00006380
c948: 00006400 00006480 00006500 00006580 00006600 00006680 00006700 00006780
c950: 00006800 00006880 00006900 00006980 00006a00 00006a80 00006b00 00006b80
c958: 00006c00 00006c80 00006d00 00006d80 00006e00 00006e80 00006f00 00006f80
c960: 00007000 00007080 00007100 00007180 00007200 00007280 00007300 00007380
c968: 00007400 00007480 00007500 00007580 00007600 00007680 00007700 00007780
c970: 00007800 00007880 00007900 00007980 00007a00 00007a80 00007b00 00007b80
c978: 00007c00 00007c80 00007d00 00007d80 00007e00 00007e80 00007f00 00007f80
c980: 00000000 00000100 00000200 00000300 00000400 00000500 00000600 00000700
c988: 00000800 00000900 00000a00 00000b00 00000c00 00000d00 00000e00 00000f00
c990: 00001000 00001100 00001200 00001300 00001400 00001500 00001600 00001700
c998: 00001800 00001900 00001a00 00001b00 00001c00 00001d00 00001e00 00001f00
c9a0: 00002000 00002100 00002200 00002300 00002400 00002500 00002600 00002700
c9a8: 00002800 00002900 00002a00 00002b00 00002c00 00002d00 00002e00 00002f00
c9b0: 00003000 00003100 00003200 00003300 00003400 00003500 00003600 00003700
c9b8: 00003800 00003900 00003a00 00003b00 00003c00 00003d00 00003e00 00003f00
c9c0: 00004000 00004100 00004200 00004300 00004400 00004500 00004600 00004700
c9c8: 00004800 00004900 00004a00 00004b00 00004c00 00004d00 00004e00 00004f00
c9d0: 00005000 00005100 00005200 00005300 00005400 00005500 00005600 00005700
c9d8: 00005800 00005900 00005a00 00005b00 00005c00 00005d00 00005e00 00005f00
c9e0: 00006000 00006100 00006200 00006300 00006400 00006500 00006600 00006700
c9e8: 00006800 00006900 00006a00 00006b00 00006c00 00006d00 00006e00 00006f00
c9f0: 00007000 00007100 00007200 00007300 00007400 00007500 00007600 00007700
c9f8: 00007800 00007900 00007a00 00007b00 00007c00 00007d00 00007e00 00007f00
ca00: 00008000 00008100 00008200 00008300 00008400 00008500 00008600 00008700
ca08: 00008800 00008900 00008a00 00008b00 00008c00 00008d00 00008e00 00008f00
ca10: 00009000 00009100 00009200 00009300 00009400 00009500 00009600 00009700
ca18: 00009800 00009900 00009a00 00009b00 00009c00 00009d00 00009e00 00009f00
ca20: 0000a000 0000a100 0000a200 0000a300 0000a400 0000a500 0000a600 0000a700
ca28: 0000a800 0000a900 0000aa00 0000ab00 0000ac00 0000ad00 0000ae00 0000af00
ca30: 0000b000 0000b100 0000b200 0000b300 0000b400 0000b500 0000b600 0000b700
ca38: 0000b800 0000b900 0000ba00 0000bb00 0000bc00 0000bd00 0000be00 0000bf00
ca40: 0000c000 0000c100 0000c200 0000c300 0000c400 0000c500 0000c600 0000c700
ca48: 0000c800 0000c900 0000ca00 0000cb00 0000cc00 0000cd00 0000ce00 0000cf00
ca50: 0000d000 0000d100 0000d200 0000d300 0000d400 0000d500 0000d600 0000d700
ca58: 0000d800 0000d900 0000da00 0000db00 0000dc00 0000dd00 0000de00 0000df00
ca60: 0000e000 0000e100 0000e200 0000e300 0000e400 0000e500 0000e600 0000e700
ca68: 0000e800 0000e900 0000ea00 0000eb00 0000ec00 0000ed00 0000ee00 0000ef00
ca70: 0000f000 0000f100 0000f200 0000f300 0000f400 0000f500 0000f600 0000f700
ca78: 0000f800 0000f900 0000fa00 0000fb00 0000fc00 0000fd00 0000fe00 0000ff00
ca80: 00000000 00000200 00000400 00000600 00000800 00000a00 00000c00 00000e00
ca88: 00001000 00001200 00001400 00001600 00001800 00001a00 00001c00 00001e00
ca90: 00002000 00002200 00002400 00002600 00002800 00002a00 00002c00 00002e00
ca98: 00003000 00003200 00003400 00003600 00003800 00003a00 00003c00 00003e00
caa0: 00004000 00004200 00004400 00004600 00004800 00004a00 00004c00 00004e00
caa8: 00005000 00005200 00005400 00005600 00005800 00005a00 00005c00 00005e00
cab0: 00006000 00006200 00006400 00006600 00006800 00006a00 00006c00 00006e00
cab8: 00007000 00007200 00007400 00007600 00007800 00007a00 00007c00 00007e00
cac0: 00008000 00008200 00008400 00008600 00008800 00008a00 00008c00 00008e00
cac8: 00009000 00009200 00009400 00009600 00009800 00009a00 00009c00 00009e00
cad0: 0000a000 0000a200 0000a400 0000a600 0000a800 0000aa00 0000ac00 0000ae00
cad8: 0000b000 0000b200 0000b400 0000b600 0000b800 0000ba00 0000bc00 0000be00
cae0: 0000c000 0000c200 0000c400 0000c600 0000c800 0000ca00 0000cc00 0000ce00
cae8: 0000d000 0000d200 0000d400 0000d600 0000d800 0000da00 0000dc00 0000de00
caf0: 0000e000 0000e200 0000e400 0000e600 0000e800 0000ea00 0000ec00 0000ee00
caf8: 0000f000 0000f200 0000f400 0000f600 0000f800 0000fa00 0000fc00 0000fe00
cb00: 00010000 00010200 00010400 00010600 00010800 00010a00 00010c00 00010e00
cb08: 00011000 00011200 00011400 00011600 00011800 00011a00 00011c00 00011e00
cb10: 00012000 00012200 00012400 00012600 00012800 00012a00 00012c00 00012e00
cb18: 00013000 00013200 00013400 00013600 00013800 00013a00 00013c00 00013e00
cb20: 00014000 00014200 00014400 00014600 00014800 00014a00 00014c00 00014e00
cb28: 00015000 00015200 00015400 00015600 00015800 00015a00 00015c00 00015e00
cb30: 00016000 00016200 00016400 00016600 00016800 00016a00 00016c00 00016e00
cb38: 00017000 00017200 00017400 00017600 00017800 00017a00 00017c00 00017e00
cb40: 00018000 00018200 00018400 00018600 00018800 00018a00 00018c00 00018e00
cb48: 00019000 00019200 00019400 00019600 00019800 00019a00 00019c00 00019e00
cb50: 0001a000 0001a200 0001a400 0001a600 0001a800 0001aa00 0001ac00 0001ae00
cb58: 0001b000 0001b200 0001b400 0001b600 0001b800 0001ba00 0001bc00 0001be00
cb60: 0001c000 0001c200 0001c400 0001c600 0001c800 0001ca00 0001cc00 0001ce00
cb68: 0001d000 0001d200 0001d400 0001d600 0001d800 0001da00 0001dc00 0001de00
cb70: 0001e000 0001e200 0001e400 0001e600 0001e800 0001ea00 0001ec00 0001ee00
cb78: 0001f000 0001f200 0001f400 0001f600 0001f800 0001fa00 0001fc00 0001fe00
cb80: 00000000 00000400 00000800 00000c00 00001000 00001400 00001800 00001c00
cb88: 00002000 00002400 00002800 00002c00 00003000 00003400 00003800 00003c00
cb90: 00004000 00004400 00004800 00004c00 00005000 00005400 00005800 00005c00
cb98: 00006000 00006400 00006800 00006c00 00007000 00007400 00007800 00007c00
cba0: 00008000 00008400 00008800 00008c00 00009000 00009400 00009800 00009c00
cba8: 0000a000 0000a400 0000a800 0000ac00 0000b000 0000b400 0000b800 0000bc00
cbb0: 0000c000 0000c400 0000c800 0000cc00 0000d000 0000d400 0000d800 0000dc00
cbb8: 0000e000 0000e400 0000e800 0000ec00 0000f000 0000f400 0000f800 0000fc00
cbc0: 00010000 00010400 00010800 00010c00 00011000 00011400 00011800 00011c00
cbc8: 00012000 00012400 00012800 00012c00 00013000 00013400 00013800 00013c00
cbd0: 00014000 00014400 00014800 00014c00 00015000 00015400 00015800 00015c00
cbd8: 00016000 00016400 00016800 00016c00 00017000 00017400 00017800 00017c00
cbe0: 00018000 00018400 00018800 00018c00 00019000 00019400 00019800 00019c00
cbe8: 0001a000 0001a400 0001a800 0001ac00 0001b000 0001b400 0001b800 0001bc00
cbf0: 0001c000 0001c400 0001c800 0001cc00 0001d000 0001d400 0001d800 0001dc00
cbf8: 0001e000 0001e400 0001e800 0001ec00 0001f000 0001f400 0001f800 0001fc00
cc00: 00020000 00020400 00020800 00020c00 00021000 00021400 00021800 00021c00
cc08: 00022000 00022400 00022800 00022c00 00023000 00023400 00023800 00023c00
cc10: 00024000 00024400 00024800 00024c00 00025000 00025400 00025800 00025c00
cc18: 00026000 00026400 00026800 00026c00 00027000 00027400 00027800 00027c00
cc20: 00028000 00028400 00028800 00028c00 00029000 00029400 00029800 00029c00
cc28: 0002a000 0002a400 0002a800 0002ac00 0002b000 0002b400 0002b800 0002bc00
cc30: 0002c000 0002c400 0002c800 0002cc00 0002d000 0002d400 0002d800 0002dc00
cc38: 0002e000 0002e400 0002e800 0002ec00 0002f000 0002f400 0002f800 0002fc00
cc40: 00030000 00030400 00030800 00030c00 00031000 00031400 00031800 00031c00
cc48: 00032000 00032400 00032800 00032c00 00033000 00033400 00033800 00033c00
cc50: 00034000 00034400 00034800 00034c00 00035000 00035400 00035800 00035c00
cc58: 00036000 00036400 00036800 00036c00 00037000 00037400 00037800 00037c00
cc60: 00038000 00038400 00038800 00038c00 00039000 00039400 00039800 00039c00
cc68: 0003a000 0003a400 0003a800 0003ac00 0003b000 0003b400 0003b800 0003bc00
cc70: 0003c000 0003c400 0003c800 0003cc00 0003d000 0003d400 0003d800 0003dc00
cc78: 0003e000 0003e400 0003e800 0003ec00 0003f000 0003f400 0003f800 0003fc00
cc80: 00000000 00000800 00001000 00001800 00002000 00002800 00003000 00003800
cc88: 00004000 00004800 00005000 00005800 00006000 00006800 00007000 00007800
cc90: 00008000 00008800 00009000 00009800 0000a000 0000a800 0000b000 0000b800
cc98: 0000c000 0000c800 0000d000 0000d800 0000e000 0000e800 0000f000 0000f800
cca0: 00010000 00010800 00011000 00011800 00012000 00012800 00013000 00013800
cca8: 00014000 00014800 00015000 00015800 00016000 00016800 00017000 00017800
ccb0: 00018000 00018800 00019000 00019800 0001a000 0001a800 0001b000 0001b800
ccb8: 0001c000 0001c800 0001d000 0001d800 0001e000 0001e800 0001f000 0001f800
ccc0: 00020000 00020800 00021000 00021800 00022000 00022800 00023000 00023800
ccc8: 00024000 00024800 00025000 00025800 00026000 00026800 00027000 00027800
ccd0: 00028000 00028800 00029000 00029800 0002a000 0002a800 0002b000 0002b800
ccd8: 0002c000 0002c800 0002d000 0002d800 0002e000 0002e800 0002f000 0002f800
cce0: 00030000 00030800 00031000 00031800 00032000 00032800 00033000 00033800
cce8: 00034000 00034800 00035000 00035800 00036000 00036800 00037000 00037800
ccf0: 00038000 00038800 00039000 00039800 0003a000 0003a800 0003b000 0003b800
ccf8: 0003c000 0003c800 0003d000 0003d800 0003e000 0003e800 0003f000 0003f800
cd00: 00040000 00040800 00041000 00041800 00042000 00042800 00043000 00043800
cd08: 00044000 00044800 00045000 00045800 00046000 00046800 00047000 00047800
cd10: 00048000 00048800 00049000 00049800 0004a000 0004a800 0004b000 0004b800
cd18: 0004c000 0004c800 0004d000 0004d800 0004e000 0004e800 0004f000 0004f800
cd20: 00050000 00050800 00051000 00051800 00052000 00052800 00053000 00053800
cd28: 00054000 00054800 00055000 00055800 00056000 00056800 00057000 00057800
cd30: 00058000 00058800 00059000 00059800 0005a000 0005a800 0005b000 0005b800
cd38: 0005c000 0005c800 0005d000 0005d800 0005e000 0005e800 0005f000 0005f800
cd40: 00060000 00060800 00061000 00061800 00062000 00062800 00063000 00063800
cd48: 00064000 00064800 00065000 00065800 00066000 00066800 00067000 00067800
cd50: 00068000 00068800 00069000 00069800 0006a000 0006a800 0006b000 0006b800
cd58: 0006c000 0006c800 0006d000 0006d800 0006e000 0006e800 0006f000 0006f800
cd60: 00070000 00070800 00071000 00071800 00072000 00072800 00073000 00073800
cd68: 00074000 00074800 00075000 00075800 00076000 00076800 00077000 00077800
cd70: 00078000 00078800 00079000 00079800 0007a000 0007a800 0007b000 0007b800
cd78: 0007c000 0007c800 0007d000 0007d800 0007e000 0007e800 0007f000 0007f800
cd80: 00000000 00001000 00002000 00003000 00004000 00005000 00006000 00007000
cd88: 00008000 00009000 0000a000 0000b000 0000c000 0000d000 0000e000 0000f000
cd90: 00010000 00011000 00012000 00013000 00014000 00015000 00016000 00017000
cd98: 00018000 00019000 0001a000 0001b000 0001c000 0001d000 0001e000 0001f000
cda0: 00020000 00021000 00022000 00023000 00024000 00025000 00026000 00027000
cda8: 00028000 00029000 0002a000 0002b000 0002c000 0002d000 0002e000 0002f000
cdb0: 00030000 00031000 00032000 00033000 00034000 00035000 00036000 00037000
cdb8: 00038000 00039000 0003a000 0003b000 0003c000 0003d000 0003e000 0003f000
cdc0: 00040000 00041000 00042000 00043000 00044000 00045000 00046000 00047000
cdc8: 00048000 00049000 0004a000 0004b000 0004c000 0004d000 0004e000 0004f000
cdd0: 00050000 00051000 00052000 00053000 00054000 00055000 00056000 00057000
cdd8: 00058000 00059000 0005a000 0005b000 0005c000 0005d000 0005e000 0005f000
cde0: 00060000 00061000 00062000 00063000 00064000 00065000 00066000 00067000
cde8: 00068000 00069000 0006a000 0006b000 0006c000 0006d000 0006e000 0006f000
cdf0: 00070000 00071000 00072000 00073000 00074000 00075000 00076000 00077000
cdf8: 00078000 00079000 0007a000 0007b000 0007c000 0007d000 0007e000 0007f000
ce00: 00080000 00081000 00082000 00083000 00084000 00085000 00086000 00087000
ce08: 00088000 00089000 0008a000 0008b000 0008c000 0008d000 0008e000 0008f000
ce10: 00090000 00091000 00092000 00093000 00094000 00095000 00096000 00097000
ce18: 00098000 00099000 0009a000 0009b000 0009c000 0009d000 0009e000 0009f000
ce20: 000a0000 000a1000 000a2000 000a3000 000a4000 000a5000 000a6000 000a7000
ce28: 000a8000 000a9000 000aa000 000ab000 000ac000 000ad000 000ae000 000af000
ce30: 000b0000 000b1000 000b2000 000b3000 000b4000 000b5000 000b6000 000b7000
ce38: 000b8000 000b9000 000ba000 000bb000 000bc000 000bd000 000be000 000bf000
ce40: 000c0000 000c1000 000c2000 000c3000 000c4000 000c5000 000c6000 000c7000
ce48: 000c8000 000c9000 000ca000 000cb000 000cc000 000cd000 000ce000 000cf000
ce50: 000d0000 000d1000 000d2000 000d3000 000d4000 000d5000 000d6000 000d7000
ce58: 000d8000 000d9000 000da000 000db000 000dc000 000dd000 000de000 000df000
ce60: 000e0000 000e1000 000e2000 000e3000 000e4000 000e5000 000e6000 000e7000
ce68: 000e8000 000e9000 000ea000 000eb000 000ec000 000ed000 000ee000 000ef000
ce70: 000f0000 000f1000 000f2000 000f3000 000f4000 000f5000 000f6000 000f7000
ce78: 000f8000 000f9000 000fa000 000fb000 000fc000 000fd000 000fe000 000ff000
ce80: 00000000 00002000 00004000 00006000 00008000 0000a000 0000c000 0000e000
ce88: 00010000 00012000 00014000 00016000 00018000 0001a000 0001c000 0001e000
ce90: 00020000 00022000 00024000 00026000 00028000 0002a000 0002c000 0002e000
ce98: 00030000 00032000 00034000 00036000 00038000 0003a000 0003c000 0003e000
cea0: 00040000 00042000 00044000 00046000 00048000 0004a000 0004c000 0004e000
cea8: 00050000 00052000 00054000 00056000 00058000 0005a000 0005c000 0005e000
ceb0: 00060000 00062000 00064000 00066000 00068000 0006a000 0006c000 0006e000
ceb8: 00070000 00072000 00074000 00076000 00078000 0007a000 0007c000 0007e000
cec0: 00080000 00082000 00084000 00086000 00088000 0008a000 0008c000 0008e000
cec8: 00090000 00092000 00094000 00096000 00098000 0009a000 0009c000 0009e000
ced0: 000a0000 000a2000 000a4000 000a6000 000a8000 000aa000 000ac000 000ae000
ced8: 000b0000 000b2000 000b4000 000b6000 000b8000 000ba000 000bc000 000be000
cee0: 000c0000 000c2000 000c4000 000c6000 000c8000 000ca000 000cc000 000ce000
cee8: 000d0000 000d2000 000d4000 000d6000 000d8000 000da000 000dc000 000de000
cef0: 000e0000 000e2000 000e4000 000e6000 000e8000 000ea000 000ec000 000ee000
cef8: 000f0000 000f2000 000f4000 000f6000 000f8000 000fa000 000fc000 000fe000
cf00: 00100000 00102000 00104000 00106000 00108000 0010a000 0010c000 0010e000
cf08: 00110000 00112000 00114000 00116000 00118000 0011a000 0011c000 0011e000
cf10: 00120000 00122000 00124000 00126000 00128000 0012a000 0012c000 0012e000
cf18: 00130000 00132000 00134000 00136000 00138000 0013a000 0013c000 0013e000
cf20: 00140000 00142000 00144000 00146000 00148000 0014a000 0014c000 0014e000
cf28: 00150000 00152000 00154000 00156000 00158000 0015a000 0015c000 0015e000
cf30: 00160000 00162000 00164000 00166000 00168000 0016a000 0016c000 0016e000
cf38: 00170000 00172000 00174000 00176000 00178000 0017a000 0017c000 0017e000
cf40: 00180000 00182000 00184000 00186000 00188000 0018a000 0018c000 0018e000
cf48: 00190000 00192000 00194000 00196000 00198000 0019a000 0019c000 0019e000
cf50: 001a0000 001a2000 001a4000 001a6000 001a8000 001aa000 001ac000 001ae000
cf58: 001b0000 001b2000 001b4000 001b6000 001b8000 001ba000 001bc000 001be000
cf60: 001c0000 001c2000 001c4000 001c6000 001c8000 001ca000 001cc000 001ce000
cf68: 001d0000 001d2000 001d4000 001d6000 001d8000 001da000 001dc000 001de000
cf70: 001e0000 001e2000 001e4000 001e6000 001e8000 001ea000 001ec000 001ee000
cf78: 001f0000 001f2000 001f4000 001f6000 001f8000 001fa000 001fc000 001fe000
cf80: 00000000 00004000 00008000 0000c000 00010000 00014000 00018000 0001c000
cf88: 00020000 00024000 00028000 0002c000 00030000 00034000 00038000 0003c000
cf90: 00040000 00044000 00048000 0004c000 00050000 00054000 00058000 0005c000
cf98: 00060000 00064000 00068000 0006c000 00070000 00074000 00078000 0007c000
cfa0: 00080000 00084000 00088000 0008c000 00090000 00094000 00098000 0009c000
cfa8: 000a0000 000a4000 000a8000 000ac000 000b0000 000b4000 000b8000 000bc000
cfb0: 000c0000 000c4000 000c8000 000cc000 000d0000 000d4000 000d8000 000dc000
cfb8: 000e0000 000e4000 000e8000 000ec000 000f0000 000f4000 000f8000 000fc000
cfc0: 00100000 00104000 00108000 0010c000 00110000 00114000 00118000 0011c000
cfc8: 00120000 00124000 00128000 0012c000 00130000 00134000 00138000 0013c000
cfd0: 00140000 00144000 00148000 0014c000 00150000 00154000 00158000 0015c000
cfd8: 00160000 00164000 00168000 0016c000 00170000 00174000 00178000 0017c000
cfe0: 00180000 00184000 00188000 0018c000 00190000 00194000 00198000 0019c000
cfe8: 001a0000 001a4000 001a8000 001ac000 001b0000 001b4000 001b8000 001bc000
cff0: 001c0000 001c4000 001c8000 001cc000 001d0000 001d4000 001d8000 001dc000
cff8: 001e0000 001e4000 001e8000 001ec000 001f0000 001f4000 001f8000 001fc000
d000: 00200000 00204000 00208000 0020c000 00210000 00214000 00218000 0021c000
d008: 00220000 00224000 00228000 0022c000 00230000 00234000 00238000 0023c000
d010: 00240000 00244000 00248000 0024c000 00250000 00254000 00258000 0025c000
d018: 00260000 00264000 00268000 0026c000 00270000 00274000 00278000 0027c000
d020: 00280000 00284000 00288000 0028c000 00290000 00294000 00298000 0029c000
d028: 002a0000 002a4000 002a8000 002ac000 002b0000 002b4000 002b8000 002bc000
d030: 002c0000 002c4000 002c8000 002cc000 002d0000 002d4000 002d8000 002dc000
d038: 002e0000 002e4000 002e8000 002ec000 002f0000 002f4000 002f8000 002fc000
d040: 00300000 00304000 00308000 0030c000 00310000 00314000 00318000 0031c000
d048: 00320000 00324000 00328000 0032c000 00330000 00334000 00338000 0033c000
d050: 00340000 00344000 00348000 0034c000 00350000 00354000 00358000 0035c000
d058: 00360000 00364000 00368000 0036c000 00370000 00374000 00378000 0037c000
d060: 00380000 00384000 00388000 0038c000 00390000 00394000 00398000 0039c000
d068: 003a0000 003a4000 003a8000 003ac000 003b0000 003b4000 003b8000 003bc000
d070: 003c0000 003c4000 003c8000 003cc000 003d0000 003d4000 003d8000 003dc000
d078: 003e0000 003e4000 003e8000 003ec000 003f0000 003f4000 003f8000 003fc000
d080: 00000000 00008000 00010000 00018000 00020000 00028000 00030000 00038000
d088: 00040000 00048000 00050000 00058000 00060000 00068000 00070000 00078000
d090: 00080000 00088000 00090000 00098000 000a0000 000a8000 000b0000 000b8000
d098: 000c0000 000c8000 000d0000 000d8000 000e0000 000e8000 000f0000 000f8000
d0a0: 00100000 00108000 00110000 00118000 00120000 00128000 00130000 00138000
d0a8: 00140000 00148000 00150000 00158000 00160000 00168000 00170000 00178000
d0b0: 00180000 00188000 00190000 00198000 001a0000 001a8000 001b0000 001b8000
d0b8: 001c0000 001c8000 001d0000 001d8000 001e0000 001e8000 001f0000 001f8000
d0c0: 00200000 00208000 00210000 00218000 00220000 00228000 00230000 00238000
d0c8: 00240000 00248000 00250000 00258000 00260000 00268000 00270000 00278000
d0d0: 00280000 00288000 00290000 00298000 002a0000 002a8000 002b0000 002b8000
d0d8: 002c0000 002c8000 002d0000 002d8000 002e0000 002e8000 002f0000 002f8000
d0e0: 00300000 00308000 00310000 00318000 00320000 00328000 00330000 00338000
d0e8: 00340000 00348000 00350000 00358000 00360000 00368000 00370000 00378000
d0f0: 00380000 00388000 00390000 00398000 003a0000 003a8000 003b0000 003b8000
d0f8: 003c0000 003c8000 003d0000 003d8000 003e0000 003e8000 003f0000 003f8000
d100: 00400000 00408000 00410000 00418000 00420000 00428000 00430000 00438000
d108: 00440000 00448000 00450000 00458000 00460000 00468000 00470000 00478000
d110: 00480000 00488000 00490000 00498000 004a0000 004a8000 004b0000 004b8000
d118: 004c0000 004c8000 004d0000 004d8000 004e0000 004e8000 004f0000 004f8000
d120: 00500000 00508000 00510000 00518000 00520000 00528000 00530000 00538000
d128: 00540000 00548000 00550000 00558000 00560000 00568000 00570000 00578000
d130: 00580000 00588000 00590000 00598000 005a0000 005a8000 005b0000 005b8000
d138: 005c0000 005c8000 005d0000 005d8000 005e0000 005e8000 005f0000 005f8000
d140: 00600000 00608000 00610000 00618000 00620000 00628000 00630000 00638000
d148: 00640000 00648000 00650000 00658000 00660000 00668000 00670000 00678000
d150: 00680000 00688000 00690000 00698000 006a0000 006a8000 006b0000 006b8000
d158: 006c0000 006c8000 006d0000 006d8000 006e0000 006e8000 006f0000 006f8000
d160: 00700000 00708000 00710000 00718000 00720000 00728000 00730000 00738000
d168: 00740000 00748000 00750000 00758000 00760000 00768000 00770000 00778000
d170: 00780000 00788000 00790000 00798000 007a0000 007a8000 007b0000 007b8000
d178: 007c0000 007c8000 007d0000 007d8000 007e0000 007e8000 007f0000 007f8000
d180: 00000000 00010000 00020000 00030000 00040000 00050000 00060000 00070000
d188: 00080000 00090000 000a0000 000b0000 000c0000 000d0000 000e0000 000f0000
d190: 00100000 00110000 00120000 00130000 00140000 00150000 00160000 00170000
d198: 00180000 00190000 001a0000 001b0000 001c0000 001d0000 001e0000 001f0000
d1a0: 00200000 00210000 00220000 00230000 00240000 00250000 00260000 00270000
d1a8: 00280000 00290000 002a0000 002b0000 002c0000 002d0000 002e0000 002f0000
d1b0: 00300000 00310000 00320000 00330000 00340000 00350000 00360000 00370000
d1b8: 00380000 00390000 003a0000 003b0000 003c0000 003d0000 003e0000 003f0000
d1c0: 00400000 00410000 00420000 00430000 00440000 00450000 00460000 00470000
d1c8: 00480000 00490000 004a0000 004b0000 004c0000 004d0000 004e0000 004f0000
d1d0: 00500000 00510000 00520000 00530000 00540000 00550000 00560000 00570000
d1d8: 00580000 00590000 005a0000 005b0000 005c0000 005d0000 005e0000 005f0000
d1e0: 00600000 00610000 00620000 00630000 00640000 00650000 00660000 00670000
d1e8: 00680000 00690000 006a0000 006b0000 006c0000 006d0000 006e0000 006f0000
d1f0: 00700000 00710000 00720000 00730000 00740000 00750000 00760000 00770000
d1f8: 00780000 00790000 007a0000 007b0000 007c0000 007d0000 007e0000 007f0000
d200: 00800000 00810000 00820000 00830000 00840000 00850000 00860000 00870000
d208: 00880000 00890000 008a0000 008b0000 008c0000 008d0000 008e0000 008f0000
d210: 00900000 00910000 00920000 00930000 00940000 00950000 00960000 00970000
d218: 00980000 00990000 009a0000 009b0000 009c0000 009d0000 009e0000 009f0000
d220: 00a00000 00a10000 00a20000 00a30000 00a40000 00a50000 00a60000 00a70000
d228: 00a80000 00a90000 00aa0000 00ab0000 00ac0000 00ad0000 00ae0000 00af0000
d230: 00b00000 00b10000 00b20000 00b30000 00b40000 00b50000 00b60000 00b70000
d238: 00b80000 00b90000 00ba0000 00bb0000 00bc0000 00bd0000 00be0000 00bf0000
d240: 00c00000 00c10000 00c20000 00c30000 00c40000 00c50000 00c60000 00c70000
d248: 00c80000 00c90000 00ca0000 00cb0000 00cc0000 00cd0000 00ce0000 00cf0000
d250: 00d00000 00d10000 00d20000 00d30000 00d40000 00d50000 00d60000 00d70000
d258: 00d80000 00d90000 00da0000 00db0000 00dc0000 00dd0000 00de0000 00df0000
d260: 00e00000 00e10000 00e20000 00e30000 00e40000 00e50000 00e60000 00e70000
d268: 00e80000 00e90000 00ea0000 00eb0000 00ec0000 00ed0000 00ee0000 00ef0000
d270: 00f00000 00f10000 00f20000 00f30000 00f40000 00f50000 00f60000 00f70000
d278: 00f80000 00f90000 00fa0000 00fb0000 00fc0000 00fd0000 00fe0000 00ff0000
d280: 00000000 00020000 00040000 00060000 00080000 000a0000 000c0000 000e0000
d288: 00100000 00120000 00140000 00160000 00180000 001a0000 001c0000 001e0000
d290: 00200000 00220000 00240000 00260000 00280000 002a0000 002c0000 002e0000
d298: 00300000 00320000 00340000 00360000 00380000 003a0000 003c0000 003e0000
d2a0: 00400000 00420000 00440000 00460000 00480000 004a0000 004c0000 004e0000
d2a8: 00500000 00520000 00540000 00560000 00580000 005a0000 005c0000 005e0000
d2b0: 00600000 00620000 00640000 00660000 00680000 006a0000 006c0000 006e0000
d2b8: 00700000 00720000 00740000 00760000 00780000 007a0000 007c0000 007e0000
d2c0: 00800000 00820000 00840000 00860000 00880000 008a0000 008c0000 008e0000
d2c8: 00900000 00920000 00940000 00960000 00980000 009a0000 009c0000 009e0000
d2d0: 00a00000 00a20000 00a40000 00a60000 00a80000 00aa0000 00ac0000 00ae0000
d2d8: 00b00000 00b20000 00b40000 00b60000 00b80000 00ba0000 00bc0000 00be0000
d2e0: 00c00000 00c20000 00c40000 00c60000 00c80000 00ca0000 00cc0000 00ce0000
d2e8: 00d00000 00d20000 00d40000 00d60000 00d80000 00da0000 00dc0000 00de0000
d2f0: 00e00000 00e20000 00e40000 00e60000 00e80000 00ea0000 00ec0000 00ee0000
d2f8: 00f00000 00f20000 00f40000 00f60000 00f80000 00fa0000 00fc0000 00fe0000
d300: 01000000 01020000 01040000 01060000 01080000 010a0000 010c0000 010e0000
d308: 01100000 01120000 01140000 01160000 01180000 011a0000 011c0000 011e0000
d310: 01200000 01220000 01240000 01260000 01280000 012a0000 012c0000 012e0000
d318: 01300000 01320000 01340000 01360000 01380000 013a0000 013c0000 013e0000
d320: 01400000 01420000 01440000 01460000 01480000 014a0000 014c0000 014e0000
d328: 01500000 01520000 01540000 01560000 01580000 015a0000 015c0000 015e0000
d330: 01600000 01620000 01640000 01660000 01680000 016a0000 016c0000 016e0000
d338: 01700000 01720000 01740000 01760000 01780000 017a0000 017c0000 017e0000
d340: 01800000 01820000 01840000 01860000 01880000 018a0000 018c0000 018e0000
d348: 01900000 01920000 01940000 01960000 01980000 019a0000 019c0000 019e0000
d350: 01a00000 01a20000 01a40000 01a60000 01a80000 01aa0000 01ac0000 01ae0000
d358: 01b00000 01b20000 01b40000 01b60000 01b80000 01ba0000 01bc0000 01be0000
d360: 01c00000 01c20000 01c40000 01c60000 01c80000 01ca0000 01cc0000 01ce0000
d368: 01d00000 01d20000 01d40000 01d60000 01d80000 01da0000 01dc0000 01de0000
d370: 01e00000 01e20000 01e40000 01e60000 01e80000 01ea0000 01ec0000 01ee0000
d378: 01f00000 01f20000 01f40000 01f60000 01f80000 01fa0000 01fc0000 01fe0000
d380: 00000000 00040000 00080000 000c0000 00100000 00140000 00180000 001c0000
d388: 00200000 00240000 00280000 002c0000 00300000 00340000 00380000 003c0000
d390: 00400000 00440000 00480000 004c0000 00500000 00540000 00580000 005c0000
d398: 00600000 00640000 00680000 006c0000 00700000 00740000 00780000 007c0000
d3a0: 00800000 00840000 00880000 008c0000 00900000 00940000 00980000 009c0000
d3a8: 00a00000 00a40000 00a80000 00ac0000 00b00000 00b40000 00b80000 00bc0000
d3b0: 00c00000 00c40000 00c80000 00cc0000 00d00000 00d40000 00d80000 00dc0000
d3b8: 00e00000 00e40000 00e80000 00ec0000 00f00000 00f40000 00f80000 00fc0000
d3c0: 01000000 01040000 01080000 010c0000 01100000 01140000 01180000 011c0000
d3c8: 01200000 01240000 01280000 012c0000 01300000 01340000 01380000 013c0000
d3d0: 01400000 01440000 01480000 014c0000 01500000 01540000 01580000 015c0000
d3d8: 01600000 01640000 01680000 016c0000 01700000 01740000 01780000 017c0000
d3e0: 01800000 01840000 01880000 018c0000 01900000 01940000 01980000 019c0000
d3e8: 01a00000 01a40000 01a80000 01ac0000 01b00000 01b40000 01b80000 01bc0000
d3f0: 01c00000 01c40000 01c80000 01cc0000 01d00000 01d40000 01d80000 01dc0000
d3f8: 01e00000 01e40000 01e80000 01ec0000 01f00000 01f40000 01f80000 01fc0000
d400: 02000000 02040000 02080000 020c0000 02100000 02140000 02180000 021c0000
d408: 02200000 02240000 02280000 022c0000 02300000 02340000 02380000 023c0000
d410: 02400000 02440000 02480000 024c0000 02500000 02540000 02580000 025c0000
d418: 02600000 02640000 02680000 026c0000 02700000 02740000 02780000 027c0000
d420: 02800000 02840000 02880000 028c0000 02900000 02940000 02980000 029c0000
d428: 02a00000 02a40000 02a80000 02ac0000 02b00000 02b40000 02b80000 02bc0000
d430: 02c00000 02c40000 02c80000 02cc0000 02d00000 02d40000 02d80000 02dc0000
d438: 02e00000 02e40000 02e80000 02ec0000 02f00000 02f40000 02f80000 02fc0000
d440: 03000000 03040000 03080000 030c0000 03100000 03140000 03180000 031c0000
d448: 03200000 03240000 03280000 032c0000 03300000 03340000 03380000 033c0000
d450: 03400000 03440000 03480000 034c0000 03500000 03540000 03580000 035c0000
d458: 03600000 03640000 03680000 036c0000 03700000 03740000 03780000 037c0000
d460: 03800000 03840000 03880000 038c0000 03900000 03940000 03980000 039c0000
d468: 03a00000 03a40000 03a80000 03ac0000 03b00000 03b40000 03b80000 03bc0000
d470: 03c00000 03c40000 03c80000 03cc0000 03d00000 03d40000 03d80000 03dc0000
d478: 03e00000 03e40000 03e80000 03ec0000 03f00000 03f40000 03f80000 03fc0000
d480: 00000000 00080000 00100000 00180000 00200000 00280000 00300000 00380000
d488: 00400000 00480000 00500000 00580000 00600000 00680000 00700000 00780000
d490: 00800000 00880000 00900000 00980000 00a00000 00a80000 00b00000 00b80000
d498: 00c00000 00c80000 00d00000 00d80000 00e00000 00e80000 00f00000 00f80000
d4a0: 01000000 01080000 01100000 01180000 01200000 01280000 01300000 01380000
d4a8: 01400000 01480000 01500000 01580000 01600000 01680000 01700000 01780000
d4b0: 01800000 01880000 01900000 01980000 01a00000 01a80000 01b00000 01b80000
d4b8: 01c00000 01c80000 01d00000 01d80000 01e00000 01e80000 01f00000 01f80000
d4c0: 02000000 02080000 02100000 02180000 02200000 02280000 02300000 02380000
d4c8: 02400000 02480000 02500000 02580000 02600000 02680000 02700000 02780000
d4d0: 02800000 02880000 02900000 02980000 02a00000 02a80000 02b00000 02b80000
d4d8: 02c00000 02c80000 02d00000 02d80000 02e00000 02e80000 02f00000 02f80000
d4e0: 03000000 03080000 03100000 03180000 03200000 03280000 03300000 03380000
d4e8: 03400000 03480000 03500000 03580000 03600000 03680000 03700000 03780000
d4f0: 03800000 03880000 03900000 03980000 03a00000 03a80000 03b00000 03b80000
d4f8: 03c00000 03c80000 03d00000 03d80000 03e00000 03e80000 03f00000 03f80000
d500: 04000000 04080000 04100000 04180000 04200000 04280000 04300000 04380000
d508: 04400000 04480000 04500000 04580000 04600000 04680000 04700000 04780000
d510: 04800000 04880000 04900000 04980000 04a00000 04a80000 04b00000 04b80000
d518: 04c00000 04c80000 04d00000 04d80000 04e00000 04e80000 04f00000 04f80000
d520: 05000000 05080000 05100000 05180000 05200000 05280000 05300000 05380000
d528: 05400000 05480000 05500000 05580000 05600000 05680000 05700000 05780000
d530: 05800000 05880000 05900000 05980000 05a00000 05a80000 05b00000 05b80000
d538: 05c00000 05c80000 05d00000 05d80000 05e00000 05e80000 05f00000 05f80000
d540: 06000000 06080000 06100000 06180000 06200000 06280000 06300000 06380000
d548: 06400000 06480000 06500000 06580000 06600000 06680000 06700000 06780000
d550: 06800000 06880000 06900000 06980000 06a00000 06a80000 06b00000 06b80000
d558: 06c00000 06c80000 06d00000 06d80000 06e00000 06e80000 06f00000 06f80000
d560: 07000000 07080000 07100000 07180000 07200000 07280000 07300000 07380000
d568: 07400000 07480000 07500000 07580000 07600000 07680000 07700000 07780000
d570: 07800000 07880000 07900000 07980000 07a00000 07a80000 07b00000 07b80000
d578: 07c00000 07c80000 07d00000 07d80000 07e00000 07e80000 07f00000 07f80000
d580: 00000000 00100000 00200000 00300000 00400000 00500000 00600000 00700000
d588: 00800000 00900000 00a00000 00b00000 00c00000 00d00000 00e00000 00f00000
d590: 01000000 01100000 01200000 01300000 01400000 01500000 01600000 01700000
d598: 01800000 01900000 01a00000 01b00000 01c00000 01d00000 01e00000 01f00000
d5a0: 02000000 02100000 02200000 02300000 02400000 02500000 02600000 02700000
d5a8: 02800000 02900000 02a00000 02b00000 02c00000 02d00000 02e00000 02f00000
d5b0: 03000000 03100000 03200000 03300000 03400000 03500000 03600000 03700000
d5b8: 03800000 03900000 03a00000 03b00000 03c00000 03d00000 03e00000 03f00000
d5c0: 04000000 04100000 04200000 04300000 04400000 04500000 04600000 04700000
d5c8: 04800000 04900000 04a00000 04b00000 04c00000 04d00000 04e00000 04f00000
d5d0: 05000000 05100000 05200000 05300000 05400000 05500000 05600000 05700000
d5d8: 05800000 05900000 05a00000 05b00000 05c00000 05d00000 05e00000 05f00000
d5e0: 06000000 06100000 06200000 06300000 06400000 06500000 06600000 06700000
d5e8: 06800000 06900000 06a00000 06b00000 06c00000 06d00000 06e00000 06f00000
d5f0: 07000000 07100000 07200000 07300000 07400000 07500000 07600000 07700000
d5f8: 07800000 07900000 07a00000 07b00000 07c00000 07d00000 07e00000 07f00000
d600: 08000000 08100000 08200000 08300000 08400000 08500000 08600000 08700000
d608: 08800000 08900000 08a00000 08b00000 08c00000 08d00000 08e00000 08f00000
d610: 09000000 09100000 09200000 09300000 09400000 09500000 09600000 09700000
d618: 09800000 09900000 09a00000 09b00000 09c00000 09d00000 09e00000 09f00000
d620: 0a000000 0a100000 0a200000 0a300000 0a400000 0a500000 0a600000 0a700000
d628: 0a800000 0a900000 0aa00000 0ab00000 0ac00000 0ad00000 0ae00000 0af00000
d630: 0b000000 0b100000 0b200000 0b300000 0b400000 0b500000 0b600000 0b700000
d638: 0b800000 0b900000 0ba00000 0bb00000 0bc00000 0bd00000 0be00000 0bf00000
d640: 0c000000 0c100000 0c200000 0c300000 0c400000 0c500000 0c600000 0c700000
d648: 0c800000 0c900000 0ca00000 0cb00000 0cc00000 0cd00000 0ce00000 0cf00000
d650: 0d000000 0d100000 0d200000 0d300000 0d400000 0d500000 0d600000 0d700000
d658: 0d800000 0d900000 0da00000 0db00000 0dc00000 0dd00000 0de00000 0df00000
d660: 0e000000 0e100000 0e200000 0e300000 0e400000 0e500000 0e600000 0e700000
d668: 0e800000 0e900000 0ea00000 0eb00000 0ec00000 0ed00000 0ee00000 0ef00000
d670: 0f000000 0f100000 0f200000 0f300000 0f400000 0f500000 0f600000 0f700000
d678: 0f800000 0f900000 0fa00000 0fb00000 0fc00000 0fd00000 0fe00000 0ff00000
d680: 00000000 00200000 00400000 00600000 00800000 00a00000 00c00000 00e00000
d688: 01000000 01200000 01400000 01600000 01800000 01a00000 01c00000 01e00000
d690: 02000000 02200000 02400000 02600000 02800000 02a00000 02c00000 02e00000
d698: 03000000 03200000 03400000 03600000 03800000 03a00000 03c00000 03e00000
d6a0: 04000000 04200000 04400000 04600000 04800000 04a00000 04c00000 04e00000
d6a8: 05000000 05200000 05400000 05600000 05800000 05a00000 05c00000 05e00000
d6b0: 06000000 06200000 06400000 06600000 06800000 06a00000 06c00000 06e00000
d6b8: 07000000 07200000 07400000 07600000 07800000 07a00000 07c00000 07e00000
d6c0: 08000000 08200000 08400000 08600000 08800000 08a00000 08c00000 08e00000
d6c8: 09000000 09200000 09400000 09600000 09800000 09a00000 09c00000 09e00000
d6d0: 0a000000 0a200000 0a400000 0a600000 0a800000 0aa00000 0ac00000 0ae00000
d6d8: 0b000000 0b200000 0b400000 0b600000 0b800000 0ba00000 0bc00000 0be00000
d6e0: 0c000000 0c200000 0c400000 0c600000 0c800000 0ca00000 0cc00000 0ce00000
d6e8: 0d000000 0d200000 0d400000 0d600000 0d800000 0da00000 0dc00000 0de00000
d6f0: 0e000000 0e200000 0e400000 0e600000 0e800000 0ea00000 0ec00000 0ee00000
d6f8: 0f000000 0f200000 0f400000 0f600000 0f800000 0fa00000 0fc00000 0fe00000
d700: 10000000 10200000 10400000 10600000 10800000 10a00000 10c00000 10e00000
d708: 11000000 11200000 11400000 11600000 11800000 11a00000 11c00000 11e00000
d710: 12000000 12200000 12400000 12600000 12800000 12a00000 12c00000 12e00000
d718: 13000000 13200000 13400000 13600000 13800000 13a00000 13c00000 13e00000
d720: 14000000 14200000 14400000 14600000 14800000 14a00000 14c00000 14e00000
d728: 15000000 15200000 15400000 15600000 15800000 15a00000 15c00000 15e00000
d730: 16000000 16200000 16400000 16600000 16800000 16a00000 16c00000 16e00000
d738: 17000000 17200000 17400000 17600000 17800000 17a00000 17c00000 17e00000
d740: 18000000 18200000 18400000 18600000 18800000 18a00000 18c00000 18e00000
d748: 19000000 19200000 19400000 19600000 19800000 19a00000 19c00000 19e00000
d750: 1a000000 1a200000 1a400000 1a600000 1a800000 1aa00000 1ac00000 1ae00000
d758: 1b000000 1b200000 1b400000 1b600000 1b800000 1ba00000 1bc00000 1be00000
d760: 1c000000 1c200000 1c400000 1c600000 1c800000 1ca00000 1cc00000 1ce00000
d768: 1d000000 1d200000 1d400000 1d600000 1d800000 1da00000 1dc00000 1de00000
d770: 1e000000 1e200000 1e400000 1e600000 1e800000 1ea00000 1ec00000 1ee00000
d778: 1f000000 1f200000 1f400000 1f600000 1f800000 1fa00000 1fc00000 1fe00000
d780: 00000000 00400000 00800000 00c00000 01000000 01400000 01800000 01c00000
d788: 02000000 02400000 02800000 02c00000 03000000 03400000 03800000 03c00000
d790: 04000000 04400000 04800000 04c00000 05000000 05400000 05800000 05c00000
d798: 06000000 06400000 06800000 06c00000 07000000 07400000 07800000 07c00000
d7a0: 08000000 08400000 08800000 08c00000 09000000 09400000 09800000 09c00000
d7a8: 0a000000 0a400000 0a800000 0ac00000 0b000000 0b400000 0b800000 0bc00000
d7b0: 0c000000 0c400000 0c800000 0cc00000 0d000000 0d400000 0d800000 0dc00000
d7b8: 0e000000 0e400000 0e800000 0ec00000 0f000000 0f400000 0f800000 0fc00000
d7c0: 10000000 10400000 10800000 10c00000 11000000 11400000 11800000 11c00000
d7c8: 12000000 12400000 12800000 12c00000 13000000 13400000 13800000 13c00000
d7d0: 14000000 14400000 14800000 14c00000 15000000 15400000 15800000 15c00000
d7d8: 16000000 16400000 16800000 16c00000 17000000 17400000 17800000 17c00000
d7e0: 18000000 18400000 18800000 18c00000 19000000 19400000 19800000 19c00000
d7e8: 1a000000 1a400000 1a800000 1ac00000 1b000000 1b400000 1b800000 1bc00000
d7f0: 1c000000 1c400000 1c800000 1cc00000 1d000000 1d400000 1d800000 1dc00000
d7f8: 1e000000 1e400000 1e800000 1ec00000 1f000000 1f400000 1f800000 1fc00000
d800: 20000000 20400000 20800000 20c00000 21000000 21400000 21800000 21c00000
d808: 22000000 22400000 22800000 22c00000 23000000 23400000 23800000 23c00000
d810: 24000000 24400000 24800000 24c00000 25000000 25400000 25800000 25c00000
d818: 26000000 26400000 26800000 26c00000 27000000 27400000 27800000 27c00000
d820: 28000000 28400000 28800000 28c00000 29000000 29400000 29800000 29c00000
d828: 2a000000 2a400000 2a800000 2ac00000 2b000000 2b400000 2b800000 2bc00000
d830: 2c000000 2c400000 2c800000 2cc00000 2d000000 2d400000 2d800000 2dc00000
d838: 2e000000 2e400000 2e800000 2ec00000 2f000000 2f400000 2f800000 2fc00000
d840: 30000000 30400000 30800000 30c00000 31000000 31400000 31800000 31c00000
d848: 32000000 32400000 32800000 32c00000 33000000 33400000 33800000 33c00000
d850: 34000000 34400000 34800000 34c00000 35000000 35400000 35800000 35c00000
d858: 36000000 36400000 36800000 36c00000 37000000 37400000 37800000 37c00000
d860: 38000000 38400000 38800000 38c00000 39000000 39400000 39800000 39c00000
d868: 3a000000 3a400000 3a800000 3ac00000 3b000000 3b400000 3b800000 3bc00000
d870: 3c000000 3c400000 3c800000 3cc00000 3d000000 3d400000 3d800000 3dc00000
d878: 3e000000 3e400000 3e800000 3ec00000 3f000000 3f400000 3f800000 3fc00000
d880: 00000000 00800000 01000000 01800000 02000000 02800000 03000000 03800000
d888: 04000000 04800000 05000000 05800000 06000000 06800000 07000000 07800000
d890: 08000000 08800000 09000000 09800000 0a000000 0a800000 0b000000 0b800000
d898: 0c000000 0c800000 0d000000 0d800000 0e000000 0e800000 0f000000 0f800000
d8a0: 10000000 10800000 11000000 11800000 12000000 12800000 13000000 13800000
d8a8: 14000000 14800000 15000000 15800000 16000000 16800000 17000000 17800000
d8b0: 18000000 18800000 19000000 19800000 1a000000 1a800000 1b000000 1b800000
d8b8: 1c000000 1c800000 1d000000 1d800000 1e000000 1e800000 1f000000 1f800000
d8c0: 20000000 20800000 21000000 21800000 22000000 22800000 23000000 23800000
d8c8: 24000000 24800000 25000000 25800000 26000000 26800000 27000000 27800000
d8d0: 28000000 28800000 29000000 29800000 2a000000 2a800000 2b000000 2b800000
d8d8: 2c000000 2c800000 2d000000 2d800000 2e000000 2e800000 2f000000 2f800000
d8e0: 30000000 30800000 31000000 31800000 32000000 32800000 33000000 33800000
d8e8: 34000000 34800000 35000000 35800000 36000000 36800000 37000000 37800000
d8f0: 38000000 38800000 39000000 39800000 3a000000 3a800000 3b000000 3b800000
d8f8: 3c000000 3c800000 3d000000 3d800000 3e000000 3e800000 3f000000 3f800000
d900: 40000000 40800000 41000000 41800000 42000000 42800000 43000000 43800000
d908: 44000000 44800000 45000000 45800000 46000000 46800000 47000000 47800000
d910: 48000000 48800000 49000000 49800000 4a000000 4a800000 4b000000 4b800000
d918: 4c000000 4c800000 4d000000 4d800000 4e000000 4e800000 4f000000 4f800000
d920: 50000000 50800000 51000000 51800000 52000000 52800000 53000000 53800000
d928: 54000000 54800000 55000000 55800000 56000000 56800000 57000000 57800000
d930: 58000000 58800000 59000000 59800000 5a000000 5a800000 5b000000 5b800000
d938: 5c000000 5c800000 5d000000 5d800000 5e000000 5e800000 5f000000 5f800000
d940: 60000000 60800000 61000000 61800000 62000000 62800000 63000000 63800000
d948: 64000000 64800000 65000000 65800000 66000000 66800000 67000000 67800000
d950: 68000000 68800000 69000000 69800000 6a000000 6a800000 6b000000 6b800000
d958: 6c000000 6c800000 6d000000 6d800000 6e000000 6e800000 6f000000 6f800000
d960: 70000000 70800000 71000000 71800000 72000000 72800000 73000000 73800000
d968: 74000000 74800000 75000000 75800000 76000000 76800000 77000000 77800000
d970: 78000000 78800000 79000000 79800000 7a000000 7a800000 7b000000 7b800000
d978: 7c000000 7c800000 7d000000 7d800000 7e000000 7e800000 7f000000 7f800000
d980: 00000000 01000000 02000000 03000000 04000000 05000000 06000000 07000000
d988: 08000000 09000000 0a000000 0b000000 0c000000 0d000000 0e000000 0f000000
d990: 10000000 11000000 12000000 13000000 14000000 15000000 16000000 17000000
d998: 18000000 19000000 1a000000 1b000000 1c000000 1d000000 1e000000 1f000000
d9a0: 20000000 21000000 22000000 23000000 24000000 25000000 26000000 27000000
d9a8: 28000000 29000000 2a000000 2b000000 2c000000 2d000000 2e000000 2f000000
d9b0: 30000000 31000000 32000000 33000000 34000000 35000000 36000000 37000000
d9b8: 38000000 39000000 3a000000 3b000000 3c000000 3d000000 3e000000 3f000000
d9c0: 40000000 41000000 42000000 43000000 44000000 45000000 46000000 47000000
d9c8: 48000000 49000000 4a000000 4b000000 4c000000 4d000000 4e000000 4f000000
d9d0: 50000000 51000000 52000000 53000000 54000000 55000000 56000000 57000000
d9d8: 58000000 59000000 5a000000 5b000000 5c000000 5d000000 5e000000 5f000000
d9e0: 60000000 61000000 62000000 63000000 64000000 65000000 66000000 67000000
d9e8: 68000000 69000000 6a000000 6b000000 6c000000 6d000000 6e000000 6f000000
d9f0: 70000000 71000000 72000000 73000000 74000000 75000000 76000000 77000000
d9f8: 78000000 79000000 7a000000 7b000000 7c000000 7d000000 7e000000 7f000000
da00: 80000000 81000000 82000000 83000000 84000000 85000000 86000000 87000000
da08: 88000000 89000000 8a000000 8b000000 8c000000 8d000000 8e000000 8f000000
da10: 90000000 91000000 92000000 93000000 94000000 95000000 96000000 97000000
da18: 98000000 99000000 9a000000 9b000000 9c000000 9d000000 9e000000 9f000000
da20: a0000000 a1000000 a2000000 a3000000 a4000000 a5000000 a6000000 a7000000
da28: a8000000 a9000000 aa000000 ab000000 ac000000 ad000000 ae000000 af000000
da30: b0000000 b1000000 b2000000 b3000000 b4000000 b5000000 b6000000 b7000000
da38: b8000000 b9000000 ba000000 bb000000 bc000000 bd000000 be000000 bf000000
da40: c0000000 c1000000 c2000000 c3000000 c4000000 c5000000 c6000000 c7000000
da48: c8000000 c9000000 ca000000 cb000000 cc000000 cd000000 ce000000 cf000000
da50: d0000000 d1000000 d2000000 d3000000 d4000000 d5000000 d6000000 d7000000
da58: d8000000 d9000000 da000000 db000000 dc000000 dd000000 de000000 df000000
da60: e0000000 e1000000 e2000000 e3000000 e4000000 e5000000 e6000000 e7000000
da68: e8000000 e9000000 ea000000 eb000000 ec000000 ed000000 ee000000 ef000000
da70: f0000000 f1000000 f2000000 f3000000 f4000000 f5000000 f6000000 f7000000
da78: f8000000 f9000000 fa000000 fb000000 fc000000 fd000000 fe000000 ff000000
da80: 00000000 02000000 04000000 06000000 08000000 0a000000 0c000000 0e000000
da88: 10000000 12000000 14000000 16000000 18000000 1a000000 1c000000 1e000000
da90: 20000000 22000000 24000000 26000000 28000000 2a000000 2c000000 2e000000
da98: 30000000 32000000 34000000 36000000 38000000 3a000000 3c000000 3e000000
daa0: 40000000 42000000 44000000 46000000 48000000 4a000000 4c000000 4e000000
daa8: 50000000 52000000 54000000 56000000 58000000 5a000000 5c000000 5e000000
dab0: 60000000 62000000 64000000 66000000 68000000 6a000000 6c000000 6e000000
dab8: 70000000 72000000 74000000 76000000 78000000 7a000000 7c000000 7e000000
dac0: 80000000 82000000 84000000 86000000 88000000 8a000000 8c000000 8e000000
dac8: 90000000 92000000 94000000 96000000 98000000 9a000000 9c000000 9e000000
dad0: a0000000 a2000000 a4000000 a6000000 a8000000 aa000000 ac000000 ae000000
dad8: b0000000 b2000000 b4000000 b6000000 b8000000 ba000000 bc000000 be000000
dae0: c0000000 c2000000 c4000000 c6000000 c8000000 ca000000 cc000000 ce000000
dae8: d0000000 d2000000 d4000000 d6000000 d8000000 da000000 dc000000 de000000
daf0: e0000000 e2000000 e4000000 e6000000 e8000000 ea000000 ec000000 ee000000
daf8: f0000000 f2000000 f4000000 f6000000 f8000000 fa000000 fc000000 fe000000
db00: 00000000 02000000 04000000 06000000 08000000 0a000000 0c000000 0e000000
db08: 10000000 12000000 14000000 16000000 18000000 1a000000 1c000000 1e000000
db10: 20000000 22000000 24000000 26000000 28000000 2a000000 2c000000 2e000000
db18: 30000000 32000000 34000000 36000000 38000000 3a000000 3c000000 3e000000
db20: 40000000 42000000 44000000 46000000 48000000 4a000000 4c000000 4e000000
db28: 50000000 52000000 54000000 56000000 58000000 5a000000 5c000000 5e000000
db30: 60000000 62000000 64000000 66000000 68000000 6a000000 6c000000 6e000000
db38: 70000000 72000000 74000000 76000000 78000000 7a000000 7c000000 7e000000
db40: 80000000 82000000 84000000 86000000 88000000 8a000000 8c000000 8e000000
db48: 90000000 92000000 94000000 96000000 98000000 9a000000 9c000000 9e000000
db50: a0000000 a2000000 a4000000 a6000000 a8000000 aa000000 ac000000 ae000000
db58: b0000000 b2000000 b4000000 b6000000 b8000000 ba000000 bc000000 be000000
db60: c0000000 c2000000 c4000000 c6000000 c8000000 ca000000 cc000000 ce000000
db68: d0000000 d2000000 d4000000 d6000000 d8000000 da000000 dc000000 de000000
db70: e0000000 e2000000 e4000000 e6000000 e8000000 ea000000 ec000000 ee000000
db78: f0000000 f2000000 f4000000 f6000000 f8000000 fa000000 fc000000 fe000000
db80: 00000000 04000000 08000000 0c000000 10000000 14000000 18000000 1c000000
db88: 20000000 24000000 28000000 2c000000 30000000 34000000 38000000 3c000000
db90: 40000000 44000000 48000000 4c000000 50000000 54000000 58000000 5c000000
db98: 60000000 64000000 68000000 6c000000 70000000 74000000 78000000 7c000000
dba0: 80000000 84000000 88000000 8c000000 90000000 94000000 98000000 9c000000
dba8: a0000000 a4000000 a8000000 ac000000 b0000000 b4000000 b8000000 bc000000
dbb0: c0000000 c4000000 c8000000 cc000000 d0000000 d4000000 d8000000 dc000000
dbb8: e0000000 e4000000 e8000000 ec000000 f0000000 f4000000 f8000000 fc000000
dbc0: 00000000 04000000 08000000 0c000000 10000000 14000000 18000000 1c000000
dbc8: 20000000 24000000 28000000 2c000000 30000000 34000000 38000000 3c000000
dbd0: 40000000 44000000 48000000 4c000000 50000000 54000000 58000000 5c000000
dbd8: 60000000 64000000 68000000 6c000000 70000000 74000000 78000000 7c000000
dbe0: 80000000 84000000 88000000 8c000000 90000000 94000000 98000000 9c000000
dbe8: a0000000 a4000000 a8000000 ac000000 b0000000 b4000000 b8000000 bc000000
dbf0: c0000000 c4000000 c8000000 cc000000 d0000000 d4000000 d8000000 dc000000
dbf8: e0000000 e4000000 e8000000 ec000000 f0000000 f4000000 f8000000 fc000000
dc00: 00000000 04000000 08000000 0c000000 10000000 14000000 18000000 1c000000
dc08: 20000000 24000000 28000000 2c000000 30000000 34000000 38000000 3c000000
dc10: 40000000 44000000 48000000 4c000000 50000000 54000000 58000000 5c000000
dc18: 60000000 64000000 68000000 6c000000 70000000 74000000 78000000 7c000000
dc20: 80000000 84000000 88000000 8c000000 90000000 94000000 98000000 9c000000
dc28: a0000000 a4000000 a8000000 ac000000 b0000000 b4000000 b8000000 bc000000
dc30: c0000000 c4000000 c8000000 cc000000 d0000000 d4000000 d8000000 dc000000
dc38: e0000000 e4000000 e8000000 ec000000 f0000000 f4000000 f8000000 fc000000
dc40: 00000000 04000000 08000000 0c000000 10000000 14000000 18000000 1c000000
dc48: 20000000 24000000 28000000 2c000000 30000000 34000000 38000000 3c000000
dc50: 40000000 44000000 48000000 4c000000 50000000 54000000 58000000 5c000000
dc58: 60000000 64000000 68000000 6c000000 70000000 74000000 78000000 7c000000
dc60: 80000000 84000000 88000000 8c000000 90000000 94000000 98000000 9c000000
dc68: a0000000 a4000000 a8000000 ac000000 b0000000 b4000000 b8000000 bc000000
dc70: c0000000 c4000000 c8000000 cc000000 d0000000 d4000000 d8000000 dc000000
dc78: e0000000 e4000000 e8000000 ec000000 f0000000 f4000000 f8000000 fc000000
dc80: 00000000 08000000 10000000 18000000 20000000 28000000 30000000 38000000
dc88: 40000000 48000000 50000000 58000000 60000000 68000000 70000000 78000000
dc90: 80000000 88000000 90000000 98000000 a0000000 a8000000 b0000000 b8000000
dc98: c0000000 c8000000 d0000000 d8000000 e0000000 e8000000 f0000000 f8000000
dca0: 00000000 08000000 10000000 18000000 20000000 28000000 30000000 38000000
dca8: 40000000 48000000 50000000 58000000 60000000 68000000 70000000 78000000
dcb0: 80000000 88000000 90000000 98000000 a0000000 a8000000 b0000000 b8000000
dcb8: c0000000 c8000000 d0000000 d8000000 e0000000 e8000000 f0000000 f8000000
dcc0: 00000000 08000000 10000000 18000000 20000000 28000000 30000000 38000000
dcc8: 40000000 48000000 50000000 58000000 60000000 68000000 70000000 78000000
dcd0: 80000000 88000000 90000000 98000000 a0000000 a8000000 b0000000 b8000000
dcd8: c0000000 c8000000 d0000000 d8000000 e0000000 e8000000 f0000000 f8000000
dce0: 00000000 08000000 10000000 18000000 20000000 28000000 30000000 38000000
dce8: 40000000 48000000 50000000 58000000 60000000 68000000 70000000 78000000
dcf0: 80000000 88000000 90000000 98000000 a0000000 a8000000 b0000000 b8000000
dcf8: c0000000 c8000000 d0000000 d8000000 e0000000 e8000000 f0000000 f8000000
dd00: 00000000 08000000 10000000 18000000 20000000 28000000 30000000 38000000
dd08: 40000000 48000000 50000000 58000000 60000000 68000000 70000000 78000000
dd10: 80000000 88000000 90000000 98000000 a0000000 a8000000 b0000000 b8000000
dd18: c0000000 c8000000 d0000000 d8000000 e0000000 e8000000 f0000000 f8000000
dd20: 00000000 08000000 10000000 18000000 20000000 28000000 30000000 38000000
dd28: 40000000 48000000 50000000 58000000 60000000 68000000 70000000 78000000
dd30: 80000000 88000000 90000000 98000000 a0000000 a8000000 b0000000 b8000000
dd38: c0000000 c8000000 d0000000 d8000000 e0000000 e8000000 f0000000 f8000000
dd40: 00000000 08000000 10000000 18000000 20000000 28000000 30000000 38000000
dd48: 40000000 48000000 50000000 58000000 60000000 68000000 70000000 78000000
dd50: 80000000 88000000 90000000 98000000 a0000000 a8000000 b0000000 b8000000
dd58: c0000000 c8000000 d0000000 d8000000 e0000000 e8000000 f0000000 f8000000
dd60: 00000000 08000000 10000000 18000000 20000000 28000000 30000000 38000000
dd68: 40000000 48000000 50000000 58000000 60000000 68000000 70000000 78000000
dd70: 80000000 88000000 90000000 98000000 a0000000 a8000000 b0000000 b8000000
dd78: c0000000 c8000000 d0000000 d8000000 e0000000 e8000000 f0000000 f8000000
dd80: 00000000 10000000 20000000 30000000 40000000 50000000 60000000 70000000
dd88: 80000000 90000000 a0000000 b0000000 c0000000 d0000000 e0000000 f0000000
dd90: 00000000 10000000 20000000 30000000 40000000 50000000 60000000 70000000
dd98: 80000000 90000000 a0000000 b0000000 c0000000 d0000000 e0000000 f0000000
dda0: 00000000 10000000 20000000 30000000 40000000 50000000 60000000 70000000
dda8: 80000000 90000000 a0000000 b0000000 c0000000 d0000000 e0000000 f0000000
ddb0: 00000000 10000000 20000000 30000000 40000000 50000000 60000000 70000000
ddb8: 80000000 90000000 a0000000 b0000000 c0000000 d0000000 e0000000 f0000000
ddc0: 00000000 10000000 20000000 30000000 40000000 50000000 60000000 70000000
ddc8: 80000000 90000000 a0000000 b0000000 c0000000 d0000000 e0000000 f0000000
ddd0: 00000000 10000000 20000000 30000000 40000000 50000000 60000000 70000000
ddd8: 80000000 90000000 a0000000 b0000000 c0000000 d0000000 e0000000 f0000000
dde0: 00000000 10000000 20000000 30000000 40000000 50000000 60000000 70000000
dde8: 80000000 90000000 a0000000 b0000000 c0000000 d0000000 e0000000 f0000000
ddf0: 00000000 10000000 20000000 30000000 40000000 50000000 60000000 70000000
ddf8: 80000000 90000000 a0000000 b0000000 c0000000 d0000000 e0000000 f0000000
de00: 00000000 10000000 20000000 30000000 40000000 50000000 60000000 70000000
de08: 80000000 90000000 a0000000 b0000000 c0000000 d0000000 e0000000 f0000000
de10: 00000000 10000000 20000000 30000000 40000000 50000000 60000000 70000000
de18: 80000000 90000000 a0000000 b0000000 c0000000 d0000000 e0000000 f0000000
de20: 00000000 10000000 20000000 30000000 40000000 50000000 60000000 70000000
de28: 80000000 90000000 a0000000 b0000000 c0000000 d0000000 e0000000 f0000000
de30: 00000000 10000000 20000000 30000000 40000000 50000000 60000000 70000000
de38: 80000000 90000000 a0000000 b0000000 c0000000 d0000000 e0000000 f0000000
de40: 00000000 10000000 20000000 30000000 40000000 50000000 60000000 70000000
de48: 80000000 90000000 a0000000 b0000000 c0000000 d0000000 e0000000 f0000000
de50: 00000000 10000000 20000000 30000000 40000000 50000000 60000000 70000000
de58: 80000000 90000000 a0000000 b0000000 c0000000 d0000000 e0000000 f0000000
de60: 00000000 10000000 20000000 30000000 40000000 50000000 60000000 70000000
de68: 80000000 90000000 a0000000 b0000000 c0000000 d0000000 e0000000 f0000000
de70: 00000000 10000000 20000000 30000000 40000000 50000000 60000000 70000000
de78: 80000000 90000000 a0000000 b0000000 c0000000 d0000000 e0000000 f0000000
de80: 00000000 20000000 40000000 60000000 80000000 a0000000 c0000000 e0000000
de88: 00000000 20000000 40000000 60000000 80000000 a0000000 c0000000 e0000000
de90: 00000000 20000000 40000000 60000000 80000000 a0000000 c0000000 e0000000
de98: 00000000 20000000 40000000 60000000 80000000 a0000000 c0000000 e0000000
dea0: 00000000 20000000 40000000 60000000 80000000 a0000000 c0000000 e0000000
dea8: 00000000 20000000 40000000 60000000 80000000 a0000000 c0000000 e0000000
deb0: 00000000 20000000 40000000 60000000 80000000 a0000000 c0000000 e0000000
deb8: 00000000 20000000 40000000 60000000 80000000 a0000000 c0000000 e0000000
dec0: 00000000 20000000 40000000 60000000 80000000 a0000000 c0000000 e0000000
dec8: 00000000 20000000 40000000 60000000 80000000 a0000000 c0000000 e0000000
ded0: 00000000 20000000 40000000 60000000 80000000 a0000000 c0000000 e0000000
ded8: 00000000 20000000 40000000 60000000 80000000 a0000000 c0000000 e0000000
dee0: 00000000 20000000 40000000 60000000 80000000 a0000000 c0000000 e0000000
dee8: 00000000 20000000 40000000 60000000 80000000 a0000000 c0000000 e0000000
def0: 00000000 20000000 40000000 60000000 80000000 a0000000 c0000000 e0000000
def8: 00000000 20000000 40000000 60000000 80000000 a0000000 c0000000 e0000000
df00: 00000000 20000000 40000000 60000000 80000000 a0000000 c0000000 e0000000
df08: 00000000 20000000 40000000 60000000 80000000 a0000000 c0000000 e0000000
df10: 00000000 20000000 40000000 60000000 80000000 a0000000 c0000000 e0000000
df18: 00000000 20000000 40000000 60000000 80000000 a0000000 c0000000 e0000000
df20: 00000000 20000000 40000000 60000000 80000000 a0000000 c0000000 e0000000
df28: 00000000 20000000 40000000 60000000 80000000 a0000000 c0000000 e0000000
df30: 00000000 20000000 40000000 60000000 80000000 a0000000 c0000000 e0000000
df38: 00000000 20000000 40000000 60000000 80000000 a0000000 c0000000 e0000000
df40: 00000000 20000000 40000000 60000000 80000000 a0000000 c0000000 e0000000
df48: 00000000 20000000 40000000 60000000 80000000 a0000000 c0000000 e0000000
df50: 00000000 20000000 40000000 60000000 80000000 a0000000 c0000000 e0000000
df58: 00000000 20000000 40000000 60000000 80000000 a0000000 c0000000 e0000000
df60: 00000000 20000000 40000000 60000000 80000000 a0000000 c0000000 e0000000
df68: 00000000 20000000 40000000 60000000 80000000 a0000000 c0000000 e0000000
df70: 00000000 20000000 40000000 60000000 80000000 a0000000 c0000000 e0000000
df78: 00000000 20000000 40000000 60000000 80000000 a0000000 c0000000 e0000000
df80: 00000000 40000000 80000000 c0000000 00000000 40000000 80000000 c0000000
df88: 00000000 40000000 80000000 c0000000 00000000 40000000 80000000 c0000000
df90: 00000000 40000000 80000000 c0000000 00000000 40000000 80000000 c0000000
df98: 00000000 40000000 80000000 c0000000 00000000 40000000 80000000 c0000000
dfa0: 00000000 40000000 80000000 c0000000 00000000 40000000 80000000 c0000000
dfa8: 00000000 40000000 80000000 c0000000 00000000 40000000 80000000 c0000000
dfb0: 00000000 40000000 80000000 c0000000 00000000 40000000 80000000 c0000000
dfb8: 00000000 40000000 80000000 c0000000 00000000 40000000 80000000 c0000000
dfc0: 00000000 40000000 80000000 c0000000 00000000 40000000 80000000 c0000000
dfc8: 00000000 40000000 80000000 c0000000 00000000 40000000 80000000 c0000000
dfd0: 00000000 40000000 80000000 c0000000 00000000 40000000 80000000 c0000000
dfd8: 00000000 40000000 80000000 c0000000 00000000 40000000 80000000 c0000000
dfe0: 00000000 40000000 80000000 c0000000 00000000 40000000 80000000 c0000000
dfe8: 00000000 40000000 80000000 c0000000 00000000 40000000 80000000 c0000000
dff0: 00000000 40000000 80000000 c0000000 00000000 40000000 80000000 c0000000
dff8: 00000000 40000000 80000000 c0000000 00000000 40000000 80000000 c0000000
e000: 00000000 40000000 80000000 c0000000 00000000 40000000 80000000 c0000000
e008: 00000000 40000000 80000000 c0000000 00000000 40000000 80000000 c0000000
e010: 00000000 40000000 80000000 c0000000 00000000 40000000 80000000 c0000000
e018: 00000000 40000000 80000000 c0000000 00000000 40000000 80000000 c0000000
e020: 00000000 40000000 80000000 c0000000 00000000 40000000 80000000 c0000000
e028: 00000000 40000000 80000000 c0000000 00000000 40000000 80000000 c0000000
e030: 00000000 40000000 80000000 c0000000 00000000 40000000 80000000 c0000000
e038: 00000000 40000000 80000000 c0000000 00000000 40000000 80000000 c0000000
e040: 00000000 40000000 80000000 c0000000 00000000 40000000 80000000 c0000000
e048: 00000000 40000000 80000000 c0000000 00000000 40000000 80000000 c0000000
e050: 00000000 40000000 80000000 c0000000 00000000 40000000 80000000 c0000000
e058: 00000000 40000000 80000000 c0000000 00000000 40000000 80000000 c0000000
e060: 00000000 40000000 80000000 c0000000 00000000 40000000 80000000 c0000000
e068: 00000000 40000000 80000000 c0000000 00000000 40000000 80000000 c0000000
e070: 00000000 40000000 80000000 c0000000 00000000 40000000 80000000 c0000000
e078: 00000000 40000000 80000000 c0000000 00000000 40000000 80000000 c0000000
e080: 00000000 80000000 00000000 80000000 00000000 80000000 00000000 80000000
e088: 00000000 80000000 00000000 80000000 00000000 80000000 00000000 80000000
e090: 00000000 80000000 00000000 80000000 00000000 80000000 00000000 80000000
e098: 00000000 80000000 00000000 80000000 00000000 80000000 00000000 80000000
e0a0: 00000000 80000000 00000000 80000000 00000000 80000000 00000000 80000000
e0a8: 00000000 80000000 00000000 80000000 00000000 80000000 00000000 80000000
e0b0: 00000000 80000000 00000000 80000000 00000000 80000000 00000000 80000000
e0b8: 00000000 80000000 00000000 80000000 00000000 80000000 00000000 80000000
e0c0: 00000000 80000000 00000000 80000000 00000000 80000000 00000000 80000000
e0c8: 00000000 80000000 00000000 80000000 00000000 80000000 00000000 80000000
e0d0: 00000000 80000000 00000000 80000000 00000000 80000000 00000000 80000000
e0d8: 00000000 80000000 00000000 80000000 00000000 80000000 00000000 80000000
e0e0: 00000000 80000000 00000000 80000000 00000000 80000000 00000000 80000000
e0e8: 00000000 80000000 00000000 80000000 00000000 80000000 00000000 80000000
e0f0: 00000000 80000000 00000000 80000000 00000000 80000000 00000000 80000000
e0f8: 00000000 80000000 00000000 80000000 00000000 80000000 00000000 80000000
e100: 00000000 80000000 00000000 80000000 00000000 80000000 00000000 80000000
e108: 00000000 80000000 00000000 80000000 00000000 80000000 00000000 80000000
e110: 00000000 80000000 00000000 80000000 00000000 80000000 00000000 80000000
e118: 00000000 80000000 00000000 80000000 00000000 80000000 00000000 80000000
e120: 00000000 80000000 00000000 80000000 00000000 80000000 00000000 80000000
e128: 00000000 80000000 00000000 80000000 00000000 80000000 00000000 80000000
e130: 00000000 80000000 00000000 80000000 00000000 80000000 00000000 80000000
e138: 00000000 80000000 00000000 80000000 00000000 80000000 00000000 80000000
e140: 00000000 80000000 00000000 80000000 00000000 80000000 00000000 80000000
e148: 00000000 80000000 00000000 80000000 00000000 80000000 00000000 80000000
e150: 00000000 80000000 00000000 80000000 00000000 80000000 00000000 80000000
e158: 00000000 80000000 00000000 80000000 00000000 80000000 00000000 80000000
e160: 00000000 80000000 00000000 80000000 00000000 80000000 00000000 80000000
e168: 00000000 80000000 00000000 80000000 00000000 80000000 00000000 80000000
e170: 00000000 80000000 00000000 80000000 00000000 80000000 00000000 80000000
e178: 00000000 80000000 00000000 80000000 00000000 80000000 00000000 80000000
e180: 00000000 01000000 02000000 03000000 04000000 05000000 06000000 07000000
e188: 08000000 09000000 0a000000 0b000000 0c000000 0d000000 0e000000 0f000000
e190: 10000000 11000000 12000000 13000000 14000000 15000000 16000000 17000000
e198: 18000000 19000000 1a000000 1b000000 1c000000 1d000000 1e000000 1f000000
e1a0: 20000000 21000000 22000000 23000000 24000000 25000000 26000000 27000000
e1a8: 28000000 29000000 2a000000 2b000000 2c000000 2d000000 2e000000 2f000000
e1b0: 30000000 31000000 32000000 33000000 34000000 35000000 36000000 37000000
e1b8: 38000000 39000000 3a000000 3b000000 3c000000 3d000000 3e000000 3f000000
e1c0: 40000000 41000000 42000000 43000000 44000000 45000000 46000000 47000000
e1c8: 48000000 49000000 4a000000 4b000000 4c000000 4d000000 4e000000 4f000000
e1d0: 50000000 51000000 52000000 53000000 54000000 55000000 56000000 57000000
e1d8: 58000000 59000000 5a000000 5b000000 5c000000 5d000000 5e000000 5f000000
e1e0: 60000000 61000000 62000000 63000000 64000000 65000000 66000000 67000000
e1e8: 68000000 69000000 6a000000 6b000000 6c000000 6d000000 6e000000 6f000000
e1f0: 70000000 71000000 72000000 73000000 74000000 75000000 76000000 77000000
e1f8: 78000000 79000000 7a000000 7b000000 7c000000 7d000000 7e000000 7f000000
e200: 80000000 81000000 82000000 83000000 84000000 85000000 86000000 87000000
e208: 88000000 89000000 8a000000 8b000000 8c000000 8d000000 8e000000 8f000000
e210: 90000000 91000000 92000000 93000000 94000000 95000000 96000000 97000000
e218: 98000000 99000000 9a000000 9b000000 9c000000 9d000000 9e000000 9f000000
e220: a0000000 a1000000 a2000000 a3000000 a4000000 a5000000 a6000000 a7000000
e228: a8000000 a9000000 aa000000 ab000000 ac000000 ad000000 ae000000 af000000
e230: b0000000 b1000000 b2000000 b3000000 b4000000 b5000000 b6000000 b7000000
e238: b8000000 b9000000 ba000000 bb000000 bc000000 bd000000 be000000 bf000000
e240: c0000000 c1000000 c2000000 c3000000 c4000000 c5000000 c6000000 c7000000
e248: c8000000 c9000000 ca000000 cb000000 cc000000 cd000000 ce000000 cf000000
e250: d0000000 d1000000 d2000000 d3000000 d4000000 d5000000 d6000000 d7000000
e258: d8000000 d9000000 da000000 db000000 dc000000 dd000000 de000000 df000000
e260: e0000000 e1000000 e2000000 e3000000 e4000000 e5000000 e6000000 e7000000
e268: e8000000 e9000000 ea000000 eb000000 ec000000 ed000000 ee000000 ef000000
e270: f0000000 f1000000 f2000000 f3000000 f4000000 f5000000 f6000000 f7000000
e278: f8000000 f9000000 fa000000 fb000000 fc000000 fd000000 fe000000 ff000000
e280: 00000000 00800000 01000000 01800000 02000000 02800000 03000000 03800000
e288: 04000000 04800000 05000000 05800000 06000000 06800000 07000000 07800000
e290: 08000000 08800000 09000000 09800000 0a000000 0a800000 0b000000 0b800000
e298: 0c000000 0c800000 0d000000 0d800000 0e000000 0e800000 0f000000 0f800000
e2a0: 10000000 10800000 11000000 11800000 12000000 12800000 13000000 13800000
e2a8: 14000000 14800000 15000000 15800000 16000000 16800000 17000000 17800000
e2b0: 18000000 18800000 19000000 19800000 1a000000 1a800000 1b000000 1b800000
e2b8: 1c000000 1c800000 1d000000 1d800000 1e000000 1e800000 1f000000 1f800000
e2c0: 20000000 20800000 21000000 21800000 22000000 22800000 23000000 23800000
e2c8: 24000000 24800000 25000000 25800000 26000000 26800000 27000000 27800000
e2d0: 28000000 28800000 29000000 29800000 2a000000 2a800000 2b000000 2b800000
e2d8: 2c000000 2c800000 2d000000 2d800000 2e000000 2e800000 2f000000 2f800000
e2e0: 30000000 30800000 31000000 31800000 32000000 32800000 33000000 33800000
e2e8: 34000000 34800000 35000000 35800000 36000000 36800000 37000000 37800000
e2f0: 38000000 38800000 39000000 39800000 3a000000 3a800000 3b000000 3b800000
e2f8: 3c000000 3c800000 3d000000 3d800000 3e000000 3e800000 3f000000 3f800000
e300: 40000000 40800000 41000000 41800000 42000000 42800000 43000000 43800000
e308: 44000000 44800000 45000000 45800000 46000000 46800000 47000000 47800000
e310: 48000000 48800000 49000000 49800000 4a000000 4a800000 4b000000 4b800000
e318: 4c000000 4c800000 4d000000 4d800000 4e000000 4e800000 4f000000 4f800000
e320: 50000000 50800000 51000000 51800000 52000000 52800000 53000000 53800000
e328: 54000000 54800000 55000000 55800000 56000000 56800000 57000000 57800000
e330: 58000000 58800000 59000000 59800000 5a000000 5a800000 5b000000 5b800000
e338: 5c000000 5c800000 5d000000 5d800000 5e000000 5e800000 5f000000 5f800000
e340: 60000000 60800000 61000000 61800000 62000000 62800000 63000000 63800000
e348: 64000000 64800000 65000000 65800000 66000000 66800000 67000000 67800000
e350: 68000000 68800000 69000000 69800000 6a000000 6a800000 6b000000 6b800000
e358: 6c000000 6c800000 6d000000 6d800000 6e000000 6e800000 6f000000 6f800000
e360: 70000000 70800000 71000000 71800000 72000000 72800000 73000000 73800000
e368: 74000000 74800000 75000000 75800000 76000000 76800000 77000000 77800000
e370: 78000000 78800000 79000000 79800000 7a000000 7a800000 7b000000 7b800000
e378: 7c000000 7c800000 7d000000 7d800000 7e000000 7e800000 7f000000 7f800000
e380: 00000000 00400000 00800000 00c00000 01000000 01400000 01800000 01c00000
e388: 02000000 02400000 02800000 02c00000 03000000 03400000 03800000 03c00000
e390: 04000000 04400000 04800000 04c00000 05000000 05400000 05800000 05c00000
e398: 06000000 06400000 06800000 06c00000 07000000 07400000 07800000 07c00000
e3a0: 08000000 08400000 08800000 08c00000 09000000 09400000 09800000 09c00000
e3a8: 0a000000 0a400000 0a800000 0ac00000 0b000000 0b400000 0b800000 0bc00000
e3b0: 0c000000 0c400000 0c800000 0cc00000 0d000000 0d400000 0d800000 0dc00000
e3b8: 0e000000 0e400000 0e800000 0ec00000 0f000000 0f400000 0f800000 0fc00000
e3c0: 10000000 10400000 10800000 10c00000 11000000 11400000 11800000 11c00000
e3c8: 12000000 12400000 12800000 12c00000 13000000 13400000 13800000 13c00000
e3d0: 14000000 14400000 14800000 14c00000 15000000 15400000 15800000 15c00000
e3d8: 16000000 16400000 16800000 16c00000 17000000 17400000 17800000 17c00000
e3e0: 18000000 18400000 18800000 18c00000 19000000 19400000 19800000 19c00000
e3e8: 1a000000 1a400000 1a800000 1ac00000 1b000000 1b400000 1b800000 1bc00000
e3f0: 1c000000 1c400000 1c800000 1cc00000 1d000000 1d400000 1d800000 1dc00000
e3f8: 1e000000 1e400000 1e800000 1ec00000 1f000000 1f400000 1f800000 1fc00000
e400: 20000000 20400000 20800000 20c00000 21000000 21400000 21800000 21c00000
e408: 22000000 22400000 22800000 22c00000 23000000 23400000 23800000 23c00000
e410: 24000000 24400000 24800000 24c00000 25000000 25400000 25800000 25c00000
e418: 26000000 26400000 26800000 26c00000 27000000 27400000 27800000 27c00000
e420: 28000000 28400000 28800000 28c00000 29000000 29400000 29800000 29c00000
e428: 2a000000 2a400000 2a800000 2ac00000 2b000000 2b400000 2b800000 2bc00000
e430: 2c000000 2c400000 2c800000 2cc00000 2d000000 2d400000 2d800000 2dc00000
e438: 2e000000 2e400000 2e800000 2ec00000 2f000000 2f400000 2f800000 2fc00000
e440: 30000000 30400000 30800000 30c00000 31000000 31400000 31800000 31c00000
e448: 32000000 32400000 32800000 32c00000 33000000 33400000 33800000 33c00000
e450: 34000000 34400000 34800000 34c00000 35000000 35400000 35800000 35c00000
e458: 36000000 36400000 36800000 36c00000 37000000 37400000 37800000 37c00000
e460: 38000000 38400000 38800000 38c00000 39000000 39400000 39800000 39c00000
e468: 3a000000 3a400000 3a800000 3ac00000 3b000000 3b400000 3b800000 3bc00000
e470: 3c000000 3c400000 3c800000 3cc00000 3d000000 3d400000 3d800000 3dc00000
e478: 3e000000 3e400000 3e800000 3ec00000 3f000000 3f400000 3f800000 3fc00000
e480: 00000000 00200000 00400000 00600000 00800000 00a00000 00c00000 00e00000
e488: 01000000 01200000 01400000 01600000 01800000 01a00000 01c00000 01e00000
e490: 02000000 02200000 02400000 02600000 02800000 02a00000 02c00000 02e00000
e498: 03000000 03200000 03400000 03600000 03800000 03a00000 03c00000 03e00000
e4a0: 04000000 04200000 04400000 04600000 04800000 04a00000 04c00000 04e00000
e4a8: 05000000 05200000 05400000 05600000 05800000 05a00000 05c00000 05e00000
e4b0: 06000000 06200000 06400000 06600000 06800000 06a00000 06c00000 06e00000
e4b8: 07000000 07200000 07400000 07600000 07800000 07a00000 07c00000 07e00000
e4c0: 08000000 08200000 08400000 08600000 08800000 08a00000 08c00000 08e00000
e4c8: 09000000 09200000 09400000 09600000 09800000 09a00000 09c00000 09e00000
e4d0: 0a000000 0a200000 0a400000 0a600000 0a800000 0aa00000 0ac00000 0ae00000
e4d8: 0b000000 0b200000 0b400000 0b600000 0b800000 0ba00000 0bc00000 0be00000
e4e0: 0c000000 0c200000 0c400000 0c600000 0c800000 0ca00000 0cc00000 0ce00000
e4e8: 0d000000 0d200000 0d400000 0d600000 0d800000 0da00000 0dc00000 0de00000
e4f0: 0e000000 0e200000 0e400000 0e600000 0e800000 0ea00000 0ec00000 0ee00000
e4f8: 0f000000 0f200000 0f400000 0f600000 0f800000 0fa00000 0fc00000 0fe00000
e500: 10000000 10200000 10400000 10600000 10800000 10a00000 10c00000 10e00000
e508: 11000000 11200000 11400000 11600000 11800000 11a00000 11c00000 11e00000
e510: 12000000 12200000 12400000 12600000 12800000 12a00000 12c00000 12e00000
e518: 13000000 13200000 13400000 13600000 13800000 13a00000 13c00000 13e00000
e520: 14000000 14200000 14400000 14600000 14800000 14a00000 14c00000 14e00000
e528: 15000000 15200000 15400000 15600000 15800000 15a00000 15c00000 15e00000
e530: 16000000 16200000 16400000 16600000 16800000 16a00000 16c00000 16e00000
e538: 17000000 17200000 17400000 17600000 17800000 17a00000 17c00000 17e00000
e540: 18000000 18200000 18400000 18600000 18800000 18a00000 18c00000 18e00000
e548: 19000000 19200000 19400000 19600000 19800000 19a00000 19c00000 19e00000
e550: 1a000000 1a200000 1a400000 1a600000 1a800000 1aa00000 1ac00000 1ae00000
e558: 1b000000 1b200000 1b400000 1b600000 1b800000 1ba00000 1bc00000 1be00000
e560: 1c000000 1c200000 1c400000 1c600000 1c800000 1ca00000 1cc00000 1ce00000
e568: 1d000000 1d200000 1d400000 1d600000 1d800000 1da00000 1dc00000 1de00000
e570: 1e000000 1e200000 1e400000 1e600000 1e800000 1ea00000 1ec00000 1ee00000
e578: 1f000000 1f200000 1f400000 1f600000 1f800000 1fa00000 1fc00000 1fe00000
e580: 00000000 00100000 00200000 00300000 00400000 00500000 00600000 00700000
e588: 00800000 00900000 00a00000 00b00000 00c00000 00d00000 00e00000 00f00000
e590: 01000000 01100000 01200000 01300000 01400000 01500000 01600000 01700000
e598: 01800000 01900000 01a00000 01b00000 01c00000 01d00000 01e00000 01f00000
e5a0: 02000000 02100000 02200000 02300000 02400000 02500000 02600000 02700000
e5a8: 02800000 02900000 02a00000 02b00000 02c00000 02d00000 02e00000 02f00000
e5b0: 03000000 03100000 03200000 03300000 03400000 03500000 03600000 03700000
e5b8: 03800000 03900000 03a00000 03b00000 03c00000 03d00000 03e00000 03f00000
e5c0: 04000000 04100000 04200000 04300000 04400000 04500000 04600000 04700000
e5c8: 04800000 04900000 04a00000 04b00000 04c00000 04d00000 04e00000 04f00000
e5d0: 05000000 05100000 05200000 05300000 05400000 05500000 05600000 05700000
e5d8: 05800000 05900000 05a00000 05b00000 05c00000 05d00000 05e00000 05f00000
e5e0: 06000000 06100000 06200000 06300000 06400000 06500000 06600000 06700000
e5e8: 06800000 06900000 06a00000 06b00000 06c00000 06d00000 06e00000 06f00000
e5f0: 07000000 07100000 07200000 07300000 07400000 07500000 07600000 07700000
e5f8: 07800000 07900000 07a00000 07b00000 07c00000 07d00000 07e00000 07f00000
e600: 08000000 08100000 08200000 08300000 08400000 08500000 08600000 08700000
e608: 08800000 08900000 08a00000 08b00000 08c00000 08d00000 08e00000 08f00000
e610: 09000000 09100000 09200000 09300000 09400000 09500000 09600000 09700000
e618: 09800000 09900000 09a00000 09b00000 09c00000 09d00000 09e00000 09f00000
e620: 0a000000 0a100000 0a200000 0a300000 0a400000 0a500000 0a600000 0a700000
e628: 0a800000 0a900000 0aa00000 0ab00000 0ac00000 0ad00000 0ae00000 0af00000
e630: 0b000000 0b100000 0b200000 0b300000 0b400000 0b500000 0b600000 0b700000
e638: 0b800000 0b900000 0ba00000 0bb00000 0bc00000 0bd00000 0be00000 0bf00000
e640: 0c000000 0c100000 0c200000 0c300000 0c400000 0c500000 0c600000 0c700000
e648: 0c800000 0c900000 0ca00000 0cb00000 0cc00000 0cd00000 0ce00000 0cf00000
e650: 0d000000 0d100000 0d200000 0d300000 0d400000 0d500000 0d600000 0d700000
e658: 0d800000 0d900000 0da00000 0db00000 0dc00000 0dd00000 0de00000 0df00000
e660: 0e000000 0e100000 0e200000 0e300000 0e400000 0e500000 0e600000 0e700000
e668: 0e800000 0e900000 0ea00000 0eb00000 0ec00000 0ed00000 0ee00000 0ef00000
e670: 0f000000 0f100000 0f200000 0f300000 0f400000 0f500000 0f600000 0f700000
e678: 0f800000 0f900000 0fa00000 0fb00000 0fc00000 0fd00000 0fe00000 0ff00000
e680: 00000000 00080000 00100000 00180000 00200000 00280000 00300000 00380000
e688: 00400000 00480000 00500000 00580000 00600000 00680000 00700000 00780000
e690: 00800000 00880000 00900000 00980000 00a00000 00a80000 00b00000 00b80000
e698: 00c00000 00c80000 00d00000 00d80000 00e00000 00e80000 00f00000 00f80000
e6a0: 01000000 01080000 01100000 01180000 01200000 01280000 01300000 01380000
e6a8: 01400000 01480000 01500000 01580000 01600000 01680000 01700000 01780000
e6b0: 01800000 01880000 01900000 01980000 01a00000 01a80000 01b00000 01b80000
e6b8: 01c00000 01c80000 01d00000 01d80000 01e00000 01e80000 01f00000 01f80000
e6c0: 02000000 02080000 02100000 02180000 02200000 02280000 02300000 02380000
e6c8: 02400000 02480000 02500000 02580000 02600000 02680000 02700000 02780000
e6d0: 02800000 02880000 02900000 02980000 02a00000 02a80000 02b00000 02b80000
e6d8: 02c00000 02c80000 02d00000 02d80000 02e00000 02e80000 02f00000 02f80000
e6e0: 03000000 03080000 03100000 03180000 03200000 03280000 03300000 03380000
e6e8: 03400000 03480000 03500000 03580000 03600000 03680000 03700000 03780000
e6f0: 03800000 03880000 03900000 03980000 03a00000 03a80000 03b00000 03b80000
e6f8: 03c00000 03c80000 03d00000 03d80000 03e00000 03e80000 03f00000 03f80000
e700: 04000000 04080000 04100000 04180000 04200000 04280000 04300000 04380000
e708: 04400000 04480000 04500000 04580000 04600000 04680000 04700000 04780000
e710: 04800000 04880000 04900000 04980000 04a00000 04a80000 04b00000 04b80000
e718: 04c00000 04c80000 04d00000 04d80000 04e00000 04e80000 04f00000 04f80000
e720: 05000000 05080000 05100000 05180000 05200000 05280000 05300000 05380000
e728: 05400000 05480000 05500000 05580000 05600000 05680000 05700000 05780000
e730: 05800000 05880000 05900000 05980000 05a00000 05a80000 05b00000 05b80000
e738: 05c00000 05c80000 05d00000 05d80000 05e00000 05e80000 05f00000 05f80000
e740: 06000000 06080000 06100000 06180000 06200000 06280000 06300000 06380000
e748: 06400000 06480000 06500000 06580000 06600000 06680000 06700000 06780000
e750: 06800000 06880000 06900000 06980000 06a00000 06a80000 06b00000 06b80000
e758: 06c00000 06c80000 06d00000 06d80000 06e00000 06e80000 06f00000 06f80000
e760: 07000000 07080000 07100000 07180000 07200000 07280000 07300000 07380000
e768: 07400000 07480000 07500000 07580000 07600000 07680000 07700000 07780000
e770: 07800000 07880000 07900000 07980000 07a00000 07a80000 07b00000 07b80000
e778: 07c00000 07c80000 07d00000 07d80000 07e00000 07e80000 07f00000 07f80000
e780: 00000000 00040000 00080000 000c0000 00100000 00140000 00180000 001c0000
e788: 00200000 00240000 00280000 002c0000 00300000 00340000 00380000 003c0000
e790: 00400000 00440000 00480000 004c0000 00500000 00540000 00580000 005c0000
e798: 00600000 00640000 00680000 006c0000 00700000 00740000 00780000 007c0000
e7a0: 00800000 00840000 00880000 008c0000 00900000 00940000 00980000 009c0000
e7a8: 00a00000 00a40000 00a80000 00ac0000 00b00000 00b40000 00b80000 00bc0000
e7b0: 00c00000 00c40000 00c80000 00cc0000 00d00000 00d40000 00d80000 00dc0000
e7b8: 00e00000 00e40000 00e80000 00ec0000 00f00000 00f40000 00f80000 00fc0000
e7c0: 01000000 01040000 01080000 010c0000 01100000 01140000 01180000 011c0000
e7c8: 01200000 01240000 01280000 012c0000 01300000 01340000 01380000 013c0000
e7d0: 01400000 01440000 01480000 014c0000 01500000 01540000 01580000 015c0000
e7d8: 01600000 01640000 01680000 016c0000 01700000 01740000 01780000 017c0000
e7e0: 01800000 01840000 01880000 018c0000 01900000 01940000 01980000 019c0000
e7e8: 01a00000 01a40000 01a80000 01ac0000 01b00000 01b40000 01b80000 01bc0000
e7f0: 01c00000 01c40000 01c80000 01cc0000 01d00000 01d40000 01d80000 01dc0000
e7f8: 01e00000 01e40000 01e80000 01ec0000 01f00000 01f40000 01f80000 01fc0000
e800: 02000000 02040000 02080000 020c0000 02100000 02140000 02180000 021c0000
e808: 02200000 02240000 02280000 022c0000 02300000 02340000 02380000 023c0000
e810: 02400000 02440000 02480000 024c0000 02500000 02540000 02580000 025c0000
e818: 02600000 02640000 02680000 026c0000 02700000 02740000 02780000 027c0000
e820: 02800000 02840000 02880000 028c0000 02900000 02940000 02980000 029c0000
e828: 02a00000 02a40000 02a80000 02ac0000 02b00000 02b40000 02b80000 02bc0000
e830: 02c00000 02c40000 02c80000 02cc0000 02d00000 02d40000 02d80000 02dc0000
e838: 02e00000 02e40000 02e80000 02ec0000 02f00000 02f40000 02f80000 02fc0000
e840: 03000000 03040000 03080000 030c0000 03100000 03140000 03180000 031c0000
e848: 03200000 03240000 03280000 032c0000 03300000 03340000 03380000 033c0000
e850: 03400000 03440000 03480000 034c0000 03500000 03540000 03580000 035c0000
e858: 03600000 03640000 03680000 036c0000 03700000 03740000 03780000 037c0000
e860: 03800000 03840000 03880000 038c0000 03900000 03940000 03980000 039c0000
e868: 03a00000 03a40000 03a80000 03ac0000 03b00000 03b40000 03b80000 03bc0000
e870: 03c00000 03c40000 03c80000 03cc0000 03d00000 03d40000 03d80000 03dc0000
e878: 03e00000 03e40000 03e80000 03ec0000 03f00000 03f40000 03f80000 03fc0000
e880: 00000000 00020000 00040000 00060000 00080000 000a0000 000c0000 000e0000
e888: 00100000 00120000 00140000 00160000 00180000 001a0000 001c0000 001e0000
e890: 00200000 00220000 00240000 00260000 00280000 002a0000 002c0000 002e0000
e898: 00300000 00320000 00340000 00360000 00380000 003a0000 003c0000 003e0000
e8a0: 00400000 00420000 00440000 00460000 00480000 004a0000 004c0000 004e0000
e8a8: 00500000 00520000 00540000 00560000 00580000 005a0000 005c0000 005e0000
e8b0: 00600000 00620000 00640000 00660000 00680000 006a0000 006c0000 006e0000
e8b8: 00700000 00720000 00740000 00760000 00780000 007a0000 007c0000 007e0000
e8c0: 00800000 00820000 00840000 00860000 00880000 008a0000 008c0000 008e0000
e8c8: 00900000 00920000 00940000 00960000 00980000 009a0000 009c0000 009e0000
e8d0: 00a00000 00a20000 00a40000 00a60000 00a80000 00aa0000 00ac0000 00ae0000
e8d8: 00b00000 00b20000 00b40000 00b60000 00b80000 00ba0000 00bc0000 00be0000
e8e0: 00c00000 00c20000 00c40000 00c60000 00c80000 00ca0000 00cc0000 00ce0000
e8e8: 00d00000 00d20000 00d40000 00d60000 00d80000 00da0000 00dc0000 00de0000
e8f0: 00e00000 00e20000 00e40000 00e60000 00e80000 00ea0000 00ec0000 00ee0000
e8f8: 00f00000 00f20000 00f40000 00f60000 00f80000 00fa0000 00fc0000 00fe0000
e900: 01000000 01020000 01040000 01060000 01080000 010a0000 010c0000 010e0000
e908: 01100000 01120000 01140000 01160000 01180000 011a0000 011c0000 011e0000
e910: 01200000 01220000 01240000 01260000 01280000 012a0000 012c0000 012e0000
e918: 01300000 01320000 01340000 01360000 01380000 013a0000 013c0000 013e0000
e920: 01400000 01420000 01440000 01460000 01480000 014a0000 014c0000 014e0000
e928: 01500000 01520000 01540000 01560000 01580000 015a0000 015c0000 015e0000
e930: 01600000 01620000 01640000 01660000 01680000 016a0000 016c0000 016e0000
e938: 01700000 01720000 01740000 01760000 01780000 017a0000 017c0000 017e0000
e940: 01800000 01820000 01840000 01860000 01880000 018a0000 018c0000 018e0000
e948: 01900000 01920000 01940000 01960000 01980000 019a0000 019c0000 019e0000
e950: 01a00000 01a20000 01a40000 01a60000 01a80000 01aa0000 01ac0000 01ae0000
e958: 01b00000 01b20000 01b40000 01b60000 01b80000 01ba0000 01bc0000 01be0000
e960: 01c00000 01c20000 01c40000 01c60000 01c80000 01ca0000 01cc0000 01ce0000
e968: 01d00000 01d20000 01d40000 01d60000 01d80000 01da0000 01dc0000 01de0000
e970: 01e00000 01e20000 01e40000 01e60000 01e80000 01ea0000 01ec0000 01ee0000
e978: 01f00000 01f20000 01f40000 01f60000 01f80000 01fa0000 01fc0000 01fe0000
e980: 00000000 00010000 00020000 00030000 00040000 00050000 00060000 00070000
e988: 00080000 00090000 000a0000 000b0000 000c0000 000d0000 000e0000 000f0000
e990: 00100000 00110000 00120000 00130000 00140000 00150000 00160000 00170000
e998: 00180000 00190000 001a0000 001b0000 001c0000 001d0000 001e0000 001f0000
e9a0: 00200000 00210000 00220000 00230000 00240000 00250000 00260000 00270000
e9a8: 00280000 00290000 002a0000 002b0000 002c0000 002d0000 002e0000 002f0000
e9b0: 00300000 00310000 00320000 00330000 00340000 00350000 00360000 00370000
e9b8: 00380000 00390000 003a0000 003b0000 003c0000 003d0000 003e0000 003f0000
e9c0: 00400000 00410000 00420000 00430000 00440000 00450000 00460000 00470000
e9c8: 00480000 00490000 004a0000 004b0000 004c0000 004d0000 004e0000 004f0000
e9d0: 00500000 00510000 00520000 00530000 00540000 00550000 00560000 00570000
e9d8: 00580000 00590000 005a0000 005b0000 005c0000 005d0000 005e0000 005f0000
e9e0: 00600000 00610000 00620000 00630000 00640000 00650000 00660000 00670000
e9e8: 00680000 00690000 006a0000 006b0000 006c0000 006d0000 006e0000 006f0000
e9f0: 00700000 00710000 00720000 00730000 00740000 00750000 00760000 00770000
e9f8: 00780000 00790000 007a0000 007b0000 007c0000 007d0000 007e0000 007f0000
ea00: 00800000 00810000 00820000 00830000 00840000 00850000 00860000 00870000
ea08: 00880000 00890000 008a0000 008b0000 008c0000 008d0000 008e0000 008f0000
ea10: 00900000 00910000 00920000 00930000 00940000 00950000 00960000 00970000
ea18: 00980000 00990000 009a0000 009b0000 009c0000 009d0000 009e0000 009f0000
ea20: 00a00000 00a10000 00a20000 00a30000 00a40000 00a50000 00a60000 00a70000
ea28: 00a80000 00a90000 00aa0000 00ab0000 00ac0000 00ad0000 00ae0000 00af0000
ea30: 00b00000 00b10000 00b20000 00b30000 00b40000 00b50000 00b60000 00b70000
ea38: 00b80000 00b90000 00ba0000 00bb0000 00bc0000 00bd0000 00be0000 00bf0000
ea40: 00c00000 00c10000 00c20000 00c30000 00c40000 00c50000 00c60000 00c70000
ea48: 00c80000 00c90000 00ca0000 00cb0000 00cc0000 00cd0000 00ce0000 00cf0000
ea50: 00d00000 00d10000 00d20000 00d30000 00d40000 00d50000 00d60000 00d70000
ea58: 00d80000 00d90000 00da0000 00db0000 00dc0000 00dd0000 00de0000 00df0000
ea60: 00e00000 00e10000 00e20000 00e30000 00e40000 00e50000 00e60000 00e70000
ea68: 00e80000 00e90000 00ea0000 00eb0000 00ec0000 00ed0000 00ee0000 00ef0000
ea70: 00f00000 00f10000 00f20000 00f30000 00f40000 00f50000 00f60000 00f70000
ea78: 00f80000 00f90000 00fa0000 00fb0000 00fc0000 00fd0000 00fe0000 00ff0000
ea80: 00000000 00008000 00010000 00018000 00020000 00028000 00030000 00038000
ea88: 00040000 00048000 00050000 00058000 00060000 00068000 00070000 00078000
ea90: 00080000 00088000 00090000 00098000 000a0000 000a8000 000b0000 000b8000
ea98: 000c0000 000c8000 000d0000 000d8000 000e0000 000e8000 000f0000 000f8000
eaa0: 00100000 00108000 00110000 00118000 00120000 00128000 00130000 00138000
eaa8: 00140000 00148000 00150000 00158000 00160000 00168000 00170000 00178000
eab0: 00180000 00188000 00190000 00198000 001a0000 001a8000 001b0000 001b8000
eab8: 001c0000 001c8000 001d0000 001d8000 001e0000 001e8000 001f0000 001f8000
eac0: 00200000 00208000 00210000 00218000 00220000 00228000 00230000 00238000
eac8: 00240000 00248000 00250000 00258000 00260000 00268000 00270000 00278000
ead0: 00280000 00288000 00290000 00298000 002a0000 002a8000 002b0000 002b8000
ead8: 002c0000 002c8000 002d0000 002d8000 002e0000 002e8000 002f0000 002f8000
eae0: 00300000 00308000 00310000 00318000 00320000 00328000 00330000 00338000
eae8: 00340000 00348000 00350000 00358000 00360000 00368000 00370000 00378000
eaf0: 00380000 00388000 00390000 00398000 003a0000 003a8000 003b0000 003b8000
eaf8: 003c0000 003c8000 003d0000 003d8000 003e0000 003e8000 003f0000 003f8000
eb00: 00400000 00408000 00410000 00418000 00420000 00428000 00430000 00438000
eb08: 00440000 00448000 00450000 00458000 00460000 00468000 00470000 00478000
eb10: 00480000 00488000 00490000 00498000 004a0000 004a8000 004b0000 004b8000
eb18: 004c0000 004c8000 004d0000 004d8000 004e0000 004e8000 004f0000 004f8000
eb20: 00500000 00508000 00510000 00518000 00520000 00528000 00530000 00538000
eb28: 00540000 00548000 00550000 00558000 00560000 00568000 00570000 00578000
eb30: 00580000 00588000 00590000 00598000 005a0000 005a8000 005b0000 005b8000
eb38: 005c0000 005c8000 005d0000 005d8000 005e0000 005e8000 005f0000 005f8000
eb40: 00600000 00608000 00610000 00618000 00620000 00628000 00630000 00638000
eb48: 00640000 00648000 00650000 00658000 00660000 00668000 00670000 00678000
eb50: 00680000 00688000 00690000 00698000 006a0000 006a8000 006b0000 006b8000
eb58: 006c0000 006c8000 006d0000 006d8000 006e0000 006e8000 006f0000 006f8000
eb60: 00700000 00708000 00710000 00718000 00720000 00728000 00730000 00738000
eb68: 00740000 00748000 00750000 00758000 00760000 00768000 00770000 00778000
eb70: 00780000 00788000 00790000 00798000 007a0000 007a8000 007b0000 007b8000
eb78: 007c0000 007c8000 007d0000 007d8000 007e0000 007e8000 007f0000 007f8000
eb80: 00000000 00004000 00008000 0000c000 00010000 00014000 00018000 0001c000
eb88: 00020000 00024000 00028000 0002c000 00030000 00034000 00038000 0003c000
eb90: 00040000 00044000 00048000 0004c000 00050000 00054000 00058000 0005c000
eb98: 00060000 00064000 00068000 0006c000 00070000 00074000 00078000 0007c000
eba0: 00080000 00084000 00088000 0008c000 00090000 00094000 00098000 0009c000
eba8: 000a0000 000a4000 000a8000 000ac000 000b0000 000b4000 000b8000 000bc000
ebb0: 000c0000 000c4000 000c8000 000cc000 000d0000 000d4000 000d8000 000dc000
ebb8: 000e0000 000e4000 000e8000 000ec000 000f0000 000f4000 000f8000 000fc000
ebc0: 00100000 00104000 00108000 0010c000 00110000 00114000 00118000 0011c000
ebc8: 00120000 00124000 00128000 0012c000 00130000 00134000 00138000 0013c000
ebd0: 00140000 00144000 00148000 0014c000 00150000 00154000 00158000 0015c000
ebd8: 00160000 00164000 00168000 0016c000 00170000 00174000 00178000 0017c000
ebe0: 00180000 00184000 00188000 0018c000 00190000 00194000 00198000 0019c000
ebe8: 001a0000 001a4000 001a8000 001ac000 001b0000 001b4000 001b8000 001bc000
ebf0: 001c0000 001c4000 001c8000 001cc000 001d0000 001d4000 001d8000 001dc000
ebf8: 001e0000 001e4000 001e8000 001ec000 001f0000 001f4000 001f8000 001fc000
ec00: 00200000 00204000 00208000 0020c000 00210000 00214000 00218000 0021c000
ec08: 00220000 00224000 00228000 0022c000 00230000 00234000 00238000 0023c000
ec10: 00240000 00244000 00248000 0024c000 00250000 00254000 00258000 0025c000
ec18: 00260000 00264000 00268000 0026c000 00270000 00274000 00278000 0027c000
ec20: 00280000 00284000 00288000 0028c000 00290000 00294000 00298000 0029c000
ec28: 002a0000 002a4000 002a8000 002ac000 002b0000 002b4000 002b8000 002bc000
ec30: 002c0000 002c4000 002c8000 002cc000 002d0000 002d4000 002d8000 002dc000
ec38: 002e0000 002e4000 002e8000 002ec000 002f0000 002f4000 002f8000 002fc000
ec40: 00300000 00304000 00308000 0030c000 00310000 00314000 00318000 0031c000
ec48: 00320000 00324000 00328000 0032c000 00330000 00334000 00338000 0033c000
ec50: 00340000 00344000 00348000 0034c000 00350000 00354000 00358000 0035c000
ec58: 00360000 00364000 00368000 0036c000 00370000 00374000 00378000 0037c000
ec60: 00380000 00384000 00388000 0038c000 00390000 00394000 00398000 0039c000
ec68: 003a0000 003a4000 003a8000 003ac000 003b0000 003b4000 003b8000 003bc000
ec70: 003c0000 003c4000 003c8000 003cc000 003d0000 003d4000 003d8000 003dc000
ec78: 003e0000 003e4000 003e8000 003ec000 003f0000 003f4000 003f8000 003fc000
ec80: 00000000 00002000 00004000 00006000 00008000 0000a000 0000c000 0000e000
ec88: 00010000 00012000 00014000 00016000 00018000 0001a000 0001c000 0001e000
ec90: 00020000 00022000 00024000 00026000 00028000 0002a000 0002c000 0002e000
ec98: 00030000 00032000 00034000 00036000 00038000 0003a000 0003c000 0003e000
eca0: 00040000 00042000 00044000 00046000 00048000 0004a000 0004c000 0004e000
eca8: 00050000 00052000 00054000 00056000 00058000 0005a000 0005c000 0005e000
ecb0: 00060000 00062000 00064000 00066000 00068000 0006a000 0006c000 0006e000
ecb8: 00070000 00072000 00074000 00076000 00078000 0007a000 0007c000 0007e000
ecc0: 00080000 00082000 00084000 00086000 00088000 0008a000 0008c000 0008e000
ecc8: 00090000 00092000 00094000 00096000 00098000 0009a000 0009c000 0009e000
ecd0: 000a0000 000a2000 000a4000 000a6000 000a8000 000aa000 000ac000 000ae000
ecd8: 000b0000 000b2000 000b4000 000b6000 000b8000 000ba000 000bc000 000be000
ece0: 000c0000 000c2000 000c4000 000c6000 000c8000 000ca000 000cc000 000ce000
ece8: 000d0000 000d2000 000d4000 000d6000 000d8000 000da000 000dc000 000de000
ecf0: 000e0000 000e2000 000e4000 000e6000 000e8000 000ea000 000ec000 000ee000
ecf8: 000f0000 000f2000 000f4000 000f6000 000f8000 000fa000 000fc000 000fe000
ed00: 00100000 00102000 00104000 00106000 00108000 0010a000 0010c000 0010e000
ed08: 00110000 00112000 00114000 00116000 00118000 0011a000 0011c000 0011e000
ed10: 00120000 00122000 00124000 00126000 00128000 0012a000 0012c000 0012e000
ed18: 00130000 00132000 00134000 00136000 00138000 0013a000 0013c000 0013e000
ed20: 00140000 00142000 00144000 00146000 00148000 0014a000 0014c000 0014e000
ed28: 00150000 00152000 00154000 00156000 00158000 0015a000 0015c000 0015e000
ed30: 00160000 00162000 00164000 00166000 00168000 0016a000 0016c000 0016e000
ed38: 00170000 00172000 00174000 00176000 00178000 0017a000 0017c000 0017e000
ed40: 00180000 00182000 00184000 00186000 00188000 0018a000 0018c000 0018e000
ed48: 00190000 00192000 00194000 00196000 00198000 0019a000 0019c000 0019e000
ed50: 001a0000 001a2000 001a4000 001a6000 001a8000 001aa000 001ac000 001ae000
ed58: 001b0000 001b2000 001b4000 001b6000 001b8000 001ba000 001bc000 001be000
ed60: 001c0000 001c2000 001c4000 001c6000 001c8000 001ca000 001cc000 001ce000
ed68: 001d0000 001d2000 001d4000 001d6000 001d8000 001da000 001dc000 001de000
ed70: 001e0000 001e2000 001e4000 001e6000 001e8000 001ea000 001ec000 001ee000
ed78: 001f0000 001f2000 001f4000 001f6000 001f8000 001fa000 001fc000 001fe000
ed80: 00000000 00001000 00002000 00003000 00004000 00005000 00006000 00007000
ed88: 00008000 00009000 0000a000 0000b000 0000c000 0000d000 0000e000 0000f000
ed90: 00010000 00011000 00012000 00013000 00014000 00015000 00016000 00017000
ed98: 00018000 00019000 0001a000 0001b000 0001c000 0001d000 0001e000 0001f000
eda0: 00020000 00021000 00022000 00023000 00024000 00025000 00026000 00027000
eda8: 00028000 00029000 0002a000 0002b000 0002c000 0002d000 0002e000 0002f000
edb0: 00030000 00031000 00032000 00033000 00034000 00035000 00036000 00037000
edb8: 00038000 00039000 0003a000 0003b000 0003c000 0003d000 0003e000 0003f000
edc0: 00040000 00041000 00042000 00043000 00044000 00045000 00046000 00047000
edc8: 00048000 00049000 0004a000 0004b000 0004c000 0004d000 0004e000 0004f000
edd0: 00050000 00051000 00052000 00053000 00054000 00055000 00056000 00057000
edd8: 00058000 00059000 0005a000 0005b000 0005c000 0005d000 0005e000 0005f000
ede0: 00060000 00061000 00062000 00063000 00064000 00065000 00066000 00067000
ede8: 00068000 00069000 0006a000 0006b000 0006c000 0006d000 0006e000 0006f000
edf0: 00070000 00071000 00072000 00073000 00074000 00075000 00076000 00077000
edf8: 00078000 00079000 0007a000 0007b000 0007c000 0007d000 0007e000 0007f000
ee00: 00080000 00081000 00082000 00083000 00084000 00085000 00086000 00087000
ee08: 00088000 00089000 0008a000 0008b000 0008c000 0008d000 0008e000 0008f000
ee10: 00090000 00091000 00092000 00093000 00094000 00095000 00096000 00097000
ee18: 00098000 00099000 0009a000 0009b000 0009c000 0009d000 0009e000 0009f000
ee20: 000a0000 000a1000 000a2000 000a3000 000a4000 000a5000 000a6000 000a7000
ee28: 000a8000 000a9000 000aa000 000ab000 000ac000 000ad000 000ae000 000af000
ee30: 000b0000 000b1000 000b2000 000b3000 000b4000 000b5000 000b6000 000b7000
ee38: 000b8000 000b9000 000ba000 000bb000 000bc000 000bd000 000be000 000bf000
ee40: 000c0000 000c1000 000c2000 000c3000 000c4000 000c5000 000c6000 000c7000
ee48: 000c8000 000c9000 000ca000 000cb000 000cc000 000cd000 000ce000 000cf000
ee50: 000d0000 000d1000 000d2000 000d3000 000d4000 000d5000 000d6000 000d7000
ee58: 000d8000 000d9000 000da000 000db000 000dc000 000dd000 000de000 000df000
ee60: 000e0000 000e1000 000e2000 000e3000 000e4000 000e5000 000e6000 000e7000
ee68: 000e8000 000e9000 000ea000 000eb000 000ec000 000ed000 000ee000 000ef000
ee70: 000f0000 000f1000 000f2000 000f3000 000f4000 000f5000 000f6000 000f7000
ee78: 000f8000 000f9000 000fa000 000fb000 000fc000 000fd000 000fe000 000ff000
ee80: 00000000 00000800 00001000 00001800 00002000 00002800 00003000 00003800
ee88: 00004000 00004800 00005000 00005800 00006000 00006800 00007000 00007800
ee90: 00008000 00008800 00009000 00009800 0000a000 0000a800 0000b000 0000b800
ee98: 0000c000 0000c800 0000d000 0000d800 0000e000 0000e800 0000f000 0000f800
eea0: 00010000 00010800 00011000 00011800 00012000 00012800 00013000 00013800
eea8: 00014000 00014800 00015000 00015800 00016000 00016800 00017000 00017800
eeb0: 00018000 00018800 00019000 00019800 0001a000 0001a800 0001b000 0001b800
eeb8: 0001c000 0001c800 0001d000 0001d800 0001e000 0001e800 0001f000 0001f800
eec0: 00020000 00020800 00021000 00021800 00022000 00022800 00023000 00023800
eec8: 00024000 00024800 00025000 00025800 00026000 00026800 00027000 00027800
eed0: 00028000 00028800 00029000 00029800 0002a000 0002a800 0002b000 0002b800
eed8: 0002c000 0002c800 0002d000 0002d800 0002e000 0002e800 0002f000 0002f800
eee0: 00030000 00030800 00031000 00031800 00032000 00032800 00033000 00033800
eee8: 00034000 00034800 00035000 00035800 00036000 00036800 00037000 00037800
eef0: 00038000 00038800 00039000 00039800 0003a000 0003a800 0003b000 0003b800
eef8: 0003c000 0003c800 0003d000 0003d800 0003e000 0003e800 0003f000 0003f800
ef00: 00040000 00040800 00041000 00041800 00042000 00042800 00043000 00043800
ef08: 00044000 00044800 00045000 00045800 00046000 00046800 00047000 00047800
ef10: 00048000 00048800 00049000 00049800 0004a000 0004a800 0004b000 0004b800
ef18: 0004c000 0004c800 0004d000 0004d800 0004e000 0004e800 0004f000 0004f800
ef20: 00050000 00050800 00051000 00051800 00052000 00052800 00053000 00053800
ef28: 00054000 00054800 00055000 00055800 00056000 00056800 00057000 00057800
ef30: 00058000 00058800 00059000 00059800 0005a000 0005a800 0005b000 0005b800
ef38: 0005c000 0005c800 0005d000 0005d800 0005e000 0005e800 0005f000 0005f800
ef40: 00060000 00060800 00061000 00061800 00062000 00062800 00063000 00063800
ef48: 00064000 00064800 00065000 00065800 00066000 00066800 00067000 00067800
ef50: 00068000 00068800 00069000 00069800 0006a000 0006a800 0006b000 0006b800
ef58: 0006c000 0006c800 0006d000 0006d800 0006e000 0006e800 0006f000 0006f800
ef60: 00070000 00070800 00071000 00071800 00072000 00072800 00073000 00073800
ef68: 00074000 00074800 00075000 00075800 00076000 00076800 00077000 00077800
ef70: 00078000 00078800 00079000 00079800 0007a000 0007a800 0007b000 0007b800
ef78: 0007c000 0007c800 0007d000 0007d800 0007e000 0007e800 0007f000 0007f800
ef80: 00000000 00000400 00000800 00000c00 00001000 00001400 00001800 00001c00
ef88: 00002000 00002400 00002800 00002c00 00003000 00003400 00003800 00003c00
ef90: 00004000 00004400 00004800 00004c00 00005000 00005400 00005800 00005c00
ef98: 00006000 00006400 00006800 00006c00 00007000 00007400 00007800 00007c00
efa0: 00008000 00008400 00008800 00008c00 00009000 00009400 00009800 00009c00
efa8: 0000a000 0000a400 0000a800 0000ac00 0000b000 0000b400 0000b800 0000bc00
efb0: 0000c000 0000c400 0000c800 0000cc00 0000d000 0000d400 0000d800 0000dc00
efb8: 0000e000 0000e400 0000e800 0000ec00 0000f000 0000f400 0000f800 0000fc00
efc0: 00010000 00010400 00010800 00010c00 00011000 00011400 00011800 00011c00
efc8: 00012000 00012400 00012800 00012c00 00013000 00013400 00013800 00013c00
efd0: 00014000 00014400 00014800 00014c00 00015000 00015400 00015800 00015c00
efd8: 00016000 00016400 00016800 00016c00 00017000 00017400 00017800 00017c00
efe0: 00018000 00018400 00018800 00018c00 00019000 00019400 00019800 00019c00
efe8: 0001a000 0001a400 0001a800 0001ac00 0001b000 0001b400 0001b800 0001bc00
eff0: 0001c000 0001c400 0001c800 0001cc00 0001d000 0001d400 0001d800 0001dc00
eff8: 0001e000 0001e400 0001e800 0001ec00 0001f000 0001f400 0001f800 0001fc00
f000: 00020000 00020400 00020800 00020c00 00021000 00021400 00021800 00021c00
f008: 00022000 00022400 00022800 00022c00 00023000 00023400 00023800 00023c00
f010: 00024000 00024400 00024800 00024c00 00025000 00025400 00025800 00025c00
f018: 00026000 00026400 00026800 00026c00 00027000 00027400 00027800 00027c00
f020: 00028000 00028400 00028800 00028c00 00029000 00029400 00029800 00029c00
f028: 0002a000 0002a400 0002a800 0002ac00 0002b000 0002b400 0002b800 0002bc00
f030: 0002c000 0002c400 0002c800 0002cc00 0002d000 0002d400 0002d800 0002dc00
f038: 0002e000 0002e400 0002e800 0002ec00 0002f000 0002f400 0002f800 0002fc00
f040: 00030000 00030400 00030800 00030c00 00031000 00031400 00031800 00031c00
f048: 00032000 00032400 00032800 00032c00 00033000 00033400 00033800 00033c00
f050: 00034000 00034400 00034800 00034c00 00035000 00035400 00035800 00035c00
f058: 00036000 00036400 00036800 00036c00 00037000 00037400 00037800 00037c00
f060: 00038000 00038400 00038800 00038c00 00039000 00039400 00039800 00039c00
f068: 0003a000 0003a400 0003a800 0003ac00 0003b000 0003b400 0003b800 0003bc00
f070: 0003c000 0003c400 0003c800 0003cc00 0003d000 0003d400 0003d800 0003dc00
f078: 0003e000 0003e400 0003e800 0003ec00 0003f000 0003f400 0003f800 0003fc00
f080: 00000000 00000200 00000400 00000600 00000800 00000a00 00000c00 00000e00
f088: 00001000 00001200 00001400 00001600 00001800 00001a00 00001c00 00001e00
f090: 00002000 00002200 00002400 00002600 00002800 00002a00 00002c00 00002e00
f098: 00003000 00003200 00003400 00003600 00003800 00003a00 00003c00 00003e00
f0a0: 00004000 00004200 00004400 00004600 00004800 00004a00 00004c00 00004e00
f0a8: 00005000 00005200 00005400 00005600 00005800 00005a00 00005c00 00005e00
f0b0: 00006000 00006200 00006400 00006600 00006800 00006a00 00006c00 00006e00
f0b8: 00007000 00007200 00007400 00007600 00007800 00007a00 00007c00 00007e00
f0c0: 00008000 00008200 00008400 00008600 00008800 00008a00 00008c00 00008e00
f0c8: 00009000 00009200 00009400 00009600 00009800 00009a00 00009c00 00009e00
f0d0: 0000a000 0000a200 0000a400 0000a600 0000a800 0000aa00 0000ac00 0000ae00
f0d8: 0000b000 0000b200 0000b400 0000b600 0000b800 0000ba00 0000bc00 0000be00
f0e0: 0000c000 0000c200 0000c400 0000c600 0000c800 0000ca00 0000cc00 0000ce00
f0e8: 0000d000 0000d200 0000d400 0000d600 0000d800 0000da00 0000dc00 0000de00
f0f0: 0000e000 0000e200 0000e400 0000e600 0000e800 0000ea00 0000ec00 0000ee00
f0f8: 0000f000 0000f200 0000f400 0000f600 0000f800 0000fa00 0000fc00 0000fe00
f100: 00010000 00010200 00010400 00010600 00010800 00010a00 00010c00 00010e00
f108: 00011000 00011200 00011400 00011600 00011800 00011a00 00011c00 00011e00
f110: 00012000 00012200 00012400 00012600 00012800 00012a00 00012c00 00012e00
f118: 00013000 00013200 00013400 00013600 00013800 00013a00 00013c00 00013e00
f120: 00014000 00014200 00014400 00014600 00014800 00014a00 00014c00 00014e00
f128: 00015000 00015200 00015400 00015600 00015800 00015a00 00015c00 00015e00
f130: 00016000 00016200 00016400 00016600 00016800 00016a00 00016c00 00016e00
f138: 00017000 00017200 00017400 00017600 00017800 00017a00 00017c00 00017e00
f140: 00018000 00018200 00018400 00018600 00018800 00018a00 00018c00 00018e00
f148: 00019000 00019200 00019400 00019600 00019800 00019a00 00019c00 00019e00
f150: 0001a000 0001a200 0001a400 0001a600 0001a800 0001aa00 0001ac00 0001ae00
f158: 0001b000 0001b200 0001b400 0001b600 0001b800 0001ba00 0001bc00 0001be00
f160: 0001c000 0001c200 0001c400 0001c600 0001c800 0001ca00 0001cc00 0001ce00
f168: 0001d000 0001d200 0001d400 0001d600 0001d800 0001da00 0001dc00 0001de00
f170: 0001e000 0001e200 0001e400 0001e600 0001e800 0001ea00 0001ec00 0001ee00
f178: 0001f000 0001f200 0001f400 0001f600 0001f800 0001fa00 0001fc00 0001fe00
f180: 00000000 00000100 00000200 00000300 00000400 00000500 00000600 00000700
f188: 00000800 00000900 00000a00 00000b00 00000c00 00000d00 00000e00 00000f00
f190: 00001000 00001100 00001200 00001300 00001400 00001500 00001600 00001700
f198: 00001800 00001900 00001a00 00001b00 00001c00 00001d00 00001e00 00001f00
f1a0: 00002000 00002100 00002200 00002300 00002400 00002500 00002600 00002700
f1a8: 00002800 00002900 00002a00 00002b00 00002c00 00002d00 00002e00 00002f00
f1b0: 00003000 00003100 00003200 00003300 00003400 00003500 00003600 00003700
f1b8: 00003800 00003900 00003a00 00003b00 00003c00 00003d00 00003e00 00003f00
f1c0: 00004000 00004100 00004200 00004300 00004400 00004500 00004600 00004700
f1c8: 00004800 00004900 00004a00 00004b00 00004c00 00004d00 00004e00 00004f00
f1d0: 00005000 00005100 00005200 00005300 00005400 00005500 00005600 00005700
f1d8: 00005800 00005900 00005a00 00005b00 00005c00 00005d00 00005e00 00005f00
f1e0: 00006000 00006100 00006200 00006300 00006400 00006500 00006600 00006700
f1e8: 00006800 00006900 00006a00 00006b00 00006c00 00006d00 00006e00 00006f00
f1f0: 00007000 00007100 00007200 00007300 00007400 00007500 00007600 00007700
f1f8: 00007800 00007900 00007a00 00007b00 00007c00 00007d00 00007e00 00007f00
f200: 00008000 00008100 00008200 00008300 00008400 00008500 00008600 00008700
f208: 00008800 00008900 00008a00 00008b00 00008c00 00008d00 00008e00 00008f00
f210: 00009000 00009100 00009200 00009300 00009400 00009500 00009600 00009700
f218: 00009800 00009900 00009a00 00009b00 00009c00 00009d00 00009e00 00009f00
f220: 0000a000 0000a100 0000a200 0000a300 0000a400 0000a500 0000a600 0000a700
f228: 0000a800 0000a900 0000aa00 0000ab00 0000ac00 0000ad00 0000ae00 0000af00
f230: 0000b000 0000b100 0000b200 0000b300 0000b400 0000b500 0000b600 0000b700
f238: 0000b800 0000b900 0000ba00 0000bb00 0000bc00 0000bd00 0000be00 0000bf00
f240: 0000c000 0000c100 0000c200 0000c300 0000c400 0000c500 0000c600 0000c700
f248: 0000c800 0000c900 0000ca00 0000cb00 0000cc00 0000cd00 0000ce00 0000cf00
f250: 0000d000 0000d100 0000d200 0000d300 0000d400 0000d500 0000d600 0000d700
f258: 0000d800 0000d900 0000da00 0000db00 0000dc00 0000dd00 0000de00 0000df00
f260: 0000e000 0000e100 0000e200 0000e300 0000e400 0000e500 0000e600 0000e700
f268: 0000e800 0000e900 0000ea00 0000eb00 0000ec00 0000ed00 0000ee00 0000ef00
f270: 0000f000 0000f100 0000f200 0000f300 0000f400 0000f500 0000f600 0000f700
f278: 0000f800 0000f900 0000fa00 0000fb00 0000fc00 0000fd00 0000fe00 0000ff00
f280: 00000000 00000080 00000100 00000180 00000200 00000280 00000300 00000380
f288: 00000400 00000480 00000500 00000580 00000600 00000680 00000700 00000780
f290: 00000800 00000880 00000900 00000980 00000a00 00000a80 00000b00 00000b80
f298: 00000c00 00000c80 00000d00 00000d80 00000e00 00000e80 00000f00 00000f80
f2a0: 00001000 00001080 00001100 00001180 00001200 00001280 00001300 00001380
f2a8: 00001400 00001480 00001500 00001580 00001600 00001680 00001700 00001780
f2b0: 00001800 00001880 00001900 00001980 00001a00 00001a80 00001b00 00001b80
f2b8: 00001c00 00001c80 00001d00 00001d80 00001e00 00001e80 00001f00 00001f80
f2c0: 00002000 00002080 00002100 00002180 00002200 00002280 00002300 00002380
f2c8: 00002400 00002480 00002500 00002580 00002600 00002680 00002700 00002780
f2d0: 00002800 00002880 00002900 00002980 00002a00 00002a80 00002b00 00002b80
f2d8: 00002c00 00002c80 00002d00 00002d80 00002e00 00002e80 00002f00 00002f80
f2e0: 00003000 00003080 00003100 00003180 00003200 00003280 00003300 00003380
f2e8: 00003400 00003480 00003500 00003580 00003600 00003680 00003700 00003780
f2f0: 00003800 00003880 00003900 00003980 00003a00 00003a80 00003b00 00003b80
f2f8: 00003c00 00003c80 00003d00 00003d80 00003e00 00003e80 00003f00 00003f80
f300: 00004000 00004080 00004100 00004180 00004200 00004280 00004300 00004380
f308: 00004400 00004480 00004500 00004580 00004600 00004680 00004700 00004780
f310: 00004800 00004880 00004900 00004980 00004a00 00004a80 00004b00 00004b80
f318: 00004c00 00004c80 00004d00 00004d80 00004e00 00004e80 00004f00 00004f80
f320: 00005000 00005080 00005100 00005180 00005200 00005280 00005300 00005380
f328: 00005400 00005480 00005500 00005580 00005600 00005680 00005700 00005780
f330: 00005800 00005880 00005900 00005980 00005a00 00005a80 00005b00 00005b80
f338: 00005c00 00005c80 00005d00 00005d80 00005e00 00005e80 00005f00 00005f80
f340: 00006000 00006080 00006100 00006180 00006200 00006280 00006300 00006380
f348: 00006400 00006480 00006500 00006580 00006600 00006680 00006700 00006780
f350: 00006800 00006880 00006900 00006980 00006a00 00006a80 00006b00 00006b80
f358: 00006c00 00006c80 00006d00 00006d80 00006e00 00006e80 00006f00 00006f80
f360: 00007000 00007080 00007100 00007180 00007200 00007280 00007300 00007380
f368: 00007400 00007480 00007500 00007580 00007600 00007680 00007700 00007780
f370: 00007800 00007880 00007900 00007980 00007a00 00007a80 00007b00 00007b80
f378: 00007c00 00007c80 00007d00 00007d80 00007e00 00007e80 00007f00 00007f80
f380: 00000000 00000040 00000080 000000c0 00000100 00000140 00000180 000001c0
f388: 00000200 00000240 00000280 000002c0 00000300 00000340 00000380 000003c0
f390: 00000400 00000440 00000480 000004c0 00000500 00000540 00000580 000005c0
f398: 00000600 00000640 00000680 000006c0 00000700 00000740 00000780 000007c0
f3a0: 00000800 00000840 00000880 000008c0 00000900 00000940 00000980 000009c0
f3a8: 00000a00 00000a40 00000a80 00000ac0 00000b00 00000b40 00000b80 00000bc0
f3b0: 00000c00 00000c40 00000c80 00000cc0 00000d00 00000d40 00000d80 00000dc0
f3b8: 00000e00 00000e40 00000e80 00000ec0 00000f00 00000f40 00000f80 00000fc0
f3c0: 00001000 00001040 00001080 000010c0 00001100 00001140 00001180 000011c0
f3c8: 00001200 00001240 00001280 000012c0 00001300 00001340 00001380 000013c0
f3d0: 00001400 00001440 00001480 000014c0 00001500 00001540 00001580 000015c0
f3d8: 00001600 00001640 00001680 000016c0 00001700 00001740 00001780 000017c0
f3e0: 00001800 00001840 00001880 000018c0 00001900 00001940 00001980 000019c0
f3e8: 00001a00 00001a40 00001a80 00001ac0 00001b00 00001b40 00001b80 00001bc0
f3f0: 00001c00 00001c40 00001c80 00001cc0 00001d00 00001d40 00001d80 00001dc0
f3f8: 00001e00 00001e40 00001e80 00001ec0 00001f00 00001f40 00001f80 00001fc0
f400: 00002000 00002040 00002080 000020c0 00002100 00002140 00002180 000021c0
f408: 00002200 00002240 00002280 000022c0 00002300 00002340 00002380 000023c0
f410: 00002400 00002440 00002480 000024c0 00002500 00002540 00002580 000025c0
f418: 00002600 00002640 00002680 000026c0 00002700 00002740 00002780 000027c0
f420: 00002800 00002840 00002880 000028c0 00002900 00002940 00002980 000029c0
f428: 00002a00 00002a40 00002a80 00002ac0 00002b00 00002b40 00002b80 00002bc0
f430: 00002c00 00002c40 00002c80 00002cc0 00002d00 00002d40 00002d80 00002dc0
f438: 00002e00 00002e40 00002e80 00002ec0 00002f00 00002f40 00002f80 00002fc0
f440: 00003000 00003040 00003080 000030c0 00003100 00003140 00003180 000031c0
f448: 00003200 00003240 00003280 000032c0 00003300 00003340 00003380 000033c0
f450: 00003400 00003440 00003480 000034c0 00003500 00003540 00003580 000035c0
f458: 00003600 00003640 00003680 000036c0 00003700 00003740 00003780 000037c0
f460: 00003800 00003840 00003880 000038c0 00003900 00003940 00003980 000039c0
f468: 00003a00 00003a40 00003a80 00003ac0 00003b00 00003b40 00003b80 00003bc0
f470: 00003c00 00003c40 00003c80 00003cc0 00003d00 00003d40 00003d80 00003dc0
f478: 00003e00 00003e40 00003e80 00003ec0 00003f00 00003f40 00003f80 00003fc0
f480: 00000000 00000020 00000040 00000060 00000080 000000a0 000000c0 000000e0
f488: 00000100 00000120 00000140 00000160 00000180 000001a0 000001c0 000001e0
f490: 00000200 00000220 00000240 00000260 00000280 000002a0 000002c0 000002e0
f498: 00000300 00000320 00000340 00000360 00000380 000003a0 000003c0 000003e0
f4a0: 00000400 00000420 00000440 00000460 00000480 000004a0 000004c0 000004e0
f4a8: 00000500 00000520 00000540 00000560 00000580 000005a0 000005c0 000005e0
f4b0: 00000600 00000620 00000640 00000660 00000680 000006a0 000006c0 000006e0
f4b8: 00000700 00000720 00000740 00000760 00000780 000007a0 000007c0 000007e0
f4c0: 00000800 00000820 00000840 00000860 00000880 000008a0 000008c0 000008e0
f4c8: 00000900 00000920 00000940 00000960 00000980 000009a0 000009c0 000009e0
f4d0: 00000a00 00000a20 00000a40 00000a60 00000a80 00000aa0 00000ac0 00000ae0
f4d8: 00000b00 00000b20 00000b40 00000b60 00000b80 00000ba0 00000bc0 00000be0
f4e0: 00000c00 00000c20 00000c40 00000c60 00000c80 00000ca0 00000cc0 00000ce0
f4e8: 00000d00 00000d20 00000d40 00000d60 00000d80 00000da0 00000dc0 00000de0
f4f0: 00000e00 00000e20 00000e40 00000e60 00000e80 00000ea0 00000ec0 00000ee0
f4f8: 00000f00 00000f20 00000f40 00000f60 00000f80 00000fa0 00000fc0 00000fe0
f500: 00001000 00001020 00001040 00001060 00001080 000010a0 000010c0 000010e0
f508: 00001100 00001120 00001140 00001160 00001180 000011a0 000011c0 000011e0
f510: 00001200 00001220 00001240 00001260 00001280 000012a0 000012c0 000012e0
f518: 00001300 00001320 00001340 00001360 00001380 000013a0 000013c0 000013e0
f520: 00001400 00001420 00001440 00001460 00001480 000014a0 000014c0 000014e0
f528: 00001500 00001520 00001540 00001560 00001580 000015a0 000015c0 000015e0
f530: 00001600 00001620 00001640 00001660 00001680 000016a0 000016c0 000016e0
f538: 00001700 00001720 00001740 00001760 00001780 000017a0 000017c0 000017e0
f540: 00001800 00001820 00001840 00001860 00001880 000018a0 000018c0 000018e0
f548: 00001900 00001920 00001940 00001960 00001980 000019a0 000019c0 000019e0
f550: 00001a00 00001a20 00001a40 00001a60 00001a80 00001aa0 00001ac0 00001ae0
f558: 00001b00 00001b20 00001b40 00001b60 00001b80 00001ba0 00001bc0 00001be0
f560: 00001c00 00001c20 00001c40 00001c60 00001c80 00001ca0 00001cc0 00001ce0
f568: 00001d00 00001d20 00001d40 00001d60 00001d80 00001da0 00001dc0 00001de0
f570: 00001e00 00001e20 00001e40 00001e60 00001e80 00001ea0 00001ec0 00001ee0
f578: 00001f00 00001f20 00001f40 00001f60 00001f80 00001fa0 00001fc0 00001fe0
f580: 00000000 00000010 00000020 00000030 00000040 00000050 00000060 00000070
f588: 00000080 00000090 000000a0 000000b0 000000c0 000000d0 000000e0 000000f0
f590: 00000100 00000110 00000120 00000130 00000140 00000150 00000160 00000170
f598: 00000180 00000190 000001a0 000001b0 000001c0 000001d0 000001e0 000001f0
f5a0: 00000200 00000210 00000220 00000230 00000240 00000250 00000260 00000270
f5a8: 00000280 00000290 000002a0 000002b0 000002c0 000002d0 000002e0 000002f0
f5b0: 00000300 00000310 00000320 00000330 00000340 00000350 00000360 00000370
f5b8: 00000380 00000390 000003a0 000003b0 000003c0 000003d0 000003e0 000003f0
f5c0: 00000400 00000410 00000420 00000430 00000440 00000450 00000460 00000470
f5c8: 00000480 00000490 000004a0 000004b0 000004c0 000004d0 000004e0 000004f0
f5d0: 00000500 00000510 00000520 00000530 00000540 00000550 00000560 00000570
f5d8: 00000580 00000590 000005a0 000005b0 000005c0 000005d0 000005e0 000005f0
f5e0: 00000600 00000610 00000620 00000630 00000640 00000650 00000660 00000670
f5e8: 00000680 00000690 000006a0 000006b0 000006c0 000006d0 000006e0 000006f0
f5f0: 00000700 00000710 00000720 00000730 00000740 00000750 00000760 00000770
f5f8: 00000780 00000790 000007a0 000007b0 000007c0 000007d0 000007e0 000007f0
f600: 00000800 00000810 00000820 00000830 00000840 00000850 00000860 00000870
f608: 00000880 00000890 000008a0 000008b0 000008c0 000008d0 000008e0 000008f0
f610: 00000900 00000910 00000920 00000930 00000940 00000950 00000960 00000970
f618: 00000980 00000990 000009a0 000009b0 000009c0 000009d0 000009e0 000009f0
f620: 00000a00 00000a10 00000a20 00000a30 00000a40 00000a50 00000a60 00000a70
f628: 00000a80 00000a90 00000aa0 00000ab0 00000ac0 00000ad0 00000ae0 00000af0
f630: 00000b00 00000b10 00000b20 00000b30 00000b40 00000b50 00000b60 00000b70
f638: 00000b80 00000b90 00000ba0 00000bb0 00000bc0 00000bd0 00000be0 00000bf0
f640: 00000c00 00000c10 00000c20 00000c30 00000c40 00000c50 00000c60 00000c70
f648: 00000c80 00000c90 00000ca0 00000cb0 00000cc0 00000cd0 00000ce0 00000cf0
f650: 00000d00 00000d10 00000d20 00000d30 00000d40 00000d50 00000d60 00000d70
f658: 00000d80 00000d90 00000da0 00000db0 00000dc0 00000dd0 00000de0 00000df0
f660: 00000e00 00000e10 00000e20 00000e30 00000e40 00000e50 00000e60 00000e70
f668: 00000e80 00000e90 00000ea0 00000eb0 00000ec0 00000ed0 00000ee0 00000ef0
f670: 00000f00 00000f10 00000f20 00000f30 00000f40 00000f50 00000f60 00000f70
f678: 00000f80 00000f90 00000fa0 00000fb0 00000fc0 00000fd0 00000fe0 00000ff0
f680: 00000000 00000008 00000010 00000018 00000020 00000028 00000030 00000038
f688: 00000040 00000048 00000050 00000058 00000060 00000068 00000070 00000078
f690: 00000080 00000088 00000090 00000098 000000a0 000000a8 000000b0 000000b8
f698: 000000c0 000000c8 000000d0 000000d8 000000e0 000000e8 000000f0 000000f8
f6a0: 00000100 00000108 00000110 00000118 00000120 00000128 00000130 00000138
f6a8: 00000140 00000148 00000150 00000158 00000160 00000168 00000170 00000178
f6b0: 00000180 00000188 00000190 00000198 000001a0 000001a8 000001b0 000001b8
f6b8: 000001c0 000001c8 000001d0 000001d8 000001e0 000001e8 000001f0 000001f8
f6c0: 00000200 00000208 00000210 00000218 00000220 00000228 00000230 00000238
f6c8: 00000240 00000248 00000250 00000258 00000260 00000268 00000270 00000278
f6d0: 00000280 00000288 00000290 00000298 000002a0 000002a8 000002b0 000002b8
f6d8: 000002c0 000002c8 000002d0 000002d8 000002e0 000002e8 000002f0 000002f8
f6e0: 00000300 00000308 00000310 00000318 00000320 00000328 00000330 00000338
f6e8: 00000340 00000348 00000350 00000358 00000360 00000368 00000370 00000378
f6f0: 00000380 00000388 00000390 00000398 000003a0 000003a8 000003b0 000003b8
f6f8: 000003c0 000003c8 000003d0 000003d8 000003e0 000003e8 000003f0 000003f8
f700: 00000400 00000408 00000410 00000418 00000420 00000428 00000430 00000438
f708: 00000440 00000448 00000450 00000458 00000460 00000468 00000470 00000478
f710: 00000480 00000488 00000490 00000498 000004a0 000004a8 000004b0 000004b8
f718: 000004c0 000004c8 000004d0 000004d8 000004e0 000004e8 000004f0 000004f8
f720: 00000500 00000508 00000510 00000518 00000520 00000528 00000530 00000538
f728: 00000540 00000548 00000550 00000558 00000560 00000568 00000570 00000578
f730: 00000580 00000588 00000590 00000598 000005a0 000005a8 000005b0 000005b8
f738: 000005c0 000005c8 000005d0 000005d8 000005e0 000005e8 000005f0 000005f8
f740: 00000600 00000608 00000610 00000618 00000620 00000628 00000630 00000638
f748: 00000640 00000648 00000650 00000658 00000660 00000668 00000670 00000678
f750: 00000680 00000688 00000690 00000698 000006a0 000006a8 000006b0 000006b8
f758: 000006c0 000006c8 000006d0 000006d8 000006e0 000006e8 000006f0 000006f8
f760: 00000700 00000708 00000710 00000718 00000720 00000728 00000730 00000738
f768: 00000740 00000748 00000750 00000758 00000760 00000768 00000770 00000778
f770: 00000780 00000788 00000790 00000798 000007a0 000007a8 000007b0 000007b8
f778: 000007c0 000007c8 000007d0 000007d8 000007e0 000007e8 000007f0 000007f8
f780: 00000000 00000004 00000008 0000000c 00000010 00000014 00000018 0000001c
f788: 00000020 00000024 00000028 0000002c 00000030 00000034 00000038 0000003c
f790: 00000040 00000044 00000048 0000004c 00000050 00000054 00000058 0000005c
f798: 00000060 00000064 00000068 0000006c 00000070 00000074 00000078 0000007c
f7a0: 00000080 00000084 00000088 0000008c 00000090 00000094 00000098 0000009c
f7a8: 000000a0 000000a4 000000a8 000000ac 000000b0 000000b4 000000b8 000000bc
f7b0: 000000c0 000000c4 000000c8 000000cc 000000d0 000000d4 000000d8 000000dc
f7b8: 000000e0 000000e4 000000e8 000000ec 000000f0 000000f4 000000f8 000000fc
f7c0: 00000100 00000104 00000108 0000010c 00000110 00000114 00000118 0000011c
f7c8: 00000120 00000124 00000128 0000012c 00000130 00000134 00000138 0000013c
f7d0: 00000140 00000144 00000148 0000014c 00000150 00000154 00000158 0000015c
f7d8: 00000160 00000164 00000168 0000016c 00000170 00000174 00000178 0000017c
f7e0: 00000180 00000184 00000188 0000018c 00000190 00000194 00000198 0000019c
f7e8: 000001a0 000001a4 000001a8 000001ac 000001b0 000001b4 000001b8 000001bc
f7f0: 000001c0 000001c4 000001c8 000001cc 000001d0 000001d4 000001d8 000001dc
f7f8: 000001e0 000001e4 000001e8 000001ec 000001f0 000001f4 000001f8 000001fc
f800: 00000200 00000204 00000208 0000020c 00000210 00000214 00000218 0000021c
f808: 00000220 00000224 00000228 0000022c 00000230 00000234 00000238 0000023c
f810: 00000240 00000244 00000248 0000024c 00000250 00000254 00000258 0000025c
f818: 00000260 00000264 00000268 0000026c 00000270 00000274 00000278 0000027c
f820: 00000280 00000284 00000288 0000028c 00000290 00000294 00000298 0000029c
f828: 000002a0 000002a4 000002a8 000002ac 000002b0 000002b4 000002b8 000002bc
f830: 000002c0 000002c4 000002c8 000002cc 000002d0 000002d4 000002d8 000002dc
f838: 000002e0 000002e4 000002e8 000002ec 000002f0 000002f4 000002f8 000002fc
f840: 00000300 00000304 00000308 0000030c 00000310 00000314 00000318 0000031c
f848: 00000320 00000324 00000328 0000032c 00000330 00000334 00000338 0000033c
f850: 00000340 00000344 00000348 0000034c 00000350 00000354 00000358 0000035c
f858: 00000360 00000364 00000368 0000036c 00000370 00000374 00000378 0000037c
f860: 00000380 00000384 00000388 0000038c 00000390 00000394 00000398 0000039c
f868: 000003a0 000003a4 000003a8 000003ac 000003b0 000003b4 000003b8 000003bc
f870: 000003c0 000003c4 000003c8 000003cc 000003d0 000003d4 000003d8 000003dc
f878: 000003e0 000003e4 000003e8 000003ec 000003f0 000003f4 000003f8 000003fc
f880: 00000000 00000002 00000004 00000006 00000008 0000000a 0000000c 0000000e
f888: 00000010 00000012 00000014 00000016 00000018 0000001a 0000001c 0000001e
f890: 00000020 00000022 00000024 00000026 00000028 0000002a 0000002c 0000002e
f898: 00000030 00000032 00000034 00000036 00000038 0000003a 0000003c 0000003e
f8a0: 00000040 00000042 00000044 00000046 00000048 0000004a 0000004c 0000004e
f8a8: 00000050 00000052 00000054 00000056 00000058 0000005a 0000005c 0000005e
f8b0: 00000060 00000062 00000064 00000066 00000068 0000006a 0000006c 0000006e
f8b8: 00000070 00000072 00000074 00000076 00000078 0000007a 0000007c 0000007e
f8c0: 00000080 00000082 00000084 00000086 00000088 0000008a 0000008c 0000008e
f8c8: 00000090 00000092 00000094 00000096 00000098 0000009a 0000009c 0000009e
f8d0: 000000a0 000000a2 000000a4 000000a6 000000a8 000000aa 000000ac 000000ae
f8d8: 000000b0 000000b2 000000b4 000000b6 000000b8 000000ba 000000bc 000000be
f8e0: 000000c0 000000c2 000000c4 000000c6 000000c8 000000ca 000000cc 000000ce
f8e8: 000000d0 000000d2 000000d4 000000d6 000000d8 000000da 000000dc 000000de
f8f0: 000000e0 000000e2 000000e4 000000e6 000000e8 000000ea 000000ec 000000ee
f8f8: 000000f0 000000f2 000000f4 000000f6 000000f8 000000fa 000000fc 000000fe
f900: 00000100 00000102 00000104 00000106 00000108 0000010a 0000010c 0000010e
f908: 00000110 00000112 00000114 00000116 00000118 0000011a 0000011c 0000011e
f910: 00000120 00000122 00000124 00000126 00000128 0000012a 0000012c 0000012e
f918: 00000130 00000132 00000134 00000136 00000138 0000013a 0000013c 0000013e
f920: 00000140 00000142 00000144 00000146 00000148 0000014a 0000014c 0000014e
f928: 00000150 00000152 00000154 00000156 00000158 0000015a 0000015c 0000015e
f930: 00000160 00000162 00000164 00000166 00000168 0000016a 0000016c 0000016e
f938: 00000170 00000172 00000174 00000176 00000178 0000017a 0000017c 0000017e
f940: 00000180 00000182 00000184 00000186 00000188 0000018a 0000018c 0000018e
f948: 00000190 00000192 00000194 00000196 00000198 0000019a 0000019c 0000019e
f950: 000001a0 000001a2 000001a4 000001a6 000001a8 000001aa 000001ac 000001ae
f958: 000001b0 000001b2 000001b4 000001b6 000001b8 000001ba 000001bc 000001be
f960: 000001c0 000001c2 000001c4 000001c6 000001c8 000001ca 000001cc 000001ce
f968: 000001d0 000001d2 000001d4 000001d6 000001d8 000001da 000001dc 000001de
f970: 000001e0 000001e2 000001e4 000001e6 000001e8 000001ea 000001ec 000001ee
f978: 000001f0 000001f2 000001f4 000001f6 000001f8 000001fa 000001fc 000001fe
f980: 00000000 00000001 00000002 00000003 00000004 00000005 00000006 00000007
f988: 00000008 00000009 0000000a 0000000b 0000000c 0000000d 0000000e 0000000f
f990: 00000010 00000011 00000012 00000013 00000014 00000015 00000016 00000017
f998: 00000018 00000019 0000001a 0000001b 0000001c 0000001d 0000001e 0000001f
f9a0: 00000020 00000021 00000022 00000023 00000024 00000025 00000026 00000027
f9a8: 00000028 00000029 0000002a 0000002b 0000002c 0000002d 0000002e 0000002f
f9b0: 00000030 00000031 00000032 00000033 00000034 00000035 00000036 00000037
f9b8: 00000038 00000039 0000003a 0000003b 0000003c 0000003d 0000003e 0000003f
f9c0: 00000040 00000041 00000042 00000043 00000044 00000045 00000046 00000047
f9c8: 00000048 00000049 0000004a 0000004b 0000004c 0000004d 0000004e 0000004f
f9d0: 00000050 00000051 00000052 00000053 00000054 00000055 00000056 00000057
f9d8: 00000058 00000059 0000005a 0000005b 0000005c 0000005d 0000005e 0000005f
f9e0: 00000060 00000061 00000062 00000063 00000064 00000065 00000066 00000067
f9e8: 00000068 00000069 0000006a 0000006b 0000006c 0000006d 0000006e 0000006f
f9f0: 00000070 00000071 00000072 00000073 00000074 00000075 00000076 00000077
f9f8: 00000078 00000079 0000007a 0000007b 0000007c 0000007d 0000007e 0000007f
fa00: 00000080 00000081 00000082 00000083 00000084 00000085 00000086 00000087
fa08: 00000088 00000089 0000008a 0000008b 0000008c 0000008d 0000008e 0000008f
fa10: 00000090 00000091 00000092 00000093 00000094 00000095 00000096 00000097
fa18: 00000098 00000099 0000009a 0000009b 0000009c 0000009d 0000009e 0000009f
fa20: 000000a0 000000a1 000000a2 000000a3 000000a4 000000a5 000000a6 000000a7
fa28: 000000a8 000000a9 000000aa 000000ab 000000ac 000000ad 000000ae 000000af
fa30: 000000b0 000000b1 000000b2 000000b3 000000b4 000000b5 000000b6 000000b7
fa38: 000000b8 000000b9 000000ba 000000bb 000000bc 000000bd 000000be 000000bf
fa40: 000000c0 000000c1 000000c2 000000c3 000000c4 000000c5 000000c6 000000c7
fa48: 000000c8 000000c9 000000ca 000000cb 000000cc 000000cd 000000ce 000000cf
fa50: 000000d0 000000d1 000000d2 000000d3 000000d4 000000d5 000000d6 000000d7
fa58: 000000d8 000000d9 000000da 000000db 000000dc 000000dd 000000de 000000df
fa60: 000000e0 000000e1 000000e2 000000e3 000000e4 000000e5 000000e6 000000e7
fa68: 000000e8 000000e9 000000ea 000000eb 000000ec 000000ed 000000ee 000000ef
fa70: 000000f0 000000f1 000000f2 000000f3 000000f4 000000f5 000000f6 000000f7
fa78: 000000f8 000000f9 000000fa 000000fb 000000fc 000000fd 000000fe 000000ff
fa80: 00000000 00000000 00000001 00000001 00000002 00000002 00000003 00000003
fa88: 00000004 00000004 00000005 00000005 00000006 00000006 00000007 00000007
fa90: 00000008 00000008 00000009 00000009 0000000a 0000000a 0000000b 0000000b
fa98: 0000000c 0000000c 0000000d 0000000d 0000000e 0000000e 0000000f 0000000f
faa0: 00000010 00000010 00000011 00000011 00000012 00000012 00000013 00000013
faa8: 00000014 00000014 00000015 00000015 00000016 00000016 00000017 00000017
fab0: 00000018 00000018 00000019 00000019 0000001a 0000001a 0000001b 0000001b
fab8: 0000001c 0000001c 0000001d 0000001d 0000001e 0000001e 0000001f 0000001f
fac0: 00000020 00000020 00000021 00000021 00000022 00000022 00000023 00000023
fac8: 00000024 00000024 00000025 00000025 00000026 00000026 00000027 00000027
fad0: 00000028 00000028 00000029 00000029 0000002a 0000002a 0000002b 0000002b
fad8: 0000002c 0000002c 0000002d 0000002d 0000002e 0000002e 0000002f 0000002f
fae0: 00000030 00000030 00000031 00000031 00000032 00000032 00000033 00000033
fae8: 00000034 00000034 00000035 00000035 00000036 00000036 00000037 00000037
faf0: 00000038 00000038 00000039 00000039 0000003a 0000003a 0000003b 0000003b
faf8: 0000003c 0000003c 0000003d 0000003d 0000003e 0000003e 0000003f 0000003f
fb00: 00000040 00000040 00000041 00000041 00000042 00000042 00000043 00000043
fb08: 00000044 00000044 00000045 00000045 00000046 00000046 00000047 00000047
fb10: 00000048 00000048 00000049 00000049 0000004a 0000004a 0000004b 0000004b
fb18: 0000004c 0000004c 0000004d 0000004d 0000004e 0000004e 0000004f 0000004f
fb20: 00000050 00000050 00000051 00000051 00000052 00000052 00000053 00000053
fb28: 00000054 00000054 00000055 00000055 00000056 00000056 00000057 00000057
fb30: 00000058 00000058 00000059 00000059 0000005a 0000005a 0000005b 0000005b
fb38: 0000005c 0000005c 0000005d 0000005d 0000005e 0000005e 0000005f 0000005f
fb40: 00000060 00000060 00000061 00000061 00000062 00000062 00000063 00000063
fb48: 00000064 00000064 00000065 00000065 00000066 00000066 00000067 00000067
fb50: 00000068 00000068 00000069 00000069 0000006a 0000006a 0000006b 0000006b
fb58: 0000006c 0000006c 0000006d 0000006d 0000006e 0000006e 0000006f 0000006f
fb60: 00000070 00000070 00000071 00000071 00000072 00000072 00000073 00000073
fb68: 00000074 00000074 00000075 00000075 00000076 00000076 00000077 00000077
fb70: 00000078 00000078 00000079 00000079 0000007a 0000007a 0000007b 0000007b
fb78: 0000007c 0000007c 0000007d 0000007d 0000007e 0000007e 0000007f 0000007f
fb80: 00000000 00000000 00000000 00000000 00000001 00000001 00000001 00000001
fb88: 00000002 00000002 00000002 00000002 00000003 00000003 00000003 00000003
fb90: 00000004 00000004 00000004 00000004 00000005 00000005 00000005 00000005
fb98: 00000006 00000006 00000006 00000006 00000007 00000007 00000007 00000007
fba0: 00000008 00000008 00000008 00000008 00000009 00000009 00000009 00000009
fba8: 0000000a 0000000a 0000000a 0000000a 0000000b 0000000b 0000000b 0000000b
fbb0: 0000000c 0000000c 0000000c 0000000c 0000000d 0000000d 0000000d 0000000d
fbb8: 0000000e 0000000e 0000000e 0000000e 0000000f 0000000f 0000000f 0000000f
fbc0: 00000010 00000010 00000010 00000010 00000011 00000011 00000011 00000011
fbc8: 00000012 00000012 00000012 00000012 00000013 00000013 00000013 00000013
fbd0: 00000014 00000014 00000014 00000014 00000015 00000015 00000015 00000015
fbd8: 00000016 00000016 00000016 00000016 00000017 00000017 00000017 00000017
fbe0: 00000018 00000018 00000018 00000018 00000019 00000019 00000019 00000019
fbe8: 0000001a 0000001a 0000001a 0000001a 0000001b 0000001b 0000001b 0000001b
fbf0: 0000001c 0000001c 0000001c 0000001c 0000001d 0000001d 0000001d 0000001d
fbf8: 0000001e 0000001e 0000001e 0000001e 0000001f 0000001f 0000001f 0000001f
fc00: 00000020 00000020 00000020 00000020 00000021 00000021 00000021 00000021
fc08: 00000022 00000022 00000022 00000022 00000023 00000023 00000023 00000023
fc10: 00000024 00000024 00000024 00000024 00000025 00000025 00000025 00000025
fc18: 00000026 00000026 00000026 00000026 00000027 00000027 00000027 00000027
fc20: 00000028 00000028 00000028 00000028 00000029 00000029 00000029 00000029
fc28: 0000002a 0000002a 0000002a 0000002a 0000002b 0000002b 0000002b 0000002b
fc30: 0000002c 0000002c 0000002c 0000002c 0000002d 0000002d 0000002d 0000002d
fc38: 0000002e 0000002e 0000002e 0000002e 0000002f 0000002f 0000002f 0000002f
fc40: 00000030 00000030 00000030 00000030 00000031 00000031 00000031 00000031
fc48: 00000032 00000032 00000032 00000032 00000033 00000033 00000033 00000033
fc50: 00000034 00000034 00000034 00000034 00000035 00000035 00000035 00000035
fc58: 00000036 00000036 00000036 00000036 00000037 00000037 00000037 00000037
fc60: 00000038 00000038 00000038 00000038 00000039 00000039 00000039 00000039
fc68: 0000003a 0000003a 0000003a 0000003a 0000003b 0000003b 0000003b 0000003b
fc70: 0000003c 0000003c 0000003c 0000003c 0000003d 0000003d 0000003d 0000003d
fc78: 0000003e 0000003e 0000003e 0000003e 0000003f 0000003f 0000003f 0000003f
fc80: 00000000 00000000 00000000 00000000 00000000 00000000 00000000 00000000
fc88: 00000001 00000001 00000001 00000001 00000001 00000001 00000001 00000001
fc90: 00000002 00000002 00000002 00000002 00000002 00000002 00000002 00000002
fc98: 00000003 00000003 00000003 00000003 00000003 00000003 00000003 00000003
fca0: 00000004 00000004 00000004 00000004 00000004 00000004 00000004 00000004
fca8: 00000005 00000005 00000005 00000005 00000005 00000005 00000005 00000005
fcb0: 00000006 00000006 00000006 00000006 00000006 00000006 00000006 00000006
fcb8: 00000007 00000007 00000007 00000007 00000007 00000007 00000007 00000007
fcc0: 00000008 00000008 00000008 00000008 00000008 00000008 00000008 00000008
fcc8: 00000009 00000009 00000009 00000009 00000009 00000009 00000009 00000009
fcd0: 0000000a 0000000a 0000000a 0000000a 0000000a 0000000a 0000000a 0000000a
fcd8: 0000000b 0000000b 0000000b 0000000b 0000000b 0000000b 0000000b 0000000b
fce0: 0000000c 0000000c 0000000c 0000000c 0000000c 0000000c 0000000c 0000000c
fce8: 0000000d 0000000d 0000000d 0000000d 0000000d 0000000d 0000000d 0000000d
fcf0: 0000000e 0000000e 0000000e 0000000e 0000000e 0000000e 0000000e 0000000e
fcf8: 0000000f 0000000f 0000000f 0000000f 0000000f 0000000f 0000000f 0000000f
fd00: 00000010 00000010 00000010 00000010 00000010 00000010 00000010 00000010
fd08: 00000011 00000011 00000011 00000011 00000011 00000011 00000011 00000011
fd10: 00000012 00000012 00000012 00000012 00000012 00000012 00000012 00000012
fd18: 00000013 00000013 00000013 00000013 00000013 00000013 00000013 00000013
fd20: 00000014 00000014 00000014 00000014 00000014 00000014 00000014 00000014
fd28: 00000015 00000015 00000015 00000015 00000015 00000015 00000015 00000015
fd30: 00000016 00000016 00000016 00000016 00000016 00000016 00000016 00000016
fd38: 00000017 00000017 00000017 00000017 00000017 00000017 00000017 00000017
fd40: 00000018 00000018 00000018 00000018 00000018 00000018 00000018 00000018
fd48: 00000019 00000019 00000019 00000019 00000019 00000019 00000019 00000019
fd50: 0000001a 0000001a 0000001a 0000001a 0000001a 0000001a 0000001a 0000001a
fd58: 0000001b 0000001b 0000001b 0000001b 0000001b 0000001b 0000001b 0000001b
fd60: 0000001c 0000001c 0000001c 0000001c 0000001c 0000001c 0000001c 0000001c
fd68: 0000001d 0000001d 0000001d 0000001d 0000001d 0000001d 0000001d 0000001d
fd70: 0000001e 0000001e 0000001e 0000001e 0000001e 0000001e 0000001e 0000001e
fd78: 0000001f 0000001f 0000001f 0000001f 0000001f 0000001f 0000001f 0000001f
fd80: 00000000 00000000 00000000 00000000 00000000 00000000 00000000 00000000
fd88: 00000000 00000000 00000000 00000000 00000000 00000000 00000000 00000000
fd90: 00000001 00000001 00000001 00000001 00000001 00000001 00000001 00000001
fd98: 00000001 00000001 00000001 00000001 00000001 00000001 00000001 00000001
fda0: 00000002 00000002 00000002 00000002 00000002 00000002 00000002 00000002
fda8: 00000002 00000002 00000002 00000002 00000002 00000002 00000002 00000002
fdb0: 00000003 00000003 00000003 00000003 00000003 00000003 00000003 00000003
fdb8: 00000003 00000003 00000003 00000003 00000003 00000003 00000003 00000003
fdc0: 00000004 00000004 00000004 00000004 00000004 00000004 00000004 00000004
fdc8: 00000004 00000004 00000004 00000004 00000004 00000004 00000004 00000004
fdd0: 00000005 00000005 00000005 00000005 00000005 00000005 00000005 00000005
fdd8: 00000005 00000005 00000005 00000005 00000005 00000005 00000005 00000005
fde0: 00000006 00000006 00000006 00000006 00000006 00000006 00000006 00000006
fde8: 00000006 00000006 00000006 00000006 00000006 00000006 00000006 00000006
fdf0: 00000007 00000007 00000007 00000007 00000007 00000007 00000007 00000007
fdf8: 00000007 00000007 00000007 00000007 00000007 00000007 00000007 00000007
fe00: 00000008 00000008 00000008 00000008 00000008 00000008 00000008 00000008
fe08: 00000008 00000008 00000008 00000008 00000008 00000008 00000008 00000008
fe10: 00000009 00000009 00000009 00000009 00000009 00000009 00000009 00000009
fe18: 00000009 00000009 00000009 00000009 00000009 00000009 00000009 00000009
fe20: 0000000a 0000000a 0000000a 0000000a 0000000a 0000000a 0000000a 0000000a
fe28: 0000000a 0000000a 0000000a 0000000a 0000000a 0000000a 0000000a 0000000a
fe30: 0000000b 0000000b 0000000b 0000000b 0000000b 0000000b 0000000b 0000000b
fe38: 0000000b 0000000b 0000000b 0000000b 0000000b 0000000b 0000000b 0000000b
fe40: 0000000c 0000000c 0000000c 0000000c 0000000c 0000000c 0000000c 0000000c
fe48: 0000000c 0000000c 0000000c 0000000c 0000000c 0000000c 0000000c 0000000c
fe50: 0000000d 0000000d 0000000d 0000000d 0000000d 0000000d 0000000d 0000000d
fe58: 0000000d 0000000d 0000000d 0000000d 0000000d 0000000d 0000000d 0000000d
fe60: 0000000e 0000000e 0000000e 0000000e 0000000e 0000000e 0000000e 0000000e
fe68: 0000000e 0000000e 0000000e 0000000e 0000000e 0000000e 0000000e 0000000e
fe70: 0000000f 0000000f 0000000f 0000000f 0000000f 0000000f 0000000f 0000000f
fe78: 0000000f 0000000f 0000000f 0000000f 0000000f 0000000f 0000000f 0000000f
fe80: 00000000 00000000 00000000 00000000 00000000 00000000 00000000 00000000
fe88: 00000000 00000000 00000000 00000000 00000000 00000000 00000000 00000000
fe90: 00000000 00000000 00000000 00000000 00000000 00000000 00000000 00000000
fe98: 00000000 00000000 00000000 00000000 00000000 00000000 00000000 00000000
fea0: 00000001 00000001 00000001 00000001 00000001 00000001 00000001 00000001
fea8: 00000001 00000001 00000001 00000001 00000001 00000001 00000001 00000001
feb0: 00000001 00000001 00000001 00000001 00000001 00000001 00000001 00000001
feb8: 00000001 00000001 00000001 00000001 00000001 00000001 00000001 00000001
fec0: 00000002 00000002 00000002 00000002 00000002 00000002 00000002 00000002
fec8: 00000002 00000002 00000002 00000002 00000002 00000002 00000002 00000002
fed0: 00000002 00000002 00000002 00000002 00000002 00000002 00000002 00000002
fed8: 00000002 00000002 00000002 00000002 00000002 00000002 00000002 00000002
fee0: 00000003 00000003 00000003 00000003 00000003 00000003 00000003 00000003
fee8: 00000003 00000003 00000003 00000003 00000003 00000003 00000003 00000003
fef0: 00000003 00000003 00000003 00000003 00000003 00000003 00000003 00000003
fef8: 00000003 00000003 00000003 00000003 00000003 00000003 00000003 00000003
ff00: 00000004 00000004 00000004 00000004 00000004 00000004 00000004 00000004
ff08: 00000004 00000004 00000004 00000004 00000004 00000004 00000004 00000004
ff10: 00000004 00000004 00000004 00000004 00000004 00000004 00000004 00000004
ff18: 00000004 00000004 00000004 00000004 00000004 00000004 00000004 00000004
ff20: 00000005 00000005 00000005 00000005 00000005 00000005 00000005 00000005
ff28: 00000005 00000005 00000005 00000005 00000005 00000005 00000005 00000005
ff30: 00000005 00000005 00000005 00000005 00000005 00000005 00000005 00000005
ff38: 00000005 00000005 00000005 00000005 00000005 00000005 00000005 00000005
ff40: 00000006 00000006 00000006 00000006 00000006 00000006 00000006 00000006
ff48: 00000006 00000006 00000006 00000006 00000006 00000006 00000006 00000006
ff50: 00000006 00000006 00000006 00000006 00000006 00000006 00000006 00000006
ff58: 00000006 00000006 00000006 00000006 00000006 00000006 00000006 00000006
ff60: 00000007 00000007 00000007 00000007 00000007 00000007 00000007 00000007
ff68: 00000007 00000007 00000007 00000007 00000007 00000007 00000007 00000007
ff70: 00000007 00000007 00000007 00000007 00000007 00000007 00000007 00000007
ff78: 00000007 00000007 00000007 00000007 00000007 00000007 00000007 00000007
ff80: 00000000 00000000 00000000 00000000 00000000 00000000 00000000 00000000
ff88: 00000000 00000000 00000000 00000000 00000000 00000000 00000000 00000000
ff90: 00000000 00000000 00000000 00000000 00000000 00000000 00000000 00000000
ff98: 00000000 00000000 00000000 00000000 00000000 00000000 00000000 00000000
ffa0: 00000000 00000000 00000000 00000000 00000000 00000000 00000000 00000000
ffa8: 00000000 00000000 00000000 00000000 00000000 00000000 00000000 00000000
ffb0: 00000000 00000000 00000000 00000000 00000000 00000000 00000000 00000000
ffb8: 00000000 00000000 00000000 00000000 00000000 00000000 00000000 00000000
ffc0: 00000001 00000001 00000001 00000001 00000001 00000001 00000001 00000001
ffc8: 00000001 00000001 00000001 00000001 00000001 00000001 00000001 00000001
ffd0: 00000001 00000001 00000001 00000001 00000001 00000001 00000001 00000001
ffd8: 00000001 00000001 00000001 00000001 00000001 00000001 00000001 00000001
ffe0: 00000001 00000001 00000001 00000001 00000001 00000001 00000001 00000001
ffe8: 00000001 00000001 00000001 00000001 00000001 00000001 00000001 00000001
fff0: 00000001 00000001 00000001 00000001 00000001 00000001 00000001 00000001
fff8: 00000001 00000001 00000001 00000001 00000001 00000001 00000001 00000001
